gallery_slug,photo_name,photo_slug,source_filename,source_path,full_description,date_or_century,location,material,dimensions,museum_or_collection,institution_or_owner,accession_number,sort_order,parse_method,parse_warning,image_url,destination_url,alt_text,caption,open_in_new_tab,original_image_url,original_destination_url,original_filename
heavenly-host-on-earth,SAN MIGUEL IMAGE,heavenly-host-on-earth-san-miguel-image,008-DSC00186-scaled.jpg,../tod-gallery-images/heavenly-host-on-earth/008-DSC00186-scaled.jpg,"SAN MIGUEL IMAGE

ivory and wood

Height: 30cm

Archdiocesan Shrine of San Miguel Arcangel

Argao, Cebu

Accession no. APM-RO-SV-009",,"Argao, Cebu",ivory and wood,Height: 30cm,,Archdiocesan Shrine of San Miguel Arcangel,APM-RO-SV-009,1,parent_anchor_img+child_elementor_text_editor+attachment_metadata+label-and-pattern,,https://thekabilincenter.org/wp-content/uploads/2023/10/DSC00186-scaled.jpg,https://thekabilincenter.org/san-miguel-image/,SAN MIGUEL IMAGE,,true,https://thekabilincenter.org/wp-content/uploads/2023/10/DSC00186-768x1369.jpg,https://thekabilincenter.org/san-miguel-image/,DSC00186-768x1369.jpg
heavenly-host-on-earth,SAINT MICHAEL THE ARCHANGEL,heavenly-host-on-earth-saint-michael-the-archangele,009-DSC00967-scaled.jpg,../tod-gallery-images/heavenly-host-on-earth/009-DSC00967-scaled.jpg,"SAINT MICHAEL THE ARCHANGEL

Saint Michael Height: : 96.52cm

Archdiocesan Museum of Cebu

Cebu City

Accession no. AMC-RO-S-019",,Cebu City,,Saint Michael Height: : 96.52cm,Archdiocesan Museum of Cebu,,AMC-RO-S-019,2,parent_anchor_img+child_elementor_text_editor+attachment_metadata+label-and-pattern,,https://thekabilincenter.org/wp-content/uploads/2023/10/DSC00976-scaled.jpg,https://thekabilincenter.org/saint-michael-the-archangele/,SAINT MICHAEL THE ARCHANGEL,,true,https://thekabilincenter.org/wp-content/uploads/2023/10/DSC00967-768x1369.jpg,https://thekabilincenter.org/saint-michael-the-archangele/,DSC00967-768x1369.jpg
heavenly-host-on-earth,SAINT MICHAEL THE ARCHANGEL,heavenly-host-on-earth-saint-michael-the-archangel,010-DSC01148-scaled.jpg,../tod-gallery-images/heavenly-host-on-earth/010-DSC01148-scaled.jpg,"SAINT MICHAEL THE ARCHANGEL

Polychromed wood; metal helmet, shield & sword

Height: 62cm

Archdiocesan Shrine of San Miguel Arcangel

Argao, Cebu

Accession no. APM-RO-SV-070",,"Argao, Cebu","Polychromed wood; metal helmet, shield & sword",Height: 62cm,,Archdiocesan Shrine of San Miguel Arcangel,APM-RO-SV-070,3,parent_anchor_img+child_elementor_text_editor+attachment_metadata+label-and-pattern,,https://thekabilincenter.org/wp-content/uploads/2023/10/DSC01152-scaled.jpg,https://thekabilincenter.org/saint-michael-the-archangel/,SAINT MICHAEL THE ARCHANGEL,,true,https://thekabilincenter.org/wp-content/uploads/2023/10/DSC01148-768x1369.jpg,https://thekabilincenter.org/saint-michael-the-archangel/,DSC01148-768x1369.jpg
heavenly-host-on-earth,SAINT MICHAEL THE ARCHANGEL,heavenly-host-on-earth-saint-michael-the-archangel-2,011-DSC02122-2-1-scaled.jpg,../tod-gallery-images/heavenly-host-on-earth/011-DSC02122-2-1-scaled.jpg,"SAINT MICHAEL THE ARCHANGEL

Glass eyes

Height: 98cm

Saint Michael the Archangel Parish Church

Samboan , Cebu

Accession no. SIMPS-RO-SV-012",,"Samboan , Cebu",Glass eyes,Height: 98cm,,Saint Michael the Archangel Parish Church,SIMPS-RO-SV-012,4,parent_anchor_img+child_elementor_text_editor+attachment_metadata+label-and-pattern,,https://thekabilincenter.org/wp-content/uploads/2023/10/DSC02133-scaled.jpg,https://thekabilincenter.org/saint-michael-the-archangel-2/,SAINT MICHAEL THE ARCHANGEL,,true,https://thekabilincenter.org/wp-content/uploads/2023/10/DSC02122-2-1-768x1369.jpg,https://thekabilincenter.org/saint-michael-the-archangel-2/,DSC02122-2-1-768x1369.jpg
heavenly-host-on-earth,SAINT MICHAEL,heavenly-host-on-earth-saint-michael,017-DSC00234-scaled.jpg,../tod-gallery-images/heavenly-host-on-earth/017-DSC00234-scaled.jpg,"SAINT MICHAEL

De bulto

Polychromed wood with metallic monstrance and sword, verdun ring

Height: 222cm

Archdiocesan Shrine of San Miguel Arcangel

Argao, Cebu

Accession no. APM-RO-SV-021",,"Argao, Cebu","De bulto

Polychromed wood with metallic monstrance and sword, verdun ring",Height: 222cm,,Archdiocesan Shrine of San Miguel Arcangel,APM-RO-SV-021,5,parent_anchor_img+child_elementor_text_editor+attachment_metadata+label-and-pattern,,https://thekabilincenter.org/wp-content/uploads/2023/10/DSC00234-scaled.jpg,https://thekabilincenter.org/saint-michael/,SAINT MICHAEL,,true,https://thekabilincenter.org/wp-content/uploads/2023/10/DSC00234-768x1369.jpg,https://thekabilincenter.org/saint-michael/,DSC00234-768x1369.jpg
heavenly-host-on-earth,SAINT GABRIEL ARCHANGEL,heavenly-host-on-earth-saint-gabriel-archangel,018-DSC01700-scaled.jpg,../tod-gallery-images/heavenly-host-on-earth/018-DSC01700-scaled.jpg,"SAINT GABRIEL ARCHANGEL

Wood sculpture, glass eyes

Height:75cm

Saint Michael the Archangel Parish Church

Samboan , Cebu

Accession no. SMPS-RO-SV-003",,"Samboan , Cebu","Wood sculpture, glass eyes",Height:75cm,,Saint Michael the Archangel Parish Church,SMPS-RO-SV-003,6,parent_anchor_img+child_elementor_text_editor+attachment_metadata+label-and-pattern,,https://thekabilincenter.org/wp-content/uploads/2023/10/DSC01719-2-scaled.jpg,https://thekabilincenter.org/saint-gabriel-archangel/,SAINT GABRIEL ARCHANGEL,,true,https://thekabilincenter.org/wp-content/uploads/2023/10/DSC01700-768x1369.jpg,https://thekabilincenter.org/saint-gabriel-archangel/,DSC01700-768x1369.jpg
heavenly-host-on-earth,SAN GABRIEL,heavenly-host-on-earth-san-gabriel,019-1-DSC01341-scaled.jpg,../tod-gallery-images/heavenly-host-on-earth/019-1-DSC01341-scaled.jpg,"SAN GABRIEL

glass eyes, repainted with enamel

Height: 137cm

Saint Gabriel the Archangel Parish Church

Santander, Cebu

Accession no. SGA-S-RO-SV-003",,"Santander, Cebu","glass eyes, repainted with enamel",Height: 137cm,,Saint Gabriel the Archangel Parish Church,SGA-S-RO-SV-003,7,parent_anchor_img+child_elementor_text_editor+attachment_metadata+label-and-pattern,,https://thekabilincenter.org/wp-content/uploads/2023/10/DSC01329-scaled.jpg,https://thekabilincenter.org/san-gabriel/,SAN GABRIEL,,true,https://thekabilincenter.org/wp-content/uploads/2023/10/1-DSC01341-768x1369.jpg,https://thekabilincenter.org/san-gabriel/,1-DSC01341-768x1369.jpg
heavenly-host-on-earth,SAN GABRIEL,heavenly-host-on-earth-san-gabriel-2,020-DSC00227-scaled.jpg,../tod-gallery-images/heavenly-host-on-earth/020-DSC00227-scaled.jpg,"SAN GABRIEL

De bulto

Height: 180cm

Archdiocesan Shrine of San Miguel Arcangel

Argao, Cebu

Accession no. APM-RO-SV-020",,"Argao, Cebu",De bulto,Height: 180cm,,Archdiocesan Shrine of San Miguel Arcangel,APM-RO-SV-020,8,parent_anchor_img+child_elementor_text_editor+attachment_metadata+label-and-pattern,,https://thekabilincenter.org/wp-content/uploads/2023/10/DSC00279-scaled.jpg,https://thekabilincenter.org/san-gabriel-2/,SAN GABRIEL,,true,https://thekabilincenter.org/wp-content/uploads/2023/10/DSC00227-768x1369.jpg,https://thekabilincenter.org/san-gabriel-2/,DSC00227-768x1369.jpg
heavenly-host-on-earth,SAINT RAPHAEL THE ARCHANGEL,heavenly-host-on-earth-saint-raphael-the-archangel,021-DSC01740-2-scaled.jpg,../tod-gallery-images/heavenly-host-on-earth/021-DSC01740-2-scaled.jpg,"SAINT RAPHAEL THE ARCHANGEL

Located at the altar

Wood sculpture, glass eyes

Height: 70cm

Saint Michael the Archangel Parish Church

Samboan , Cebu

Accession no. SMPS-RO-SV-002",,"Samboan , Cebu","Wood sculpture, glass eyes",Height: 70cm,,Saint Michael the Archangel Parish Church,SMPS-RO-SV-002,9,parent_anchor_img+child_elementor_text_editor+attachment_metadata+label-and-pattern,Unresolved description block(s): Located at the altar,https://thekabilincenter.org/wp-content/uploads/2023/10/DSC01748-scaled.jpg,https://thekabilincenter.org/saint-raphael-the-archangel/,SAINT RAPHAEL THE ARCHANGEL,,true,https://thekabilincenter.org/wp-content/uploads/2023/10/DSC01740-2-768x1369.jpg,https://thekabilincenter.org/saint-raphael-the-archangel/,DSC01740-2-768x1369.jpg
heavenly-host-on-earth,SAN RAFAEL,heavenly-host-on-earth-san-rafael,022-DSC00247-scaled.jpg,../tod-gallery-images/heavenly-host-on-earth/022-DSC00247-scaled.jpg,"SAN RAFAEL

De bulto

polychromed wood

Height: 197cm

Archdiocesan Shrine of San Miguel Arcangel

Argao, Cebu

Accession no. APM-RO-SV-022",,"Argao, Cebu","De bulto

polychromed wood",Height: 197cm,,Archdiocesan Shrine of San Miguel Arcangel,APM-RO-SV-022,10,parent_anchor_img+child_elementor_text_editor+attachment_metadata+label-and-pattern,,https://thekabilincenter.org/wp-content/uploads/2023/10/DSC00263-scaled.jpg,https://thekabilincenter.org/san-rafael/,SAN RAFAEL,,true,https://thekabilincenter.org/wp-content/uploads/2023/10/DSC00247-768x1369.jpg,https://thekabilincenter.org/san-rafael/,DSC00247-768x1369.jpg
heavenly-host-on-earth,PAIR OF ANGEL WITH ELECTRIC LAMPS,heavenly-host-on-earth-pair-of-angel-with-electric-lamps,023-DSC01679-2-scaled.jpg,../tod-gallery-images/heavenly-host-on-earth/023-DSC01679-2-scaled.jpg,"PAIR OF ANGEL WITH ELECTRIC LAMPS

Wood with electric bulbs and wirings

Height: 135cm

San Nicolas de Tolentino Parish Church

Cebu City

Accession no. SNP-RO-SV-010",,Cebu City,Wood with electric bulbs and wirings,Height: 135cm,,San Nicolas de Tolentino Parish Church,SNP-RO-SV-010,11,parent_anchor_img+child_elementor_text_editor+attachment_metadata+label-and-pattern,,https://thekabilincenter.org/wp-content/uploads/2023/10/DSC01684-2-scaled.jpg,https://thekabilincenter.org/pair-of-angel-with-electric-lamps/,PAIR OF ANGEL WITH ELECTRIC LAMPS,,true,https://thekabilincenter.org/wp-content/uploads/2023/10/DSC01679-2-768x1369.jpg,https://thekabilincenter.org/pair-of-angel-with-electric-lamps/,DSC01679-2-768x1369.jpg
heavenly-host-on-earth,PAIR OF ANGELS IN BLUE AND PINK ROBES,heavenly-host-on-earth-pair-of-angels-in-blue-and-pink-robes,029-DSC01331-scaled.jpg,../tod-gallery-images/heavenly-host-on-earth/029-DSC01331-scaled.jpg,"PAIR OF ANGELS IN BLUE AND PINK ROBES

Height: 150cm

Archdiocesan Shrine of San Vicente Ferrer

Bogo City, Cebu",,"Bogo City, Cebu",,Height: 150cm,,Archdiocesan Shrine of San Vicente Ferrer,,12,parent_anchor_img+child_elementor_text_editor+attachment_metadata+label-and-pattern,,https://thekabilincenter.org/wp-content/uploads/2023/10/DSC01339-scaled.jpg,https://thekabilincenter.org/pair-of-angels-in-blue-and-pink-robes/,PAIR OF ANGELS IN BLUE AND PINK ROBES,,true,https://thekabilincenter.org/wp-content/uploads/2023/10/DSC01331-768x1368.jpg,https://thekabilincenter.org/pair-of-angels-in-blue-and-pink-robes/,DSC01331-768x1368.jpg
holy-men-and-women-of-god,SAINT RAYMOND NONMATUR,holy-men-and-women-of-god-saint-raymond-nonmatur,003-DSC00053-scaled.jpg,../tod-gallery-images/holy-men-and-women-of-god/003-DSC00053-scaled.jpg,"SAINT RAYMOND NONMATUR

De bulto, polychromed wood, glass eyes

Height (with base): 111.76cm

Archdiocesan Museum of Cebu

Cebu City

Accession no. AMC-RO-S-001",,Cebu City,"De bulto, polychromed wood, glass eyes",Height (with base): 111.76cm,Archdiocesan Museum of Cebu,,AMC-RO-S-001,1,parent_anchor_img+child_elementor_text_editor+attachment_metadata+label-and-pattern,,https://thekabilincenter.org/wp-content/uploads/2023/10/DSC00078-scaled.jpg,https://thekabilincenter.org/saint-raymond-nonmatur/,SAINT RAYMOND NONMATUR,,true,https://thekabilincenter.org/wp-content/uploads/2023/10/DSC00053-768x1369.jpg,https://thekabilincenter.org/saint-raymond-nonmatur/,DSC00053-768x1369.jpg
holy-men-and-women-of-god,SAINT NICHOLAS OF TOLENTINO,holy-men-and-women-of-god-saint-nicholas-of-tolentino,004-DSC00105-scaled.jpg,../tod-gallery-images/holy-men-and-women-of-god/004-DSC00105-scaled.jpg,"SAINT NICHOLAS OF TOLENTINO

Glass eyes

Height (with base): 78.74cm

Archdiocesan Museum of Cebu

Cebu City

Accession no. AMC-RO-S-002",,Cebu City,Glass eyes,Height (with base): 78.74cm,Archdiocesan Museum of Cebu,,AMC-RO-S-002,2,parent_anchor_img+child_elementor_text_editor+attachment_metadata+label-and-pattern,,https://thekabilincenter.org/wp-content/uploads/2023/10/DSC00127-scaled.jpg,https://thekabilincenter.org/saint-nicholas-of-tolentino/,SAINT NICHOLAS OF TOLENTINO,,true,https://thekabilincenter.org/wp-content/uploads/2023/10/DSC00105-768x1369.jpg,https://thekabilincenter.org/saint-nicholas-of-tolentino/,DSC00105-768x1369.jpg
holy-men-and-women-of-god,SAINT AUGUSTINE,holy-men-and-women-of-god-saint-augustine,005-DSC00324-scaled.jpg,../tod-gallery-images/holy-men-and-women-of-god/005-DSC00324-scaled.jpg,"SAINT AUGUSTINE

FROM SAINT JOSEPH THE PATRIARCH PARISH, MABOLO, CEBU CITY

Polychromed wood

Height (with base): 129.54cm

Archdiocesan Museum of Cebu

Cebu City

Accession no. AMC-RO-S-010",,Cebu City,Polychromed wood,Height (with base): 129.54cm,Archdiocesan Museum of Cebu,"FROM SAINT JOSEPH THE PATRIARCH PARISH, MABOLO, CEBU CITY",AMC-RO-S-010,3,parent_anchor_img+child_elementor_text_editor+attachment_metadata+label-and-pattern,,https://thekabilincenter.org/wp-content/uploads/2023/10/DSC00324-1-scaled.jpg,https://thekabilincenter.org/saint-augustine/,SAINT AUGUSTINE,,true,https://thekabilincenter.org/wp-content/uploads/2023/10/DSC00324-768x1369.jpg,https://thekabilincenter.org/saint-augustine/,DSC00324-768x1369.jpg
holy-men-and-women-of-god,SAINT ANTHONY OF PADUA,holy-men-and-women-of-god-saint-anthony-of-padua,006-DSC00568-scaled.jpg,../tod-gallery-images/holy-men-and-women-of-god/006-DSC00568-scaled.jpg,"SAINT ANTHONY OF PADUA

FROM SAN GUILLERMO DE AQUITAÑA PARISH, DALAGUETE, CEBU

De bulto , polychromed wood, glass eyes

Height: 11.684cm

Archdiocesan Museum of Cebu

Cebu City

Accession no. AMC-RO-S-012",,Cebu City,"De bulto , polychromed wood, glass eyes",Height: 11.684cm,Archdiocesan Museum of Cebu,"FROM SAN GUILLERMO DE AQUITAÑA PARISH, DALAGUETE, CEBU",AMC-RO-S-012,4,parent_anchor_img+child_elementor_text_editor+attachment_metadata+label-and-pattern,,https://thekabilincenter.org/wp-content/uploads/2023/10/DSC00579-scaled.jpg,https://thekabilincenter.org/saint-anthony-of-padua/,SAINT ANTHONY OF PADUA,,true,https://thekabilincenter.org/wp-content/uploads/2023/10/DSC00568-768x1369.jpg,https://thekabilincenter.org/saint-anthony-of-padua/,DSC00568-768x1369.jpg
holy-men-and-women-of-god,SAINT JOHN SAHAGUN,holy-men-and-women-of-god-saint-john-sahagun,007-DSC00601-scaled.jpg,../tod-gallery-images/holy-men-and-women-of-god/007-DSC00601-scaled.jpg,"SAINT JOHN SAHAGUN

FROM SAINT FRANCIS OF ASSISI PARISH, NAGA, CEBU

De bulto , polychromed wood, glass eyes

Archdiocesan Museum of Cebu

Cebu City

Accession no. AMC-RO-S-007",,Cebu City,"De bulto , polychromed wood, glass eyes",,Archdiocesan Museum of Cebu,"FROM SAINT FRANCIS OF ASSISI PARISH, NAGA, CEBU",AMC-RO-S-007,5,parent_anchor_img+child_elementor_text_editor+attachment_metadata+label-and-pattern,,https://thekabilincenter.org/wp-content/uploads/2023/10/DSC00618-scaled.jpg,https://thekabilincenter.org/saint-john-sahagun/,SAINT JOHN SAHAGUN,,true,https://thekabilincenter.org/wp-content/uploads/2023/10/DSC00601-768x1369.jpg,https://thekabilincenter.org/saint-john-sahagun/,DSC00601-768x1369.jpg
holy-men-and-women-of-god,SAINT RITA OF CASCIA,holy-men-and-women-of-god-saint-rita-of-cascia,008-DSC00235-scaled.jpg,../tod-gallery-images/holy-men-and-women-of-god/008-DSC00235-scaled.jpg,"SAINT RITA OF CASCIA

FROM SAINT JOSEPH THE PATRIARCH PARISH. MABOLO, CEBU CITY

Polychromed wood

Height (with base): 127cm

Archdiocesan Museum of Cebu

Cebu City

Accession no. AMC-RO-S-005",,Cebu City,Polychromed wood,Height (with base): 127cm,Archdiocesan Museum of Cebu,"FROM SAINT JOSEPH THE PATRIARCH PARISH. MABOLO, CEBU CITY",AMC-RO-S-005,6,parent_anchor_img+child_elementor_text_editor+attachment_metadata+label-and-pattern,,https://thekabilincenter.org/wp-content/uploads/2023/10/DSC00246-scaled.jpg,https://thekabilincenter.org/saint-rita-of-cascia/,SAINT RITA OF CASCIA,,true,https://thekabilincenter.org/wp-content/uploads/2023/10/DSC00235-768x1369.jpg,https://thekabilincenter.org/saint-rita-of-cascia/,DSC00235-768x1369.jpg
holy-men-and-women-of-god,SAINT MARY MAGDALENE,holy-men-and-women-of-god-saint-mary-magdalene,009-DSC00481-scaled.jpg,../tod-gallery-images/holy-men-and-women-of-god/009-DSC00481-scaled.jpg,"SAINT MARY MAGDALENE

De bulto , polychrome wood, glass eyes

Height (without the halo): 88.9cm

Archdiocesan Museum of Cebu

Cebu City

Accession no. AMC-RO-S-008",,Cebu City,"De bulto , polychrome wood, glass eyes",Height (without the halo): 88.9cm,Archdiocesan Museum of Cebu,,AMC-RO-S-008,7,parent_anchor_img+child_elementor_text_editor+attachment_metadata+label-and-pattern,,https://thekabilincenter.org/wp-content/uploads/2023/10/DSC00540-scaled.jpg,https://thekabilincenter.org/saint-mary-magdalene/,SAINT MARY MAGDALENE,,true,https://thekabilincenter.org/wp-content/uploads/2023/10/DSC00481-768x1369.jpg,https://thekabilincenter.org/saint-mary-magdalene/,DSC00481-768x1369.jpg
holy-men-and-women-of-god,SAINT LUCAS,holy-men-and-women-of-god-saint-lucas,010-DSC01002-scaled.jpg,../tod-gallery-images/holy-men-and-women-of-god/010-DSC01002-scaled.jpg,"SAINT LUCAS

Ivory head and hands, wooden body, ivory book and quill

Height: 71.12cm

Archdiocesan Museum of Cebu

Cebu City

Accession no. AMC-RO-S-017",,Cebu City,"Ivory head and hands, wooden body, ivory book and quill",Height: 71.12cm,Archdiocesan Museum of Cebu,,AMC-RO-S-017,8,parent_anchor_img+child_elementor_text_editor+attachment_metadata+label-and-pattern,,https://thekabilincenter.org/wp-content/uploads/2023/10/DSC01025-scaled.jpg,https://thekabilincenter.org/saint-lucas/,SAINT LUCAS,,true,https://thekabilincenter.org/wp-content/uploads/2023/10/DSC01002-768x1369.jpg,https://thekabilincenter.org/saint-lucas/,DSC01002-768x1369.jpg
holy-men-and-women-of-god,SAINT PETER IN HIS THRONE,holy-men-and-women-of-god-saint-peter-in-his-throne,011-DSC01855-2-scaled.jpg,../tod-gallery-images/holy-men-and-women-of-god/011-DSC01855-2-scaled.jpg,"SAINT PETER IN HIS THRONE

Height: 225cm

Cebu Metropolitan Cathedral

Cebu City

Accession no. CMC-RO-SV-018",,Cebu City,,Height: 225cm,,Cebu Metropolitan Cathedral,CMC-RO-SV-018,9,parent_anchor_img+child_elementor_text_editor+attachment_metadata+label-and-pattern,,https://thekabilincenter.org/wp-content/uploads/2023/10/DSC01867-2-scaled.jpg,https://thekabilincenter.org/saint-peter-in-his-throne/,SAINT PETER IN HIS THRONE,,true,https://thekabilincenter.org/wp-content/uploads/2023/10/DSC01855-2-768x1369.jpg,https://thekabilincenter.org/saint-peter-in-his-throne/,DSC01855-2-768x1369.jpg
holy-men-and-women-of-god,SAINT ANTHONY OF VERDUN WITH THE CHILD JESUS,holy-men-and-women-of-god-saint-anthony-of-verdun-with-the-child-jesus,012-DSC02296-2-scaled.jpg,../tod-gallery-images/holy-men-and-women-of-god/012-DSC02296-2-scaled.jpg,"SAINT ANTHONY OF VERDUN WITH THE CHILD JESUS

Wood with glass eyes

Height: 106cm

Cebu Metropolitan Cathedral

Cebu City

Accession no. CMC-RO-SV-012",,Cebu City,Wood with glass eyes,Height: 106cm,,Cebu Metropolitan Cathedral,CMC-RO-SV-012,10,parent_anchor_img+child_elementor_text_editor+attachment_metadata+label-and-pattern,,https://thekabilincenter.org/wp-content/uploads/2023/10/DSC02309-2-scaled.jpg,https://thekabilincenter.org/saint-anthony-of-verdun-with-the-child-jesus/,SAINT ANTHONY OF VERDUN WITH THE CHILD JESUS,,true,https://thekabilincenter.org/wp-content/uploads/2023/10/DSC02296-2-768x1369.jpg,https://thekabilincenter.org/saint-anthony-of-verdun-with-the-child-jesus/,DSC02296-2-768x1369.jpg
holy-men-and-women-of-god,SAINT PAUL,holy-men-and-women-of-god-saint-paul,013-DSC01962-scaled.jpg,../tod-gallery-images/holy-men-and-women-of-god/013-DSC01962-scaled.jpg,"SAINT PAUL

Glass eyes

Height: 71.5cm

Saint Francis of Assisi Parish Church

Dumanjug, Cebu

Accession no. DUP-RO-SV-002",,"Dumanjug, Cebu",Glass eyes,Height: 71.5cm,,Saint Francis of Assisi Parish Church,DUP-RO-SV-002,11,parent_anchor_img+child_elementor_text_editor+attachment_metadata+label-and-pattern,,https://thekabilincenter.org/wp-content/uploads/2023/10/DSC01977-scaled.jpg,https://thekabilincenter.org/saint-paul/,SAINT PAUL,,true,https://thekabilincenter.org/wp-content/uploads/2023/10/DSC01962-768x1369.jpg,https://thekabilincenter.org/saint-paul/,DSC01962-768x1369.jpg
holy-men-and-women-of-god,SAINT PETER,holy-men-and-women-of-god-saint-peter,014-DSC01991-scaled.jpg,../tod-gallery-images/holy-men-and-women-of-god/014-DSC01991-scaled.jpg,"SAINT PETER

Glass eyes

Height: 73cm

Saint Francis of Assisi Parish Church

Dumanjug, Cebu

Accession no. DUP-RO-SV-003",,"Dumanjug, Cebu",Glass eyes,Height: 73cm,,Saint Francis of Assisi Parish Church,DUP-RO-SV-003,12,parent_anchor_img+child_elementor_text_editor+attachment_metadata+label-and-pattern,,https://thekabilincenter.org/wp-content/uploads/2023/10/DSC01999-scaled.jpg,https://thekabilincenter.org/saint-peter/,SAINT PETER,,true,https://thekabilincenter.org/wp-content/uploads/2023/10/DSC01991-768x1369.jpg,https://thekabilincenter.org/saint-peter/,DSC01991-768x1369.jpg
holy-men-and-women-of-god,SAN VICENTE FERRER,holy-men-and-women-of-god-san-vicente-ferrer,015-DSC02328-2-scaled.jpg,../tod-gallery-images/holy-men-and-women-of-god/015-DSC02328-2-scaled.jpg,"SAN VICENTE FERRER

Wood with glass eyes

Height: 106cm

Cebu Metropolitan Cathedral

Cebu City

Accession no. CMC-RO-SV-011",,Cebu City,Wood with glass eyes,Height: 106cm,,Cebu Metropolitan Cathedral,CMC-RO-SV-011,13,parent_anchor_img+child_elementor_text_editor+attachment_metadata+label-and-pattern,,https://thekabilincenter.org/wp-content/uploads/2023/10/DSC02353-2-scaled.jpg,https://thekabilincenter.org/san-vicente-ferrer/,SAN VICENTE FERRER,,true,https://thekabilincenter.org/wp-content/uploads/2023/10/DSC02328-2-768x1369.jpg,https://thekabilincenter.org/san-vicente-ferrer/,DSC02328-2-768x1369.jpg
holy-men-and-women-of-god,SAINTS PAUL AND PETER,holy-men-and-women-of-god-saints-paul-and-peter,016-DSC01988-scaled.jpg,../tod-gallery-images/holy-men-and-women-of-god/016-DSC01988-scaled.jpg,"SAINTS PAUL AND PETER

Saint Francis of Assisi Parish Church

Dumanjug, Cebu

Accession nos. DUP-RO-SV-002 and DUP-RO-SV-003",,"Dumanjug, Cebu",,,,Saint Francis of Assisi Parish Church,s. DUP-RO-SV-002 and DUP-RO-SV-003,14,parent_anchor_img+child_elementor_text_editor+attachment_metadata+label-and-pattern,,https://thekabilincenter.org/wp-content/uploads/2023/10/DSC01985-scaled.jpg,https://thekabilincenter.org/saints-paul-and-peter/,SAINTS PAUL AND PETER,,true,https://thekabilincenter.org/wp-content/uploads/2023/10/DSC01988-768x1369.jpg,https://thekabilincenter.org/saints-paul-and-peter/,DSC01988-768x1369.jpg
holy-men-and-women-of-god,SAINT FRANCIS,holy-men-and-women-of-god-saint-francis,017-DSC02009-scaled.jpg,../tod-gallery-images/holy-men-and-women-of-god/017-DSC02009-scaled.jpg,"SAINT FRANCIS

Height: 86cm

Saint Francis of Assisi Parish Church

Dumanjug, Cebu

Accession no. DUP-RO-SV-009",,"Dumanjug, Cebu",,Height: 86cm,,Saint Francis of Assisi Parish Church,DUP-RO-SV-009,15,parent_anchor_img+child_elementor_text_editor+attachment_metadata+label-and-pattern,,https://thekabilincenter.org/wp-content/uploads/2023/10/DSC02033-scaled.jpg,https://thekabilincenter.org/saint-francis/,SAINT FRANCIS,,true,https://thekabilincenter.org/wp-content/uploads/2023/10/DSC02009-768x1369.jpg,https://thekabilincenter.org/saint-francis/,DSC02009-768x1369.jpg
holy-men-and-women-of-god,SAINT CLAIRE,holy-men-and-women-of-god-saint-claire,018-DSC02050-scaled.jpg,../tod-gallery-images/holy-men-and-women-of-god/018-DSC02050-scaled.jpg,"SAINT CLAIRE

Height: 121cm

Saint Francis of Assisi Parish Church

Dumanjug, Cebu

Accession no. DUP-RO-SV-008",,"Dumanjug, Cebu",,Height: 121cm,,Saint Francis of Assisi Parish Church,DUP-RO-SV-008,16,parent_anchor_img+child_elementor_text_editor+attachment_metadata+label-and-pattern,,https://thekabilincenter.org/wp-content/uploads/2023/10/DSC02052-scaled.jpg,https://thekabilincenter.org/saint-claire/,SAINT CLAIRE,,true,https://thekabilincenter.org/wp-content/uploads/2023/10/DSC02050-768x1369.jpg,https://thekabilincenter.org/saint-claire/,DSC02050-768x1369.jpg
holy-men-and-women-of-god,SAN LORENZO RUIZ DE MANILA,holy-men-and-women-of-god-san-lorenzo-ruiz-de-manila,024-DSC01453-scaled.jpg,../tod-gallery-images/holy-men-and-women-of-god/024-DSC01453-scaled.jpg,"SAN LORENZO RUIZ DE MANILA

Height: 114cm

Archdiocesan Shrine of Our Lady of Guadalupe de Cebu

Cebu City

Accession no. GP-RO-SV-011",,Cebu City,,Height: 114cm,,Archdiocesan Shrine of Our Lady of Guadalupe de Cebu,GP-RO-SV-011,17,parent_anchor_img+child_elementor_text_editor+attachment_metadata+label-and-pattern,,https://thekabilincenter.org/wp-content/uploads/2023/10/DSC01478-scaled.jpg,https://thekabilincenter.org/san-lorenzo-ruiz-de-manila/,SAN LORENZO RUIZ DE MANILA,,true,https://thekabilincenter.org/wp-content/uploads/2023/10/DSC01453-768x1369.jpg,https://thekabilincenter.org/san-lorenzo-ruiz-de-manila/,DSC01453-768x1369.jpg
holy-men-and-women-of-god,SAN MARTIN DE PORRES,holy-men-and-women-of-god-san-martin-de-porres,025-DSC00029-scaled.jpg,../tod-gallery-images/holy-men-and-women-of-god/025-DSC00029-scaled.jpg,"SAN MARTIN DE PORRES

Height: 117cm

National Shrine and Parish of Saint Joseph

Mandaue City , Cebu

Accession no. SJP-RO-SV-001",,"Mandaue City , Cebu",,Height: 117cm,,National Shrine and Parish of Saint Joseph,SJP-RO-SV-001,18,parent_anchor_img+child_elementor_text_editor+attachment_metadata+label-and-pattern,,https://thekabilincenter.org/wp-content/uploads/2023/10/DSC00029-1-scaled.jpg,https://thekabilincenter.org/san-martin-de-porres/,SAN MARTIN DE PORRES,,true,https://thekabilincenter.org/wp-content/uploads/2023/10/DSC00029-768x1369.jpg,https://thekabilincenter.org/san-martin-de-porres/,DSC00029-768x1369.jpg
holy-men-and-women-of-god,SAN ISIDRO LABRADOR,holy-men-and-women-of-god-san-isidro-labrador,026-DSC00062-1-scaled.jpg,../tod-gallery-images/holy-men-and-women-of-god/026-DSC00062-1-scaled.jpg,"SAN ISIDRO LABRADOR

Brass areola

Height: 147cm

National Shrine and Parish of Saint Joseph

Mandaue City , Cebu

Accession no. SJP-RO-SV-002",,"Mandaue City , Cebu",Brass areola,Height: 147cm,,National Shrine and Parish of Saint Joseph,SJP-RO-SV-002,19,parent_anchor_img+child_elementor_text_editor+attachment_metadata+label-and-pattern,,https://thekabilincenter.org/wp-content/uploads/2023/10/DSC00076-scaled.jpg,https://thekabilincenter.org/san-isidro-labrador/,SAN ISIDRO LABRADOR,,true,https://thekabilincenter.org/wp-content/uploads/2023/10/DSC00062-1-768x1369.jpg,https://thekabilincenter.org/san-isidro-labrador/,DSC00062-1-768x1369.jpg
holy-men-and-women-of-god,SAINT THERESE OF LISIEUX,holy-men-and-women-of-god-saint-therese-of-lisieux,027-DSC00215-scaled.jpg,../tod-gallery-images/holy-men-and-women-of-god/027-DSC00215-scaled.jpg,"SAINT THERESE OF LISIEUX

Height: 170cm

National Shrine and Parish of Saint Joseph

Mandaue City , Cebu

Accession no. SJP-RO-SV-005",,"Mandaue City , Cebu",,Height: 170cm,,National Shrine and Parish of Saint Joseph,SJP-RO-SV-005,20,parent_anchor_img+child_elementor_text_editor+attachment_metadata+label-and-pattern,,https://thekabilincenter.org/wp-content/uploads/2023/10/DSC00254-scaled.jpg,https://thekabilincenter.org/saint-therese-of-lisieux/,SAINT THERESE OF LISIEUX,,true,https://thekabilincenter.org/wp-content/uploads/2023/10/DSC00215-768x1369.jpg,https://thekabilincenter.org/saint-therese-of-lisieux/,DSC00215-768x1369.jpg
holy-men-and-women-of-god,SAN ANTONIO DE PADUA,holy-men-and-women-of-god-san-antonio-de-padua,028-DSC00378-scaled.jpg,../tod-gallery-images/holy-men-and-women-of-god/028-DSC00378-scaled.jpg,"SAN ANTONIO DE PADUA

Glass eyes

Height: 163cm

National Shrine and Parish of Saint Joseph

Mandaue City , Cebu City

Accession no. SJP-RO-SV-010",,"Mandaue City , Cebu City",Glass eyes,Height: 163cm,,National Shrine and Parish of Saint Joseph,SJP-RO-SV-010,21,parent_anchor_img+child_elementor_text_editor+attachment_metadata+label-and-pattern,,https://thekabilincenter.org/wp-content/uploads/2023/10/DSC00393-scaled.jpg,https://thekabilincenter.org/san-antonio-de-padua/,SAN ANTONIO DE PADUA,,true,https://thekabilincenter.org/wp-content/uploads/2023/10/DSC00378-768x1369.jpg,https://thekabilincenter.org/san-antonio-de-padua/,DSC00378-768x1369.jpg
holy-men-and-women-of-god,SANTA ANNA,holy-men-and-women-of-god-santa-anna,029-DSC00573-scaled.jpg,../tod-gallery-images/holy-men-and-women-of-god/029-DSC00573-scaled.jpg,"SANTA ANNA

Height: 56.5cm

National Shrine and Parish of Saint Joseph

Mandaue City , Cebu

Accession no. SJP-RO-SV-013",,"Mandaue City , Cebu",,Height: 56.5cm,,National Shrine and Parish of Saint Joseph,SJP-RO-SV-013,22,parent_anchor_img+child_elementor_text_editor+attachment_metadata+label-and-pattern,,https://thekabilincenter.org/wp-content/uploads/2023/10/DSC00584-scaled.jpg,https://thekabilincenter.org/santa-anna/,SANTA ANNA,,true,https://thekabilincenter.org/wp-content/uploads/2023/10/DSC00573-768x1369.jpg,https://thekabilincenter.org/santa-anna/,DSC00573-768x1369.jpg
holy-men-and-women-of-god,SAN NICOLAS IMAGE (STATUE),holy-men-and-women-of-god-san-nicolas-image-statue,030-DSC01364-2-scaled.jpg,../tod-gallery-images/holy-men-and-women-of-god/030-DSC01364-2-scaled.jpg,"SAN NICOLAS IMAGE (STATUE)

Hardwood, B isayan-made

Height : 126cm

Archdiocesan Shrine of San Nicolas de Tolentino Parish

Cebu City

Accession no. SNP-RO-SV-001",,Cebu City,,Height : 126cm,,Archdiocesan Shrine of San Nicolas de Tolentino Parish,SNP-RO-SV-001,23,parent_anchor_img+child_elementor_text_editor+attachment_metadata+label-and-pattern,"Unresolved description block(s): Hardwood, B isayan-made",https://thekabilincenter.org/wp-content/uploads/2023/10/DSC01369-2-scaled.jpg,https://thekabilincenter.org/san-nicolas-image-statue/,SAN NICOLAS IMAGE (STATUE),,true,https://thekabilincenter.org/wp-content/uploads/2023/10/DSC01364-2-768x1369.jpg,https://thekabilincenter.org/san-nicolas-image-statue/,DSC01364-2-768x1369.jpg
holy-men-and-women-of-god,SAN LORENZO RUIZ,holy-men-and-women-of-god-san-lorenzo-ruiz,031-DSC01592-2-scaled.jpg,../tod-gallery-images/holy-men-and-women-of-god/031-DSC01592-2-scaled.jpg,"SAN LORENZO RUIZ

Wood, glass eyes

Height: 138cm

Archdiocesan Shrine of San Nicolas de Tolentino Parish

Cebu City

Accession no. SNP-RO-SV-006",,Cebu City,"Wood, glass eyes",Height: 138cm,,Archdiocesan Shrine of San Nicolas de Tolentino Parish,SNP-RO-SV-006,24,parent_anchor_img+child_elementor_text_editor+attachment_metadata+label-and-pattern,,https://thekabilincenter.org/wp-content/uploads/2023/10/DSC01598-2-scaled.jpg,https://thekabilincenter.org/san-lorenzo-ruiz/,SAN LORENZO RUIZ,,true,https://thekabilincenter.org/wp-content/uploads/2023/10/DSC01592-2-768x1369.jpg,https://thekabilincenter.org/san-lorenzo-ruiz/,DSC01592-2-768x1369.jpg
holy-men-and-women-of-god,SAN ROQUE,holy-men-and-women-of-god-san-roque,032-DSC01436-scaled.jpg,../tod-gallery-images/holy-men-and-women-of-god/032-DSC01436-scaled.jpg,"SAN ROQUE

Provenance: San Roque Chapel

Height: 85cm

Saint Gabriel the Archangel Parish Church

Santander, Cebu

Accession no. SGA-S-RO-SV-002",,"Santander, Cebu",,Height: 85cm,,"Provenance: San Roque Chapel

Saint Gabriel the Archangel Parish Church",SGA-S-RO-SV-002,25,parent_anchor_img+child_elementor_text_editor+attachment_metadata+label-and-pattern,Multiple institution or owner values were preserved.,https://thekabilincenter.org/wp-content/uploads/2023/10/DSC01438-3-scaled.jpg,https://thekabilincenter.org/san-roque/,SAN ROQUE,,true,https://thekabilincenter.org/wp-content/uploads/2023/10/DSC01436-768x1369.jpg,https://thekabilincenter.org/san-roque/,DSC01436-768x1369.jpg
holy-men-and-women-of-god,SANTA TERESA DE AVILA (ALTAR),holy-men-and-women-of-god-santa-teresa-de-avila-altar,038-DSC02570-scaled.jpg,../tod-gallery-images/holy-men-and-women-of-god/038-DSC02570-scaled.jpg,"SANTA TERESA DE AVILA (ALTAR)

Height: 190cm

Archdiocesan Shrine of Santa Teresa de Avila

Talisay City, Cebu

Accession no. SGA-RO-SV-003",,"Talisay City, Cebu",,Height: 190cm,,Archdiocesan Shrine of Santa Teresa de Avila,SGA-RO-SV-003,26,parent_anchor_img+child_elementor_text_editor+attachment_metadata+label-and-pattern,,https://thekabilincenter.org/wp-content/uploads/2023/10/DSC02617-scaled.jpg,https://thekabilincenter.org/santa-teresa-de-avila-altar/,SANTA TERESA DE AVILA (ALTAR),,true,https://thekabilincenter.org/wp-content/uploads/2023/10/DSC02570-768x1369.jpg,https://thekabilincenter.org/santa-teresa-de-avila-altar/,DSC02570-768x1369.jpg
holy-men-and-women-of-god,SANTA TERESA DE AVILA,holy-men-and-women-of-god-santa-teresa-de-avila,044-DSC03232-scaled.jpg,../tod-gallery-images/holy-men-and-women-of-god/044-DSC03232-scaled.jpg,"SANTA TERESA DE AVILA

Processional image

Height: 136cm

Archdiocesan Shrine of Santa Teresa de Avila

Talisay City, Cebu

Accession no. SGA-RO-SV-009",,"Talisay City, Cebu",,Height: 136cm,,Archdiocesan Shrine of Santa Teresa de Avila,SGA-RO-SV-009,27,parent_anchor_img+child_elementor_text_editor+attachment_metadata+label-and-pattern,Unresolved description block(s): Processional image,https://thekabilincenter.org/wp-content/uploads/2023/10/DSC03262-scaled.jpg,https://thekabilincenter.org/santa-teresa-de-avila/,SANTA TERESA DE AVILA,,true,https://thekabilincenter.org/wp-content/uploads/2023/10/DSC03232-768x1369.jpg,https://thekabilincenter.org/santa-teresa-de-avila/,DSC03232-768x1369.jpg
holy-men-and-women-of-god,SAN NIKOLAS,holy-men-and-women-of-god-san-nikolas,045-DSC00005-scaled.jpg,../tod-gallery-images/holy-men-and-women-of-god/045-DSC00005-scaled.jpg,"SAN NIKOLAS

Glass eyes

Height: 111cm

San Nicolas de Tolentino Parish Church

Malabuyoc, Cebu

Accession no. SNDTP-M-RO-SV-001",,"Malabuyoc, Cebu",Glass eyes,Height: 111cm,,San Nicolas de Tolentino Parish Church,SNDTP-M-RO-SV-001,28,parent_anchor_img+child_elementor_text_editor+attachment_metadata+label-and-pattern,,https://thekabilincenter.org/wp-content/uploads/2023/10/DSC00072-scaled.jpg,https://thekabilincenter.org/san-nikolas/,SAN NIKOLAS,,true,https://thekabilincenter.org/wp-content/uploads/2023/10/DSC00005-768x1369.jpg,https://thekabilincenter.org/san-nikolas/,DSC00005-768x1369.jpg
holy-men-and-women-of-god,SAN ANTONIO DE PADUA,holy-men-and-women-of-god-san-antonio-de-padua-2,046-DSC00232-scaled.jpg,../tod-gallery-images/holy-men-and-women-of-god/046-DSC00232-scaled.jpg,"SAN ANTONIO DE PADUA

Height: 54cm

San Nicolas de Tolentino Parish Church

Malabuyoc, Cebu

Accession no. SNDTP-M-RO-SV-010",,"Malabuyoc, Cebu",,Height: 54cm,,San Nicolas de Tolentino Parish Church,SNDTP-M-RO-SV-010,29,parent_anchor_img+child_elementor_text_editor+attachment_metadata+label-and-pattern,,https://thekabilincenter.org/wp-content/uploads/2023/10/DSC00258-2-scaled.jpg,https://thekabilincenter.org/san-antonio-de-padua-2/,SAN ANTONIO DE PADUA,,true,https://thekabilincenter.org/wp-content/uploads/2023/10/DSC00232-768x1369.jpg,https://thekabilincenter.org/san-antonio-de-padua-2/,DSC00232-768x1369.jpg
holy-men-and-women-of-god,SAN NICOLAS DE TOLENTINO,holy-men-and-women-of-god-san-nicolas-de-tolentino,047-DSC00294-scaled.jpg,../tod-gallery-images/holy-men-and-women-of-god/047-DSC00294-scaled.jpg,"SAN NICOLAS DE TOLENTINO

Height: 160cm

glass eyes

San Nicolas de Tolentino Parish Church

Malabuyoc, Cebu

Accession no. SNDTP-M-RO-SV-013",,"Malabuyoc, Cebu",glass eyes,Height: 160cm,,San Nicolas de Tolentino Parish Church,SNDTP-M-RO-SV-013,30,parent_anchor_img+child_elementor_text_editor+attachment_metadata+label-and-pattern,,https://thekabilincenter.org/wp-content/uploads/2023/10/DSC00301-scaled.jpg,https://thekabilincenter.org/san-nicolas-de-tolentino/,SAN NICOLAS DE TOLENTINO,,true,https://thekabilincenter.org/wp-content/uploads/2023/10/DSC00294-768x1369.jpg,https://thekabilincenter.org/san-nicolas-de-tolentino/,DSC00294-768x1369.jpg
holy-men-and-women-of-god,SAN ISIDRO,holy-men-and-women-of-god-san-isidro,048-DSC00522-scaled.jpg,../tod-gallery-images/holy-men-and-women-of-god/048-DSC00522-scaled.jpg,"SAN ISIDRO

glass eyes (both Angel & San Isidro)

Height: 125cm

San Nicolas de Tolentino Parish Church

Malabuyoc, Cebu

Accession no. SNDTP-M-RO-SV-014",,"Malabuyoc, Cebu",glass eyes (both Angel & San Isidro),Height: 125cm,,San Nicolas de Tolentino Parish Church,SNDTP-M-RO-SV-014,31,parent_anchor_img+child_elementor_text_editor+attachment_metadata+label-and-pattern,,https://thekabilincenter.org/wp-content/uploads/2023/10/DSC00543-3-scaled.jpg,https://thekabilincenter.org/san-isidro/,SAN ISIDRO,,true,https://thekabilincenter.org/wp-content/uploads/2023/10/DSC00522-768x1369.jpg,https://thekabilincenter.org/san-isidro/,DSC00522-768x1369.jpg
holy-men-and-women-of-god,SAN VICENTE FERRER,holy-men-and-women-of-god-san-vicente-ferrer-2,049-DSC00642-3-scaled.jpg,../tod-gallery-images/holy-men-and-women-of-god/049-DSC00642-3-scaled.jpg,"SAN VICENTE FERRER

Height: 165cm

Our Lady of the Immaculate Conception Parish Church

Oslob, Cebu

Accession no. ICP-RO-SV-032",,"Oslob, Cebu",,Height: 165cm,,Our Lady of the Immaculate Conception Parish Church,ICP-RO-SV-032,32,parent_anchor_img+child_elementor_text_editor+attachment_metadata+label-and-pattern,,https://thekabilincenter.org/wp-content/uploads/2023/10/DSC00647-3-scaled.jpg,https://thekabilincenter.org/san-vicente-ferrer-2/,SAN VICENTE FERRER,,true,https://thekabilincenter.org/wp-content/uploads/2023/10/DSC00642-3-768x1369.jpg,https://thekabilincenter.org/san-vicente-ferrer-2/,DSC00642-3-768x1369.jpg
holy-men-and-women-of-god,SAN GREGORIO MAGNO,holy-men-and-women-of-god-san-gregorio-magno,050-DSC02717-scaled.jpg,../tod-gallery-images/holy-men-and-women-of-god/050-DSC02717-scaled.jpg,"SAN GREGORIO MAGNO

Ivory head and hands, glass eyes

Overall H: 12cm (This must be a mistake)

St. Gregory the Great Parish Church

Ginatilan, Cebu

Accession no. SGTG-RO-SV-001",,"Ginatilan, Cebu","Ivory head and hands, glass eyes",Overall H: 12cm (This must be a mistake),,St. Gregory the Great Parish Church,SGTG-RO-SV-001,33,parent_anchor_img+child_elementor_text_editor+attachment_metadata+label-and-pattern,,https://thekabilincenter.org/wp-content/uploads/2023/10/DSC02717-1-scaled.jpg,https://thekabilincenter.org/san-gregorio-magno/,SAN GREGORIO MAGNO,,true,https://thekabilincenter.org/wp-content/uploads/2023/10/DSC02717-768x1369.jpg,https://thekabilincenter.org/san-gregorio-magno/,DSC02717-768x1369.jpg
holy-men-and-women-of-god,SAN GREGORIO (BISITA PATRON),holy-men-and-women-of-god-san-gregorio-bisita-patron,051-DSC02828-2-scaled.jpg,../tod-gallery-images/holy-men-and-women-of-god/051-DSC02828-2-scaled.jpg,"SAN GREGORIO (BISITA PATRON)

ivory finish, glass eyes

Height: 61cm

St. Gregory the Great Parish Church

Ginatilan, Cebu

Accession no. SGTG-RO-SV-002",,"Ginatilan, Cebu","ivory finish, glass eyes",Height: 61cm,,St. Gregory the Great Parish Church,SGTG-RO-SV-002,34,parent_anchor_img+child_elementor_text_editor+attachment_metadata+label-and-pattern,,https://thekabilincenter.org/wp-content/uploads/2023/10/DSC02832-scaled.jpg,https://thekabilincenter.org/san-gregorio-bisita-patron/,SAN GREGORIO (BISITA PATRON),,true,https://thekabilincenter.org/wp-content/uploads/2023/10/DSC02828-2-768x1369.jpg,https://thekabilincenter.org/san-gregorio-bisita-patron/,DSC02828-2-768x1369.jpg
holy-men-and-women-of-god,SAN ROQUE,holy-men-and-women-of-god-san-roque-2,052-DSC02908-scaled.jpg,../tod-gallery-images/holy-men-and-women-of-god/052-DSC02908-scaled.jpg,"SAN ROQUE

glass eyes

Height: 103cm

St. Gregory the Great Parish Church

Ginatilan, Cebu

Accession no. SGTG-RO-SV-004",,"Ginatilan, Cebu",glass eyes,Height: 103cm,,St. Gregory the Great Parish Church,SGTG-RO-SV-004,35,parent_anchor_img+child_elementor_text_editor+attachment_metadata+label-and-pattern,,https://thekabilincenter.org/wp-content/uploads/2023/10/DSC02945-2-scaled.jpg,https://thekabilincenter.org/san-roque-2/,SAN ROQUE,,true,https://thekabilincenter.org/wp-content/uploads/2023/10/DSC02908-768x1369.jpg,https://thekabilincenter.org/san-roque-2/,DSC02908-768x1369.jpg
holy-men-and-women-of-god,SAN ROQUE,holy-men-and-women-of-god-san-roque-3,053-DSC02965-2-scaled.jpg,../tod-gallery-images/holy-men-and-women-of-god/053-DSC02965-2-scaled.jpg,"SAN ROQUE

Wood, glass eyes

Height: 142cm

St. Gregory the Great Parish Church

Ginatilan, Cebu

Accession no. SGTG-RO-SV-012",,"Ginatilan, Cebu","Wood, glass eyes",Height: 142cm,,St. Gregory the Great Parish Church,SGTG-RO-SV-012,36,parent_anchor_img+child_elementor_text_editor+attachment_metadata+label-and-pattern,,https://thekabilincenter.org/wp-content/uploads/2023/10/DSC02971-2-scaled.jpg,https://thekabilincenter.org/san-roque-3/,SAN ROQUE,,true,https://thekabilincenter.org/wp-content/uploads/2023/10/DSC02965-2-768x1369.jpg,https://thekabilincenter.org/san-roque-3/,DSC02965-2-768x1369.jpg
holy-men-and-women-of-god,SAN MARTIN DE PORRES,holy-men-and-women-of-god-san-martin-de-porres-2,054-DSC03034-2-scaled.jpg,../tod-gallery-images/holy-men-and-women-of-god/054-DSC03034-2-scaled.jpg,"SAN MARTIN DE PORRES

cement

Height: 95cm

St. Gregory the Great Parish Church

Ginatilan, Cebu

Accession no. SGTG-RO-SV-015",,"Ginatilan, Cebu",,Height: 95cm,,St. Gregory the Great Parish Church,SGTG-RO-SV-015,37,parent_anchor_img+child_elementor_text_editor+attachment_metadata+label-and-pattern,Unresolved description block(s): cement,https://thekabilincenter.org/wp-content/uploads/2023/10/DSC03043-scaled.jpg,https://thekabilincenter.org/san-martin-de-porres-2/,SAN MARTIN DE PORRES,,true,https://thekabilincenter.org/wp-content/uploads/2023/10/DSC03034-2-768x1369.jpg,https://thekabilincenter.org/san-martin-de-porres-2/,DSC03034-2-768x1369.jpg
holy-men-and-women-of-god,SAN GREGORIO MAGNO,holy-men-and-women-of-god-san-gregorio-magno-2,060-DSC03305-scaled.jpg,../tod-gallery-images/holy-men-and-women-of-god/060-DSC03305-scaled.jpg,"SAN GREGORIO MAGNO

All wood

Height: 120cm

St. Gregory the Great Parish Church

Ginatilan, Cebu

Accession no. SGTG-RO-SV-018",,"Ginatilan, Cebu",All wood,Height: 120cm,,St. Gregory the Great Parish Church,SGTG-RO-SV-018,38,parent_anchor_img+child_elementor_text_editor+attachment_metadata+label-and-pattern,,https://thekabilincenter.org/wp-content/uploads/2023/10/DSC03374-2-scaled.jpg,https://thekabilincenter.org/san-gregorio-magno-2/,SAN GREGORIO MAGNO,,true,https://thekabilincenter.org/wp-content/uploads/2023/10/DSC03305-768x1369.jpg,https://thekabilincenter.org/san-gregorio-magno-2/,DSC03305-768x1369.jpg
holy-men-and-women-of-god,SAINT AUGUSTINE DE HIPPO (1980's),holy-men-and-women-of-god-saint-augustine-de-hippo-1980s,061-DSC02820-scaled.jpg,../tod-gallery-images/holy-men-and-women-of-god/061-DSC02820-scaled.jpg,"SAINT AUGUSTINE DE HIPPO (1980's)

Polychromed wood

Height: 137cm

Saint Augustine de Hippo Parish Church

Alcantara, Cebu

Accession no. ALP-RO-SV-001",,"Alcantara, Cebu",Polychromed wood,Height: 137cm,,Saint Augustine de Hippo Parish Church,ALP-RO-SV-001,39,parent_anchor_img+child_elementor_text_editor+attachment_metadata+label-and-pattern,,https://thekabilincenter.org/wp-content/uploads/2023/10/DSC02837-scaled.jpg,https://thekabilincenter.org/saint-augustine-de-hippo-1980s/,SAINT AUGUSTINE DE HIPPO (1980's),,true,https://thekabilincenter.org/wp-content/uploads/2023/10/DSC02820-768x1369.jpg,https://thekabilincenter.org/saint-augustine-de-hippo-1980s/,DSC02820-768x1369.jpg
holy-men-and-women-of-god,SANTA MONICA,holy-men-and-women-of-god-santa-monica,062-DSC02900-1-scaled.jpg,../tod-gallery-images/holy-men-and-women-of-god/062-DSC02900-1-scaled.jpg,"SANTA MONICA

patron of Delatado family from Alcantara (1950's)

Glass eyes

Height: 83cm

Saint Augustine de Hippo Parish Church

Alcantara, Cebu

Accession no. ALP-RO-SV-006",,"Alcantara, Cebu",Glass eyes,Height: 83cm,,Saint Augustine de Hippo Parish Church,ALP-RO-SV-006,40,parent_anchor_img+child_elementor_text_editor+attachment_metadata+label-and-pattern,Unresolved description block(s): patron of Delatado family from Alcantara (1950's),https://thekabilincenter.org/wp-content/uploads/2023/10/DSC02913-scaled.jpg,https://thekabilincenter.org/santa-monica/,SANTA MONICA,,true,https://thekabilincenter.org/wp-content/uploads/2023/10/DSC02900-1-768x1369.jpg,https://thekabilincenter.org/santa-monica/,DSC02900-1-768x1369.jpg
holy-men-and-women-of-god,SAINT AUGUSTINE,holy-men-and-women-of-god-saint-augustine-2,063-DSC03019-1-scaled.jpg,../tod-gallery-images/holy-men-and-women-of-god/063-DSC03019-1-scaled.jpg,"SAINT AUGUSTINE

glass eyes

Height: 135cm

Saint Augustine de Hippo Parish Church

Alcantara, Cebu

Accession no. ALP-RO-SV-007",,"Alcantara, Cebu",glass eyes,Height: 135cm,,Saint Augustine de Hippo Parish Church,ALP-RO-SV-007,41,parent_anchor_img+child_elementor_text_editor+attachment_metadata+label-and-pattern,,https://thekabilincenter.org/wp-content/uploads/2023/10/DSC03027-scaled.jpg,https://thekabilincenter.org/saint-augustine-2/,SAINT AUGUSTINE,,true,https://thekabilincenter.org/wp-content/uploads/2023/10/DSC03019-1-768x1369.jpg,https://thekabilincenter.org/saint-augustine-2/,DSC03019-1-768x1369.jpg
holy-men-and-women-of-god,SAN ANTONIO DE PADUA,holy-men-and-women-of-god-san-antonio-de-padua-3,064-DSC00768-scaled.jpg,../tod-gallery-images/holy-men-and-women-of-god/064-DSC00768-scaled.jpg,"SAN ANTONIO DE PADUA

Height: 120cm

Archdiocesan Shrine of San Vicente Ferrer

Bogo City, Cebu

Accession no. SVF-RO-SV-001",,"Bogo City, Cebu",,Height: 120cm,,Archdiocesan Shrine of San Vicente Ferrer,SVF-RO-SV-001,42,parent_anchor_img+child_elementor_text_editor+attachment_metadata+label-and-pattern,,https://thekabilincenter.org/wp-content/uploads/2023/10/DSC00817-scaled.jpg,https://thekabilincenter.org/san-antonio-de-padua-3/,SAN ANTONIO DE PADUA,,true,https://thekabilincenter.org/wp-content/uploads/2023/10/DSC00768-768x1369.jpg,https://thekabilincenter.org/san-antonio-de-padua-3/,DSC00768-768x1369.jpg
holy-men-and-women-of-god,SAN LORENZO RUIZ,holy-men-and-women-of-god-san-lorenzo-ruiz-2,065-DSC00892-scaled.jpg,../tod-gallery-images/holy-men-and-women-of-god/065-DSC00892-scaled.jpg,"SAN LORENZO RUIZ

Height: 141cm

Archdiocesan Shrine of San Vicente Ferrer

Bogo City, Cebu

Accession no. SVF-RO-SV-002",,"Bogo City, Cebu",,Height: 141cm,,Archdiocesan Shrine of San Vicente Ferrer,SVF-RO-SV-002,43,parent_anchor_img+child_elementor_text_editor+attachment_metadata+label-and-pattern,,https://thekabilincenter.org/wp-content/uploads/2023/10/DSC00898-scaled.jpg,https://thekabilincenter.org/san-lorenzo-ruiz-2/,SAN LORENZO RUIZ,,true,https://thekabilincenter.org/wp-content/uploads/2023/10/DSC00892-768x1369.jpg,https://thekabilincenter.org/san-lorenzo-ruiz-2/,DSC00892-768x1369.jpg
holy-men-and-women-of-god,SAN VICENTE FERRER,holy-men-and-women-of-god-san-vicente-ferrer-3,066-DSC00962-scaled.jpg,../tod-gallery-images/holy-men-and-women-of-god/066-DSC00962-scaled.jpg,"SAN VICENTE FERRER

Located in the dagkotanan

Polychromed wood

Height: 132cm

Archdiocesan Shrine of San Vicente Ferrer

Bogo City, Cebu

Accession no. SVF-RO-SV-006",,"Bogo City, Cebu",Polychromed wood,Height: 132cm,,Archdiocesan Shrine of San Vicente Ferrer,SVF-RO-SV-006,44,parent_anchor_img+child_elementor_text_editor+attachment_metadata+label-and-pattern,Unresolved description block(s): Located in the dagkotanan,https://thekabilincenter.org/wp-content/uploads/2023/10/DSC00969-scaled.jpg,https://thekabilincenter.org/san-vicente-ferrer-3/,SAN VICENTE FERRER,,true,https://thekabilincenter.org/wp-content/uploads/2023/10/DSC00962-768x1369.jpg,https://thekabilincenter.org/san-vicente-ferrer-3/,DSC00962-768x1369.jpg
holy-men-and-women-of-god,ST. MARTIN DE PORRES,holy-men-and-women-of-god-st-martin-de-porres,067-DSC01265-1-scaled.jpg,../tod-gallery-images/holy-men-and-women-of-god/067-DSC01265-1-scaled.jpg,"ST. MARTIN DE PORRES

Height: 115cm

Archdiocesan Shrine of San Vicente Ferrer

Bogo City, Cebu

Accession no. SVF-RO-SV-007",,"Bogo City, Cebu",,Height: 115cm,,Archdiocesan Shrine of San Vicente Ferrer,SVF-RO-SV-007,45,parent_anchor_img+child_elementor_text_editor+attachment_metadata+label-and-pattern,,https://thekabilincenter.org/wp-content/uploads/2023/10/DSC01272-scaled.jpg,https://thekabilincenter.org/st-martin-de-porres/,ST. MARTIN DE PORRES,,true,https://thekabilincenter.org/wp-content/uploads/2023/10/DSC01265-1-768x1369.jpg,https://thekabilincenter.org/st-martin-de-porres/,DSC01265-1-768x1369.jpg
holy-men-and-women-of-god,SAN ROQUE,holy-men-and-women-of-god-san-roque-4,068-DSC01505-scaled.jpg,../tod-gallery-images/holy-men-and-women-of-god/068-DSC01505-scaled.jpg,"SAN ROQUE

Height: 125cm

Archdiocesan Shrine of San Vicente Ferrer

Bogo City, Cebu

Accession no. SVF-RO-SV-008",,"Bogo City, Cebu",,Height: 125cm,,Archdiocesan Shrine of San Vicente Ferrer,SVF-RO-SV-008,46,parent_anchor_img+child_elementor_text_editor+attachment_metadata+label-and-pattern,,https://thekabilincenter.org/wp-content/uploads/2023/10/DSC01511-scaled.jpg,https://thekabilincenter.org/san-roque-4/,SAN ROQUE,,true,https://thekabilincenter.org/wp-content/uploads/2023/10/DSC01505-768x1369.jpg,https://thekabilincenter.org/san-roque-4/,DSC01505-768x1369.jpg
holy-men-and-women-of-god,SAINT THERESE,holy-men-and-women-of-god-saint-therese,069-DSC01396-scaled.jpg,../tod-gallery-images/holy-men-and-women-of-god/069-DSC01396-scaled.jpg,"SAINT THERESE

Height: 101cm

Archdiocesan Shrine of San Vicente Ferrer

Bogo City, Cebu

Accession no. SVF-RO-SV-009",,"Bogo City, Cebu",,Height: 101cm,,Archdiocesan Shrine of San Vicente Ferrer,SVF-RO-SV-009,47,parent_anchor_img+child_elementor_text_editor+attachment_metadata+label-and-pattern,,https://thekabilincenter.org/wp-content/uploads/2023/10/DSC01406-scaled.jpg,https://thekabilincenter.org/saint-therese/,SAINT THERESE,,true,https://thekabilincenter.org/wp-content/uploads/2023/10/DSC01396-768x1369.jpg,https://thekabilincenter.org/saint-therese/,DSC01396-768x1369.jpg
holy-men-and-women-of-god,SAN VICENTE FERRER (Hagtasan),holy-men-and-women-of-god-san-vicente-ferrer-hagtasan,070-DSC01098-scaled.jpg,../tod-gallery-images/holy-men-and-women-of-god/070-DSC01098-scaled.jpg,"SAN VICENTE FERRER (Hagtasan)

Silver-plated wings

Height: 78cm

Archdiocesan Shrine of San Vicente Ferrer

Bogo City, Cebu

Accession no. SVF-RO-SV-011",,"Bogo City, Cebu",Silver-plated wings,Height: 78cm,,Archdiocesan Shrine of San Vicente Ferrer,SVF-RO-SV-011,48,parent_anchor_img+child_elementor_text_editor+attachment_metadata+label-and-pattern,,https://thekabilincenter.org/wp-content/uploads/2023/10/DSC01111-1-scaled.jpg,https://thekabilincenter.org/san-vicente-ferrer-hagtasan/,SAN VICENTE FERRER (Hagtasan),,true,https://thekabilincenter.org/wp-content/uploads/2023/10/DSC01098-768x1369.jpg,https://thekabilincenter.org/san-vicente-ferrer-hagtasan/,DSC01098-768x1369.jpg
holy-men-and-women-of-god,SAN AGUSTIN,holy-men-and-women-of-god-san-agustin,071-DSC00271-2-scaled.jpg,../tod-gallery-images/holy-men-and-women-of-god/071-DSC00271-2-scaled.jpg,"SAN AGUSTIN

Height: 101cm

San Guillermo Parish Catmon Cebu

Catmon, Cebu

Accession no. SGP-RO-SV-001",,"Catmon, Cebu",,Height: 101cm,,San Guillermo Parish Catmon Cebu,SGP-RO-SV-001,49,parent_anchor_img+child_elementor_text_editor+attachment_metadata+label-and-pattern,,https://thekabilincenter.org/wp-content/uploads/2023/10/DSC00301-2-scaled.jpg,https://thekabilincenter.org/san-agustin/,SAN AGUSTIN,,true,https://thekabilincenter.org/wp-content/uploads/2023/10/DSC00271-2-768x1369.jpg,https://thekabilincenter.org/san-agustin/,DSC00271-2-768x1369.jpg
holy-men-and-women-of-god,SANTA MONICA,holy-men-and-women-of-god-santa-monica-2,072-DSC00236-2-scaled.jpg,../tod-gallery-images/holy-men-and-women-of-god/072-DSC00236-2-scaled.jpg,"SANTA MONICA

Height: 96cm

San Guillermo Parish Catmon Cebu

Catmon, Cebu

Accession no. SGP-RO-SV-002",,"Catmon, Cebu",,Height: 96cm,,San Guillermo Parish Catmon Cebu,SGP-RO-SV-002,50,parent_anchor_img+child_elementor_text_editor+attachment_metadata+label-and-pattern,,https://thekabilincenter.org/wp-content/uploads/2023/10/DSC00241-2-scaled.jpg,https://thekabilincenter.org/santa-monica-2/,SANTA MONICA,,true,https://thekabilincenter.org/wp-content/uploads/2023/10/DSC00236-2-768x1369.jpg,https://thekabilincenter.org/santa-monica-2/,DSC00236-2-768x1369.jpg
holy-men-and-women-of-god,SAN GUILLERMO,holy-men-and-women-of-god-san-guillermo,073-DSC00357-2-scaled.jpg,../tod-gallery-images/holy-men-and-women-of-god/073-DSC00357-2-scaled.jpg,"SAN GUILLERMO

Located at the façade

Height: 101cm

San Guillermo Parish Catmon Cebu

Catmon, Cebu

Accession no. SGP-RO-SV-003",,"Catmon, Cebu",,Height: 101cm,,San Guillermo Parish Catmon Cebu,SGP-RO-SV-003,51,parent_anchor_img+child_elementor_text_editor+attachment_metadata+label-and-pattern,Unresolved description block(s): Located at the façade,https://thekabilincenter.org/wp-content/uploads/2023/10/DSC00363-2-scaled.jpg,https://thekabilincenter.org/san-guillermo/,SAN GUILLERMO,,true,https://thekabilincenter.org/wp-content/uploads/2023/10/DSC00357-2-768x1369.jpg,https://thekabilincenter.org/san-guillermo/,DSC00357-2-768x1369.jpg
holy-men-and-women-of-god,SAN GUILLERMO,holy-men-and-women-of-god-san-guillermo-2,074-DSC00157-2-scaled.jpg,../tod-gallery-images/holy-men-and-women-of-god/074-DSC00157-2-scaled.jpg,"SAN GUILLERMO

Located at the altar

Height: 164cm

San Guillermo Parish Catmon Cebu

Catmon, Cebu

Accession no. SGP-RO-SV-005",,"Catmon, Cebu",,Height: 164cm,,San Guillermo Parish Catmon Cebu,SGP-RO-SV-005,52,parent_anchor_img+child_elementor_text_editor+attachment_metadata+label-and-pattern,Unresolved description block(s): Located at the altar,https://thekabilincenter.org/wp-content/uploads/2023/10/DSC00175-2-scaled.jpg,https://thekabilincenter.org/san-guillermo-2/,SAN GUILLERMO,,true,https://thekabilincenter.org/wp-content/uploads/2023/10/DSC00157-2-768x1369.jpg,https://thekabilincenter.org/san-guillermo-2/,DSC00157-2-768x1369.jpg
holy-men-and-women-of-god,SANTIAGO DE COMPOSTELLA,holy-men-and-women-of-god-santiago-de-compostella,075-DSC01978-scaled.jpg,../tod-gallery-images/holy-men-and-women-of-god/075-DSC01978-scaled.jpg,"SANTIAGO DE COMPOSTELLA

Height : 167cm

Archdiocesan Shrine of Saint James the Apostle

Compostela, Cebu

Accession no. SDC-RO-SV-007",,"Compostela, Cebu",,Height : 167cm,,Archdiocesan Shrine of Saint James the Apostle,SDC-RO-SV-007,53,parent_anchor_img+child_elementor_text_editor+attachment_metadata+label-and-pattern,,https://thekabilincenter.org/wp-content/uploads/2023/10/DSC01978-1-scaled.jpg,https://thekabilincenter.org/santiago-de-compostella/,SANTIAGO DE COMPOSTELLA,,true,https://thekabilincenter.org/wp-content/uploads/2023/10/DSC01978-768x1369.jpg,https://thekabilincenter.org/santiago-de-compostella/,DSC01978-768x1369.jpg
holy-men-and-women-of-god,SAN ROQUE,holy-men-and-women-of-god-san-roque-5,076-DSC00128-1-scaled.jpg,../tod-gallery-images/holy-men-and-women-of-god/076-DSC00128-1-scaled.jpg,"SAN ROQUE

Belonged to the Parish Chapel, Lower Suba (Barangay Poblacion)

Height: 117cm

Church of Santa Rosa de Lima

Daanbantayan, Cebu

Accession no. SRL-RO-SV-002",,"Daanbantayan, Cebu",,Height: 117cm,,"Belonged to the Parish Chapel, Lower Suba (Barangay Poblacion)

Church of Santa Rosa de Lima",SRL-RO-SV-002,54,parent_anchor_img+child_elementor_text_editor+attachment_metadata+label-and-pattern,Multiple institution or owner values were preserved.,https://thekabilincenter.org/wp-content/uploads/2023/10/DSC00136-scaled.jpg,https://thekabilincenter.org/san-roque-5/,SAN ROQUE,,true,https://thekabilincenter.org/wp-content/uploads/2023/10/DSC00128-1-768x1369.jpg,https://thekabilincenter.org/san-roque-5/,DSC00128-1-768x1369.jpg
holy-men-and-women-of-god,SAINT ROSE OF LIMA,holy-men-and-women-of-god-saint-rose-of-lima,082-DSC00380-scaled.jpg,../tod-gallery-images/holy-men-and-women-of-god/082-DSC00380-scaled.jpg,"SAINT ROSE OF LIMA

(PATUNOB) ""CHINITA VERSION""

Height: 52cm

Church of Santa Rosa de Lima

Daanbantayan, Cebu

Accession no. SRL-RO-SV-004",,"Daanbantayan, Cebu",,Height: 52cm,,Church of Santa Rosa de Lima,SRL-RO-SV-004,55,parent_anchor_img+child_elementor_text_editor+attachment_metadata+label-and-pattern,"Unresolved description block(s): (PATUNOB) ""CHINITA VERSION""",https://thekabilincenter.org/wp-content/uploads/2023/10/DSC00386-scaled.jpg,https://thekabilincenter.org/saint-rose-of-lima/,SAINT ROSE OF LIMA,,true,https://thekabilincenter.org/wp-content/uploads/2023/10/DSC00380-768x1369.jpg,https://thekabilincenter.org/saint-rose-of-lima/,DSC00380-768x1369.jpg
holy-men-and-women-of-god,SAINT ROSE OF LIMA,holy-men-and-women-of-god-saint-rose-of-lima-2,083-DSC00341-scaled.jpg,../tod-gallery-images/holy-men-and-women-of-god/083-DSC00341-scaled.jpg,"SAINT ROSE OF LIMA

(HAGKANAN) ""MESTIZA VER.""

Height: 52cm

Church of Santa Rosa de Lima

Daanbantayan, Cebu

Accession no. SRL-RO-SV-005",,"Daanbantayan, Cebu",,Height: 52cm,,Church of Santa Rosa de Lima,SRL-RO-SV-005,56,parent_anchor_img+child_elementor_text_editor+attachment_metadata+label-and-pattern,"Unresolved description block(s): (HAGKANAN) ""MESTIZA VER.""",https://thekabilincenter.org/wp-content/uploads/2023/10/DSC00352-scaled.jpg,https://thekabilincenter.org/saint-rose-of-lima-2/,SAINT ROSE OF LIMA,,true,https://thekabilincenter.org/wp-content/uploads/2023/10/DSC00341-768x1369.jpg,https://thekabilincenter.org/saint-rose-of-lima-2/,DSC00341-768x1369.jpg
holy-men-and-women-of-god,STA. ROSA ALTAR RIERE (LARGE),holy-men-and-women-of-god-sta-rosa-altar-riere-large,084-DSC00262-2-scaled.jpg,../tod-gallery-images/holy-men-and-women-of-god/084-DSC00262-2-scaled.jpg,"STA. ROSA ALTAR RIERE (LARGE)

Processional image, glass eyes

Height: 159cm

Church of Santa Rosa de Lima

Daanbantayan, Cebu

Accession no. SRL-RO-SV-007",,"Daanbantayan, Cebu","Processional image, glass eyes",Height: 159cm,,Church of Santa Rosa de Lima,SRL-RO-SV-007,57,parent_anchor_img+child_elementor_text_editor+attachment_metadata+label-and-pattern,,https://thekabilincenter.org/wp-content/uploads/2023/10/DSC00268-scaled.jpg,https://thekabilincenter.org/sta-rosa-altar-riere-large/,STA. ROSA ALTAR RIERE (LARGE),,true,https://thekabilincenter.org/wp-content/uploads/2023/10/DSC00262-2-768x1369.jpg,https://thekabilincenter.org/sta-rosa-altar-riere-large/,DSC00262-2-768x1369.jpg
holy-men-and-women-of-god,SAINT JUDE THADDEUS,holy-men-and-women-of-god-saint-jude-thaddeus,085-DSC01216-2-scaled.jpg,../tod-gallery-images/holy-men-and-women-of-god/085-DSC01216-2-scaled.jpg,"SAINT JUDE THADDEUS

Height: 100cm

Santo Tomas de Villanueva Parish Church

Danao City, Cebu

Accession no. STVP-RO-SV-032",,"Danao City, Cebu",,Height: 100cm,,Santo Tomas de Villanueva Parish Church,STVP-RO-SV-032,58,parent_anchor_img+child_elementor_text_editor+attachment_metadata+label-and-pattern,,https://thekabilincenter.org/wp-content/uploads/2023/10/DSC01223-2-scaled.jpg,https://thekabilincenter.org/saint-jude-thaddeus/,SAINT JUDE THADDEUS,,true,https://thekabilincenter.org/wp-content/uploads/2023/10/DSC01216-2-768x1369.jpg,https://thekabilincenter.org/saint-jude-thaddeus/,DSC01216-2-768x1369.jpg
holy-men-and-women-of-god,SANTO TOMAS DE VILLANUEVA,holy-men-and-women-of-god-santo-tomas-de-villanueva,086-DSC01384-2-scaled.jpg,../tod-gallery-images/holy-men-and-women-of-god/086-DSC01384-2-scaled.jpg,"SANTO TOMAS DE VILLANUEVA

Height: 145cm

Santo Tomas de Villanueva Parish Church

Danao City, Cebu

Accession no. STVP-RO-SV-040",,"Danao City, Cebu",,Height: 145cm,,Santo Tomas de Villanueva Parish Church,STVP-RO-SV-040,59,parent_anchor_img+child_elementor_text_editor+attachment_metadata+label-and-pattern,,https://thekabilincenter.org/wp-content/uploads/2023/10/DSC01475-2-scaled.jpg,https://thekabilincenter.org/santo-tomas-de-villanueva/,SANTO TOMAS DE VILLANUEVA,,true,https://thekabilincenter.org/wp-content/uploads/2023/10/DSC01384-2-768x1369.jpg,https://thekabilincenter.org/santo-tomas-de-villanueva/,DSC01384-2-768x1369.jpg
holy-men-and-women-of-god,SAN FERNANDO REY (PROCESSIONAL IMAGE),holy-men-and-women-of-god-san-fernando-rey-processional-image,087-DSC02050-1-scaled.jpg,../tod-gallery-images/holy-men-and-women-of-god/087-DSC02050-1-scaled.jpg,"SAN FERNANDO REY (PROCESSIONAL IMAGE)

Polychromed wood and ivory

Height: 138cm

San Fernando Rey Parish

Liloan, Cebu

Accession no. SFR -RO-SV-0O1",,"Liloan, Cebu",Polychromed wood and ivory,Height: 138cm,,San Fernando Rey Parish,SFR -RO-SV-0O1,60,parent_anchor_img+child_elementor_text_editor+attachment_metadata+label-and-pattern,,https://thekabilincenter.org/wp-content/uploads/2023/10/DSC02057-scaled.jpg,https://thekabilincenter.org/san-fernando-rey-processional-image/,SAN FERNANDO REY (PROCESSIONAL IMAGE),,true,https://thekabilincenter.org/wp-content/uploads/2023/10/DSC02050-1-768x1369.jpg,https://thekabilincenter.org/san-fernando-rey-processional-image/,DSC02050-1-768x1369.jpg
holy-men-and-women-of-god,SAINT IGNATIUS,holy-men-and-women-of-god-saint-ignatius,088-DSC02144-scaled.jpg,../tod-gallery-images/holy-men-and-women-of-god/088-DSC02144-scaled.jpg,"SAINT IGNATIUS

Height: 107cm

San Fernando Rey Parish

Liloan, Cebu

Accession no. SFR -RO-SV-0O2",,"Liloan, Cebu",,Height: 107cm,,San Fernando Rey Parish,SFR -RO-SV-0O2,61,parent_anchor_img+child_elementor_text_editor+attachment_metadata+label-and-pattern,,https://thekabilincenter.org/wp-content/uploads/2023/10/DSC02148-scaled.jpg,https://thekabilincenter.org/saint-ignatius/,SAINT IGNATIUS,,true,https://thekabilincenter.org/wp-content/uploads/2023/10/DSC02144-768x1369.jpg,https://thekabilincenter.org/saint-ignatius/,DSC02144-768x1369.jpg
holy-men-and-women-of-god,SAN ANTONIO,holy-men-and-women-of-god-san-antonio,089-DSC02332-scaled.jpg,../tod-gallery-images/holy-men-and-women-of-god/089-DSC02332-scaled.jpg,"SAN ANTONIO

Height: 136cm

San Fernando Rey Parish

Liloan, Cebu

Accession no. SFR -RO-SV-003",,"Liloan, Cebu",,Height: 136cm,,San Fernando Rey Parish,SFR -RO-SV-003,62,parent_anchor_img+child_elementor_text_editor+attachment_metadata+label-and-pattern,,https://thekabilincenter.org/wp-content/uploads/2023/11/DSC02364-scaled.jpg,https://thekabilincenter.org/san-antonio/,SAN ANTONIO,,true,https://thekabilincenter.org/wp-content/uploads/2023/10/DSC02332-768x1369.jpg,https://thekabilincenter.org/san-antonio/,DSC02332-768x1369.jpg
holy-men-and-women-of-god,SAN JUAN NEPOMUCENO (FILER),holy-men-and-women-of-god-san-juan-nepomuceno-filer,095-DSC00678-scaled.jpg,../tod-gallery-images/holy-men-and-women-of-god/095-DSC00678-scaled.jpg,"SAN JUAN NEPOMUCENO (FILER)

glass eyes

Height: 108cm

San Juan Nepomuceno Parish Church

San Remegio, Cebu

Accession no. SJN- RO-SV-002",,"San Remegio, Cebu",glass eyes,Height: 108cm,,San Juan Nepomuceno Parish Church,SJN- RO-SV-002,63,parent_anchor_img+child_elementor_text_editor+attachment_metadata+label-and-pattern,,https://thekabilincenter.org/wp-content/uploads/2023/11/DSC00690-scaled.jpg,https://thekabilincenter.org/san-juan-nepomuceno-filer/,SAN JUAN NEPOMUCENO (FILER),,true,https://thekabilincenter.org/wp-content/uploads/2023/10/DSC00678-768x1369.jpg,https://thekabilincenter.org/san-juan-nepomuceno-filer/,DSC00678-768x1369.jpg
holy-men-and-women-of-god,SAN JUAN NEPOMUCENO,holy-men-and-women-of-god-san-juan-nepomuceno,096-DSC00480-scaled.jpg,../tod-gallery-images/holy-men-and-women-of-god/096-DSC00480-scaled.jpg,"SAN JUAN NEPOMUCENO

Height: 138cm

San Juan Nepomuceno Parish Church

San Remegio, Cebu

Accession no. SJN- RO-SV-003",,"San Remegio, Cebu",,Height: 138cm,,San Juan Nepomuceno Parish Church,SJN- RO-SV-003,64,parent_anchor_img+child_elementor_text_editor+attachment_metadata+label-and-pattern,,https://thekabilincenter.org/wp-content/uploads/2023/11/DSC00496-scaled.jpg,https://thekabilincenter.org/san-juan-nepomuceno/,SAN JUAN NEPOMUCENO,,true,https://thekabilincenter.org/wp-content/uploads/2023/10/DSC00480-768x1369.jpg,https://thekabilincenter.org/san-juan-nepomuceno/,DSC00480-768x1369.jpg
holy-men-and-women-of-god,SAN ISIDRO LABRADOR,holy-men-and-women-of-god-san-isidro-labrador-2,097-IMG_0080-1-scaled.jpg,../tod-gallery-images/holy-men-and-women-of-god/097-IMG_0080-1-scaled.jpg,"SAN ISIDRO LABRADOR

glass eyes

Height: 125cm

San Isidro Labrador Parish Church

Tabogon, Cebu

Accession no. TCP -RO-SV-004",,"Tabogon, Cebu",glass eyes,Height: 125cm,,San Isidro Labrador Parish Church,TCP -RO-SV-004,65,parent_anchor_img+child_elementor_text_editor+attachment_metadata+label-and-pattern,,https://thekabilincenter.org/wp-content/uploads/2023/11/IMG_0099-scaled.jpg,https://thekabilincenter.org/san-isidro-labrador-2/,SAN ISIDRO LABRADOR,,true,https://thekabilincenter.org/wp-content/uploads/2023/10/IMG_0080-1-768x1368.jpg,https://thekabilincenter.org/san-isidro-labrador-2/,IMG_0080-1-768x1368.jpg
holy-men-and-women-of-god,SAINT ANNE,holy-men-and-women-of-god-saint-anne,098-DSC01233-3-scaled.jpg,../tod-gallery-images/holy-men-and-women-of-god/098-DSC01233-3-scaled.jpg,"SAINT ANNE

Wood cartouche with gold lining, glass eyes

Height: 130cm

National Shrine of Nuestra Señora Virgen de la Regla

Lapu-Lapu City, Cebu

Accession no. VDRP-RO-SV-003",,"Lapu-Lapu City, Cebu","Wood cartouche with gold lining, glass eyes",Height: 130cm,,National Shrine of Nuestra Señora Virgen de la Regla,VDRP-RO-SV-003,66,parent_anchor_img+child_elementor_text_editor+attachment_metadata+label-and-pattern,,https://thekabilincenter.org/wp-content/uploads/2023/11/DSC01261-scaled.jpg,https://thekabilincenter.org/saint-anne/,SAINT ANNE,,true,https://thekabilincenter.org/wp-content/uploads/2023/10/DSC01233-3-768x1369.jpg,https://thekabilincenter.org/saint-anne/,DSC01233-3-768x1369.jpg
holy-men-and-women-of-god,SAINT JOAQUIN RELIEF,holy-men-and-women-of-god-saint-joaquin-relief,099-DSC01693-2-scaled.jpg,../tod-gallery-images/holy-men-and-women-of-god/099-DSC01693-2-scaled.jpg,"SAINT JOAQUIN RELIEF

Height: 88cm",,,,Height: 88cm,,,,67,parent_anchor_img+child_elementor_text_editor+attachment_metadata+label-and-pattern,,https://thekabilincenter.org/wp-content/uploads/2023/11/DSC01701-scaled.jpg,https://thekabilincenter.org/saint-joaquin-relief/,SAINT JOAQUIN RELIEF,,true,https://thekabilincenter.org/wp-content/uploads/2023/10/DSC01693-2-768x1369.jpg,https://thekabilincenter.org/saint-joaquin-relief/,DSC01693-2-768x1369.jpg
holy-men-and-women-of-god,SAINT ANNE RELIEF,holy-men-and-women-of-god-saint-anne-relief,105-DSC01712-scaled.jpg,../tod-gallery-images/holy-men-and-women-of-god/105-DSC01712-scaled.jpg,"SAINT ANNE RELIEF

Height: 87cm

Wood relief

National Shrine of Nuestra Señora Virgen de la Regla

Lapu-Lapu City, Cebu

Accession no. VDRP-RO-SV- 008 and VDRP-RO-SV- 007",,"Lapu-Lapu City, Cebu",Wood relief,Height: 87cm,,National Shrine of Nuestra Señora Virgen de la Regla,VDRP-RO-SV- 008 and VDRP-RO-SV- 007,68,parent_anchor_img+child_elementor_text_editor+attachment_metadata+label-and-pattern,,https://thekabilincenter.org/wp-content/uploads/2023/11/DSC01712-scaled.jpg,https://thekabilincenter.org/saint-anne-relief/,SAINT ANNE RELIEF,,true,https://thekabilincenter.org/wp-content/uploads/2023/10/DSC01712-768x1369.jpg,https://thekabilincenter.org/saint-anne-relief/,DSC01712-768x1369.jpg
holy-men-and-women-of-god,SAINT PETER RELIEF,holy-men-and-women-of-god-saint-peter-relief,106-DSC00339-scaled.jpg,../tod-gallery-images/holy-men-and-women-of-god/106-DSC00339-scaled.jpg,"SAINT PETER RELIEF

Height :

Nuestra Señora del Patrocinio de Maria Parish Church

Boljoon, Cebu

Accession no. BPM-",,"Boljoon, Cebu",,Height :,,Nuestra Señora del Patrocinio de Maria Parish Church,BPM-,69,parent_anchor_img+child_elementor_text_editor+attachment_metadata+label-and-pattern,,https://thekabilincenter.org/wp-content/uploads/2023/11/DSC00349-scaled.jpg,https://thekabilincenter.org/saint-peter-relief/,SAINT PETER RELIEF,,true,https://thekabilincenter.org/wp-content/uploads/2023/10/DSC00339-768x1369.jpg,https://thekabilincenter.org/saint-peter-relief/,DSC00339-768x1369.jpg
holy-men-and-women-of-god,SAINT PETER,holy-men-and-women-of-god-saint-peter-2,107-DSC00785-scaled.jpg,../tod-gallery-images/holy-men-and-women-of-god/107-DSC00785-scaled.jpg,"SAINT PETER

Nuestra Señora del Patrocinio de Maria Parish Church

Boljoon , Cebu

Accession no. BPM-",,"Boljoon , Cebu",,,,Nuestra Señora del Patrocinio de Maria Parish Church,BPM-,70,parent_anchor_img+child_elementor_text_editor+attachment_metadata+label-and-pattern,,https://thekabilincenter.org/wp-content/uploads/2023/11/DSC00793-scaled.jpg,https://thekabilincenter.org/saint-peter-2/,SAINT PETER,,true,https://thekabilincenter.org/wp-content/uploads/2023/10/DSC00785-768x1369.jpg,https://thekabilincenter.org/saint-peter-2/,DSC00785-768x1369.jpg
holy-men-and-women-of-god,SAN VICENTE FERRER,holy-men-and-women-of-god-san-vicente-ferrer-4,108-DSC00743-scaled.jpg,../tod-gallery-images/holy-men-and-women-of-god/108-DSC00743-scaled.jpg,"SAN VICENTE FERRER

Nuestra Señora del Patrocinio de Maria Parish Church

Boljoon, Cebu

Accession no. BPM-",,"Boljoon, Cebu",,,,Nuestra Señora del Patrocinio de Maria Parish Church,BPM-,71,parent_anchor_img+child_elementor_text_editor+attachment_metadata+label-and-pattern,,https://thekabilincenter.org/wp-content/uploads/2023/11/DSC00746-scaled.jpg,https://thekabilincenter.org/san-vicente-ferrer-4/,SAN VICENTE FERRER,,true,https://thekabilincenter.org/wp-content/uploads/2023/10/DSC00743-768x1369.jpg,https://thekabilincenter.org/san-vicente-ferrer-4/,DSC00743-768x1369.jpg
holy-men-and-women-of-god,SAN VICENTE FERRER,holy-men-and-women-of-god-san-vicente-ferrer-5,109-DSC00812-scaled.jpg,../tod-gallery-images/holy-men-and-women-of-god/109-DSC00812-scaled.jpg,"SAN VICENTE FERRER

Height :

Nuestra Señora del Patrocinio de Maria Parish Church

Boljoon, Cebu

Accession no. BPM-",,"Boljoon, Cebu",,Height :,,Nuestra Señora del Patrocinio de Maria Parish Church,BPM-,72,parent_anchor_img+child_elementor_text_editor+attachment_metadata+label-and-pattern,,https://thekabilincenter.org/wp-content/uploads/2023/11/DSC00816-scaled.jpg,https://thekabilincenter.org/san-vicente-ferrer-5/,SAN VICENTE FERRER,,true,https://thekabilincenter.org/wp-content/uploads/2023/10/DSC00812-768x1369.jpg,https://thekabilincenter.org/san-vicente-ferrer-5/,DSC00812-768x1369.jpg
holy-men-and-women-of-god,SAN VICENTE FERRER,holy-men-and-women-of-god-san-vicente-ferrer-6,110-DSC00835-scaled.jpg,../tod-gallery-images/holy-men-and-women-of-god/110-DSC00835-scaled.jpg,"SAN VICENTE FERRER

Height :

Nuestra Señora del Patrocinio de Maria Parish Church

Boljoon, Cebu

Accession no. BPM-",,"Boljoon, Cebu",,Height :,,Nuestra Señora del Patrocinio de Maria Parish Church,BPM-,73,parent_anchor_img+child_elementor_text_editor+attachment_metadata+label-and-pattern,,https://thekabilincenter.org/wp-content/uploads/2023/11/DSC00843-scaled.jpg,https://thekabilincenter.org/san-vicente-ferrer-6/,SAN VICENTE FERRER,,true,https://thekabilincenter.org/wp-content/uploads/2023/10/DSC00835-768x1369.jpg,https://thekabilincenter.org/san-vicente-ferrer-6/,DSC00835-768x1369.jpg
holy-men-and-women-of-god,SAN VICENTE FERRER,holy-men-and-women-of-god-san-vicente-ferrer-7,116-DSC00416-scaled.jpg,../tod-gallery-images/holy-men-and-women-of-god/116-DSC00416-scaled.jpg,"SAN VICENTE FERRER

Polychromed wood

Height: 31cm

Archdiocesan Shrine of San Miguel Arcangel

Argao, Cebu

Accession no. APM-RO-SV-024",,"Argao, Cebu",Polychromed wood,Height: 31cm,,Archdiocesan Shrine of San Miguel Arcangel,APM-RO-SV-024,74,parent_anchor_img+child_elementor_text_editor+attachment_metadata+label-and-pattern,,https://thekabilincenter.org/wp-content/uploads/2023/11/DSC00418-scaled.jpg,https://thekabilincenter.org/san-vicente-ferrer-7/,SAN VICENTE FERRER,,true,https://thekabilincenter.org/wp-content/uploads/2023/10/DSC00416-768x1369.jpg,https://thekabilincenter.org/san-vicente-ferrer-7/,DSC00416-768x1369.jpg
holy-men-and-women-of-god,SAN ISIDRO LABRADOR STATUE,holy-men-and-women-of-god-san-isidro-labrador-statue,117-DSC00393-1-scaled.jpg,../tod-gallery-images/holy-men-and-women-of-god/117-DSC00393-1-scaled.jpg,"SAN ISIDRO LABRADOR STATUE

Remnants of enamel paint and latex

Height: 36cm

Archdiocesan Shrine of San Miguel Arcangel

Argao, Cebu

Accession no. APM-RO-SV-027",,"Argao, Cebu",,Height: 36cm,,Archdiocesan Shrine of San Miguel Arcangel,APM-RO-SV-027,75,parent_anchor_img+child_elementor_text_editor+attachment_metadata+label-and-pattern,Unresolved description block(s): Remnants of enamel paint and latex,https://thekabilincenter.org/wp-content/uploads/2023/11/DSC00396-scaled.jpg,https://thekabilincenter.org/san-isidro-labrador-statue/,SAN ISIDRO LABRADOR STATUE,,true,https://thekabilincenter.org/wp-content/uploads/2023/10/DSC00393-1-768x431.jpg,https://thekabilincenter.org/san-isidro-labrador-statue/,DSC00393-1-768x431.jpg
holy-men-and-women-of-god,SAINT FRANCIS,holy-men-and-women-of-god-saint-francis-2,118-DSC00522-1-scaled.jpg,../tod-gallery-images/holy-men-and-women-of-god/118-DSC00522-1-scaled.jpg,"SAINT FRANCIS

De bulto

Polychromed wood, glass eyes

Height: 100cm

Archdiocesan Shrine of San Miguel Arcangel

Argao, Cebu

Accession no. APM-RO-SV-034",,"Argao, Cebu","De bulto

Polychromed wood, glass eyes",Height: 100cm,,Archdiocesan Shrine of San Miguel Arcangel,APM-RO-SV-034,76,parent_anchor_img+child_elementor_text_editor+attachment_metadata+label-and-pattern,,https://thekabilincenter.org/wp-content/uploads/2023/11/DSC00524-scaled.jpg,https://thekabilincenter.org/saint-francis-2/,SAINT FRANCIS,,true,https://thekabilincenter.org/wp-content/uploads/2023/10/DSC00522-1-768x1369.jpg,https://thekabilincenter.org/saint-francis-2/,DSC00522-1-768x1369.jpg
holy-men-and-women-of-god,SAINT MONICA,holy-men-and-women-of-god-saint-monica,119-DSC00608-scaled.jpg,../tod-gallery-images/holy-men-and-women-of-god/119-DSC00608-scaled.jpg,"SAINT MONICA

De bulto , polychromed wood, old black velvet vestment and shawl with golden floral ornaments

Height: 74cm

Accession no. APM-RO-SV-037

Archdiocesan Shrine of San Miguel Arcangel

Argao , Cebu",,"Argao , Cebu","De bulto , polychromed wood, old black velvet vestment and shawl with golden floral ornaments",Height: 74cm,,Archdiocesan Shrine of San Miguel Arcangel,APM-RO-SV-037,77,parent_anchor_img+child_elementor_text_editor+attachment_metadata+label-and-pattern,,https://thekabilincenter.org/wp-content/uploads/2023/11/DSC00610-scaled.jpg,https://thekabilincenter.org/saint-monica/,SAINT MONICA,,true,https://thekabilincenter.org/wp-content/uploads/2023/10/DSC00608-768x1369.jpg,https://thekabilincenter.org/saint-monica/,DSC00608-768x1369.jpg
holy-men-and-women-of-god,SAINT AUGUSTINE,holy-men-and-women-of-god-saint-augustine-3,120-DSC00582-scaled.jpg,../tod-gallery-images/holy-men-and-women-of-god/120-DSC00582-scaled.jpg,"SAINT AUGUSTINE

De bulto , polychromed wood, glass eyes, old black velvet vestment adorned with golden floral ornaments

Height: 76cm

Accession no. APM-RO-SV-038

Archdiocesan Shrine of San Miguel Arcangel

Argao , Cebu",,"Argao , Cebu","De bulto , polychromed wood, glass eyes, old black velvet vestment adorned with golden floral ornaments",Height: 76cm,,Archdiocesan Shrine of San Miguel Arcangel,APM-RO-SV-038,78,parent_anchor_img+child_elementor_text_editor+attachment_metadata+label-and-pattern,,https://thekabilincenter.org/wp-content/uploads/2023/11/DSC00591-1-scaled.jpg,https://thekabilincenter.org/saint-augustine-3/,SAINT AUGUSTINE,,true,https://thekabilincenter.org/wp-content/uploads/2023/10/DSC00582-768x1369.jpg,https://thekabilincenter.org/saint-augustine-3/,DSC00582-768x1369.jpg
holy-men-and-women-of-god,SAN JUAN BAUTISTA,holy-men-and-women-of-god-san-juan-bautista,126-DSC00222-scaled.jpg,../tod-gallery-images/holy-men-and-women-of-god/126-DSC00222-scaled.jpg,"SAN JUAN BAUTISTA

De bulto

Polychromed wood, glass eyes

Height: 110cm

Archdiocesan Shrine of San Miguel Arcangel

Argao, Cebu

Accession no. APM-RO-SV-041",,"Argao, Cebu","De bulto

Polychromed wood, glass eyes",Height: 110cm,,Archdiocesan Shrine of San Miguel Arcangel,APM-RO-SV-041,79,parent_anchor_img+child_elementor_text_editor+attachment_metadata+label-and-pattern,,https://thekabilincenter.org/wp-content/uploads/2023/11/DSC00223-scaled.jpg,https://thekabilincenter.org/san-juan-bautista/,SAN JUAN BAUTISTA,,true,https://thekabilincenter.org/wp-content/uploads/2023/10/DSC00222-768x1369.jpg,https://thekabilincenter.org/san-juan-bautista/,DSC00222-768x1369.jpg
holy-men-and-women-of-god,SAN JUAN (BAPTISM SCENE),holy-men-and-women-of-god-san-juan-baptism-scene,127-DSC01308-scaled.jpg,../tod-gallery-images/holy-men-and-women-of-god/127-DSC01308-scaled.jpg,"SAN JUAN (BAPTISM SCENE)

De bulto, polychromed wood, glass eyes

Height: 106cm

Archdiocesan Shrine of San Miguel Arcangel

Argao, Cebu

Accession no. APM-RO-SV-046",,"Argao, Cebu","De bulto, polychromed wood, glass eyes",Height: 106cm,,Archdiocesan Shrine of San Miguel Arcangel,APM-RO-SV-046,80,parent_anchor_img+child_elementor_text_editor+attachment_metadata+label-and-pattern,,https://thekabilincenter.org/wp-content/uploads/2023/11/DSC01310-scaled.jpg,https://thekabilincenter.org/san-juan-baptism-scene/,SAN JUAN (BAPTISM SCENE),,true,https://thekabilincenter.org/wp-content/uploads/2023/10/DSC01308-768x1369.jpg,https://thekabilincenter.org/san-juan-baptism-scene/,DSC01308-768x1369.jpg
holy-men-and-women-of-god,SANTO TOMAS DE VILLANUEVA,holy-men-and-women-of-god-santo-tomas-de-villanueva-2,133-DSC00808-scaled.jpg,../tod-gallery-images/holy-men-and-women-of-god/133-DSC00808-scaled.jpg,"SANTO TOMAS DE VILLANUEVA

De bulto

Polychromed wood, glass eyes

Height: 110cm

Archdiocesan Shrine of San Miguel Arcangel

Argao, Cebu

Accession no. APM-RO-SV-041",,"Argao, Cebu","De bulto

Polychromed wood, glass eyes",Height: 110cm,,Archdiocesan Shrine of San Miguel Arcangel,APM-RO-SV-041,81,parent_anchor_img+child_elementor_text_editor+attachment_metadata+label-and-pattern,,https://thekabilincenter.org/wp-content/uploads/2023/11/DSC00808-scaled.jpg,https://thekabilincenter.org/santo-tomas-de-villanueva-2/,SANTO TOMAS DE VILLANUEVA,,true,https://thekabilincenter.org/wp-content/uploads/2023/10/DSC00808-768x1369.jpg,https://thekabilincenter.org/santo-tomas-de-villanueva-2/,DSC00808-768x1369.jpg
holy-men-and-women-of-god,SAN PEDRO,holy-men-and-women-of-god-san-pedro,134-DSC00896-scaled.jpg,../tod-gallery-images/holy-men-and-women-of-god/134-DSC00896-scaled.jpg,"SAN PEDRO

De bulto

polychromed wood, glass eyes

Height: 115cm

Archdiocesan Shrine of San Miguel Arcangel

Argao, Cebu

Accession no. APM-RO-SV-057",,"Argao, Cebu","De bulto

polychromed wood, glass eyes",Height: 115cm,,Archdiocesan Shrine of San Miguel Arcangel,APM-RO-SV-057,82,parent_anchor_img+child_elementor_text_editor+attachment_metadata+label-and-pattern,,https://thekabilincenter.org/wp-content/uploads/2023/11/DSC00899-scaled.jpg,https://thekabilincenter.org/san-pedro/,SAN PEDRO,,true,https://thekabilincenter.org/wp-content/uploads/2023/10/DSC00896-768x1369.jpg,https://thekabilincenter.org/san-pedro/,DSC00896-768x1369.jpg
holy-men-and-women-of-god,SANTA VERONICA,holy-men-and-women-of-god-santa-veronica,135-DSC00950-scaled.jpg,../tod-gallery-images/holy-men-and-women-of-god/135-DSC00950-scaled.jpg,"SANTA VERONICA

De bulto

Polychromed wood

Height: 103cm

Archdiocesan Shrine of San Miguel Arcangel

Argao, Cebu

Accession no. APM-RO-SV-056",,"Argao, Cebu","De bulto

Polychromed wood",Height: 103cm,,Archdiocesan Shrine of San Miguel Arcangel,APM-RO-SV-056,83,parent_anchor_img+child_elementor_text_editor+attachment_metadata+label-and-pattern,,https://thekabilincenter.org/wp-content/uploads/2023/11/DSC00956-scaled.jpg,https://thekabilincenter.org/santa-veronica/,SANTA VERONICA,,true,https://thekabilincenter.org/wp-content/uploads/2023/10/DSC00950-768x1369.jpg,https://thekabilincenter.org/santa-veronica/,DSC00950-768x1369.jpg
holy-men-and-women-of-god,SAN JUAN NEPOMUCENO,holy-men-and-women-of-god-san-juan-nepomuceno-2,136-DSC00063-2-scaled.jpg,../tod-gallery-images/holy-men-and-women-of-god/136-DSC00063-2-scaled.jpg,"SAN JUAN NEPOMUCENO

Glass eyes

Height: 151cm

Saints Peter and Paul Parish Church

Santa Fe, Bantayan Island, Cebu

Accession no. BIPM-RO-SV-010",,"Santa Fe, Bantayan Island, Cebu",Glass eyes,Height: 151cm,,Saints Peter and Paul Parish Church,BIPM-RO-SV-010,84,parent_anchor_img+child_elementor_text_editor+attachment_metadata+label-and-pattern,,https://thekabilincenter.org/wp-content/uploads/2023/11/DSC00069-2-scaled.jpg,https://thekabilincenter.org/san-juan-nepomuceno-2/,SAN JUAN NEPOMUCENO,,true,https://thekabilincenter.org/wp-content/uploads/2023/10/DSC00063-2-768x1369.jpg,https://thekabilincenter.org/san-juan-nepomuceno-2/,DSC00063-2-768x1369.jpg
holy-men-and-women-of-god,SAINT PETER,holy-men-and-women-of-god-saint-peter-3,137-DSC00126-2-scaled.jpg,../tod-gallery-images/holy-men-and-women-of-god/137-DSC00126-2-scaled.jpg,"SAINT PETER

glass eyes

Height (sitting figure): 118cm

Saints Peter and Paul Parish Church

Santa Fe, Bantayan Island, Cebu

Accession no. BIPM-RO-SV-019",,"Santa Fe, Bantayan Island, Cebu",glass eyes,Height (sitting figure): 118cm,,Saints Peter and Paul Parish Church,BIPM-RO-SV-019,85,parent_anchor_img+child_elementor_text_editor+attachment_metadata+label-and-pattern,,https://thekabilincenter.org/wp-content/uploads/2023/11/DSC00138-2-scaled.jpg,https://thekabilincenter.org/saint-peter-3/,SAINT PETER,,true,https://thekabilincenter.org/wp-content/uploads/2023/10/DSC00126-2-768x1369.jpg,https://thekabilincenter.org/saint-peter-3/,DSC00126-2-768x1369.jpg
holy-men-and-women-of-god,SAN DAMASO,holy-men-and-women-of-god-san-damaso,138-DSC00335-2-scaled.jpg,../tod-gallery-images/holy-men-and-women-of-god/138-DSC00335-2-scaled.jpg,"SAN DAMASO

glass eyes

Height: 127cm

Saints Peter and Paul Parish Church

Santa Fe, Bantayan Island, Cebu

Accession no. BIPM-RO-SV-035",,"Santa Fe, Bantayan Island, Cebu",glass eyes,Height: 127cm,,Saints Peter and Paul Parish Church,BIPM-RO-SV-035,86,parent_anchor_img+child_elementor_text_editor+attachment_metadata+label-and-pattern,,https://thekabilincenter.org/wp-content/uploads/2023/11/DSC00339-2.jpg,https://thekabilincenter.org/san-damaso/,SAN DAMASO,,true,https://thekabilincenter.org/wp-content/uploads/2023/10/DSC00335-2-768x1369.jpg,https://thekabilincenter.org/san-damaso/,DSC00335-2-768x1369.jpg
holy-men-and-women-of-god,SAN ROQUE,holy-men-and-women-of-god-san-roque-6,144-DSC00424-2-scaled.jpg,../tod-gallery-images/holy-men-and-women-of-god/144-DSC00424-2-scaled.jpg,"SAN ROQUE

iron staff, glass eyes

Height: 113cm

Saints Peter and Paul Parish Church

Santa Fe, Bantayan Island, Cebu

Accession no. BIPM-RO-SV-036",,"Santa Fe, Bantayan Island, Cebu","iron staff, glass eyes",Height: 113cm,,Saints Peter and Paul Parish Church,BIPM-RO-SV-036,87,parent_anchor_img+child_elementor_text_editor+attachment_metadata+label-and-pattern,,https://thekabilincenter.org/wp-content/uploads/2023/11/DSC00424-2-scaled.jpg,https://thekabilincenter.org/san-roque-6/,SAN ROQUE,,true,https://thekabilincenter.org/wp-content/uploads/2023/10/DSC00424-2-768x1369.jpg,https://thekabilincenter.org/san-roque-6/,DSC00424-2-768x1369.jpg
holy-men-and-women-of-god,SAN VICENTE FERRER,holy-men-and-women-of-god-san-vicente-ferrer-8,145-DSC00731-2-scaled.jpg,../tod-gallery-images/holy-men-and-women-of-god/145-DSC00731-2-scaled.jpg,"SAN VICENTE FERRER

Height: 38cm

HOUSE COLLECTION

Santa Fe, Bantayan Island, Cebu

Accession no. BIPM-RO-SV-005",,"Santa Fe, Bantayan Island, Cebu",,Height: 38cm,HOUSE COLLECTION,,BIPM-RO-SV-005,88,parent_anchor_img+child_elementor_text_editor+attachment_metadata+label-and-pattern,,https://thekabilincenter.org/wp-content/uploads/2023/11/DSC00734-2-scaled.jpg,https://thekabilincenter.org/san-vicente-ferrer-8/,SAN VICENTE FERRER,,true,https://thekabilincenter.org/wp-content/uploads/2023/10/DSC00731-2-768x1369.jpg,https://thekabilincenter.org/san-vicente-ferrer-8/,DSC00731-2-768x1369.jpg
holy-men-and-women-of-god,SAN VICENTE FERRER (SMALL),holy-men-and-women-of-god-san-vicente-ferrer-small,151-DSC00943-2-scaled.jpg,../tod-gallery-images/holy-men-and-women-of-god/151-DSC00943-2-scaled.jpg,"SAN VICENTE FERRER (SMALL)

Height: 36cm

(HOUSE COLLECTION) CHAPEL

Santa Fe, Bantayan Island, Cebu

Accession no. BIPM-RO-SV-006",,"Santa Fe, Bantayan Island, Cebu",,Height: 36cm,(HOUSE COLLECTION) CHAPEL,,BIPM-RO-SV-006,89,parent_anchor_img+child_elementor_text_editor+attachment_metadata+label-and-pattern,,https://thekabilincenter.org/wp-content/uploads/2023/11/DSC00950-2-1-scaled.jpg,https://thekabilincenter.org/san-vicente-ferrer-small/,SAN VICENTE FERRER (SMALL),,true,https://thekabilincenter.org/wp-content/uploads/2023/10/DSC00943-2-768x1369.jpg,https://thekabilincenter.org/san-vicente-ferrer-small/,DSC00943-2-768x1369.jpg
holy-men-and-women-of-god,CATHEDRA PETRI,holy-men-and-women-of-god-cathedra-petri,157-DSC03344-scaled.jpg,../tod-gallery-images/holy-men-and-women-of-god/157-DSC03344-scaled.jpg,"CATHEDRA PETRI

Bas-relief from the old altar

Saints Peter and Paul Parish Church

Santa Fe, Bantayan Island, Cebu

Accession no. BIPM-RO-SV-008",,"Santa Fe, Bantayan Island, Cebu",,,,Saints Peter and Paul Parish Church,BIPM-RO-SV-008,90,parent_anchor_img+child_elementor_text_editor+attachment_metadata+label-and-pattern,Unresolved description block(s): Bas-relief from the old altar,https://thekabilincenter.org/wp-content/uploads/2023/11/DSC03351-scaled.jpg,https://thekabilincenter.org/cathedra-petri/,CATHEDRA PETRI,,true,https://thekabilincenter.org/wp-content/uploads/2023/10/DSC03344-768x1369.jpg,https://thekabilincenter.org/cathedra-petri/,DSC03344-768x1369.jpg
holy-men-and-women-of-god,SAINT CATHERINE ORIGINAL FACE,holy-men-and-women-of-god-saint-catherine-original-face,158-DSC00118-1.jpg,../tod-gallery-images/holy-men-and-women-of-god/158-DSC00118-1.jpg,"SAINT CATHERINE ORIGINAL FACE

Detailed de bastidor

Original height: 3-4”

Archdiocesan Shrine of Saint Catherine of Alexandria

Carcar City, Cebu

Accession no. CPM-RO-SV-003",,"Carcar City, Cebu",Detailed de bastidor,Original height: 3-4”,,Archdiocesan Shrine of Saint Catherine of Alexandria,CPM-RO-SV-003,91,parent_anchor_img+child_elementor_text_editor+attachment_metadata+label-and-pattern,,https://thekabilincenter.org/wp-content/uploads/2023/10/DSC00118-1.jpg,https://thekabilincenter.org/saint-catherine-original-face/,SAINT CATHERINE ORIGINAL FACE,,true,https://thekabilincenter.org/wp-content/uploads/2023/10/DSC00118-1.jpg,https://thekabilincenter.org/saint-catherine-original-face/,DSC00118-1.jpg
holy-men-and-women-of-god,SAN GUILLERMO PROCESSIONAL IMAGE (ORIGINAL),holy-men-and-women-of-god-san-guillermo-processional-image-original,164-DSC02089-scaled.jpg,../tod-gallery-images/holy-men-and-women-of-god/164-DSC02089-scaled.jpg,"SAN GUILLERMO PROCESSIONAL IMAGE (ORIGINAL)

Polychromed wood, ivory head and hands, glass eyes; black fabric with gold thread; ivory corpus (crucifix)

Height: 142cm

San Guillermo de Aquitania Parish Church

Dalaguete, Cebu

Accession no. DPM-RO-SV-006",,"Dalaguete, Cebu","Polychromed wood, ivory head and hands, glass eyes; black fabric with gold thread; ivory corpus (crucifix)",Height: 142cm,,San Guillermo de Aquitania Parish Church,DPM-RO-SV-006,92,parent_anchor_img+child_elementor_text_editor+attachment_metadata+label-and-pattern,,https://thekabilincenter.org/wp-content/uploads/2023/11/DSC02089-scaled.jpg,https://thekabilincenter.org/san-guillermo-processional-image-original/,SAN GUILLERMO PROCESSIONAL IMAGE (ORIGINAL),,true,https://thekabilincenter.org/wp-content/uploads/2023/11/DSC02089-768x1369.jpg,https://thekabilincenter.org/san-guillermo-processional-image-original/,DSC02089-768x1369.jpg
holy-men-and-women-of-god,SAINT GUILLERMO,holy-men-and-women-of-god-saint-guillermo,170-DSC00505-scaled.jpg,../tod-gallery-images/holy-men-and-women-of-god/170-DSC00505-scaled.jpg,"SAINT GUILLERMO

Polychromed wood, glass eyes

Height: 184cm

San Guillermo de Aquitania Parish Church

Dalaguete, Cebu

Accession no. DPM-RO-SV-044",,"Dalaguete, Cebu","Polychromed wood, glass eyes",Height: 184cm,,San Guillermo de Aquitania Parish Church,DPM-RO-SV-044,93,parent_anchor_img+child_elementor_text_editor+attachment_metadata+label-and-pattern,,https://thekabilincenter.org/wp-content/uploads/2023/10/DSC00505-scaled.jpg,https://thekabilincenter.org/saint-guillermo/,SAINT GUILLERMO,,true,https://thekabilincenter.org/wp-content/uploads/2023/10/DSC00505-768x1369.jpg,https://thekabilincenter.org/saint-guillermo/,DSC00505-768x1369.jpg
home-devotions,ALTAR SET,home-devotions-altar-set,002-DSC01952-2-scaled.jpg,../tod-gallery-images/home-devotions/002-DSC01952-2-scaled.jpg,"ALTAR SET

Various religious objects in various sizes

Cebu Metropolitan Cathedral

Cebu City

Accessions no. CMC-RO-SV-008",,Cebu City,,,,Cebu Metropolitan Cathedral,s no. CMC-RO-SV-008,1,parent_anchor_img+child_elementor_text_editor+attachment_metadata+label-and-pattern,Unresolved description block(s): Various religious objects in various sizes,https://thekabilincenter.org/wp-content/uploads/2023/10/DSC01957-2-scaled.jpg,https://thekabilincenter.org/altar-set/,ALTAR SET,,true,https://thekabilincenter.org/wp-content/uploads/2023/10/DSC01952-2-768x431.jpg,https://thekabilincenter.org/altar-set/,DSC01952-2-768x431.jpg
home-devotions,OUR LADY OF FATIMA,home-devotions-our-lady-of-fatima,003-DSC00268-3-scaled.jpg,../tod-gallery-images/home-devotions/003-DSC00268-3-scaled.jpg,"OUR LADY OF FATIMA

Plaster

Height: 115cm

Our Lady of the Immaculate Conception Parish Church

Oslob , Cebu

Accession no. ICP-RO-SV-026",,"Oslob , Cebu",,Height: 115cm,,Our Lady of the Immaculate Conception Parish Church,ICP-RO-SV-026,2,parent_anchor_img+child_elementor_text_editor+attachment_metadata+label-and-pattern,Unresolved description block(s): Plaster,https://thekabilincenter.org/wp-content/uploads/2023/10/DSC00310-3-scaled.jpg,https://thekabilincenter.org/our-lady-of-fatima/,OUR LADY OF FATIMA,,true,https://thekabilincenter.org/wp-content/uploads/2023/10/DSC00268-3-768x1369.jpg,https://thekabilincenter.org/our-lady-of-fatima/,DSC00268-3-768x1369.jpg
home-devotions,SACRED HEART,home-devotions-sacred-heart,004-DSC03822-scaled.jpg,../tod-gallery-images/home-devotions/004-DSC03822-scaled.jpg,"SACRED HEART

Plaster

Height: 43cm

Our Lady of the Immaculate Conception Parish Church

Oslob , Cebu

Accession no. ICP-RO-SV-003",,"Oslob , Cebu",,Height: 43cm,,Our Lady of the Immaculate Conception Parish Church,ICP-RO-SV-003,3,parent_anchor_img+child_elementor_text_editor+attachment_metadata+label-and-pattern,Unresolved description block(s): Plaster,https://thekabilincenter.org/wp-content/uploads/2023/10/DSC03839-scaled.jpg,https://thekabilincenter.org/sacred-heart/,SACRED HEART,,true,https://thekabilincenter.org/wp-content/uploads/2023/10/DSC03822-768x1369.jpg,https://thekabilincenter.org/sacred-heart/,DSC03822-768x1369.jpg
home-devotions,IMAGE USED FOR BLOCK ROSARY,home-devotions-image-used-for-block-rosary,005-1-DSC00767-2-scaled.jpg,../tod-gallery-images/home-devotions/005-1-DSC00767-2-scaled.jpg,"IMAGE USED FOR BLOCK ROSARY

Total Height (Case): 50cm

Santo Tomas de Villanueva Parish Church

Danao City, Cebu

Accession no. STVP-RO-SV-026",,"Danao City, Cebu",,Total Height (Case): 50cm,,Santo Tomas de Villanueva Parish Church,STVP-RO-SV-026,4,parent_anchor_img+child_elementor_text_editor+attachment_metadata+label-and-pattern,,https://thekabilincenter.org/wp-content/uploads/2023/10/DSC00762-2-scaled.jpg,https://thekabilincenter.org/image-used-for-block-rosary/,IMAGE USED FOR BLOCK ROSARY,,true,https://thekabilincenter.org/wp-content/uploads/2023/10/1-DSC00767-2-768x1369.jpg,https://thekabilincenter.org/image-used-for-block-rosary/,1-DSC00767-2-768x1369.jpg
home-devotions,IMAGE USED FOR BLOCK ROSARY,home-devotions-image-used-for-block-rosary-2,006-DSC00794-2-scaled.jpg,../tod-gallery-images/home-devotions/006-DSC00794-2-scaled.jpg,"IMAGE USED FOR BLOCK ROSARY

Height: 38cm

Santo Tomas de Villanueva Parish Church

Danao City, Cebu

Accession no. STVP-RO-SV-027",,"Danao City, Cebu",,Height: 38cm,,Santo Tomas de Villanueva Parish Church,STVP-RO-SV-027,5,parent_anchor_img+child_elementor_text_editor+attachment_metadata+label-and-pattern,,https://thekabilincenter.org/wp-content/uploads/2023/10/DSC00794-2-1-scaled.jpg,https://thekabilincenter.org/image-used-for-block-rosary-2/,IMAGE USED FOR BLOCK ROSARY,,true,https://thekabilincenter.org/wp-content/uploads/2023/10/DSC00794-2-768x1430.jpg,https://thekabilincenter.org/image-used-for-block-rosary-2/,DSC00794-2-768x1430.jpg
home-devotions,IMAGE USED FOR BLOCK ROSARY,home-devotions-image-used-for-block-rosary-3,007-DSC00775-2-scaled.jpg,../tod-gallery-images/home-devotions/007-DSC00775-2-scaled.jpg,"IMAGE USED FOR BLOCK ROSARY

Height: 57cm

Santo Tomas de Villanueva Parish Church

Danao City, Cebu

Accession no. STVP-RO-SV-029",,"Danao City, Cebu",,Height: 57cm,,Santo Tomas de Villanueva Parish Church,STVP-RO-SV-029,6,parent_anchor_img+child_elementor_text_editor+attachment_metadata+label-and-pattern,,https://thekabilincenter.org/wp-content/uploads/2023/10/DSC00775-2-1-scaled.jpg,https://thekabilincenter.org/image-used-for-block-rosary-3/,IMAGE USED FOR BLOCK ROSARY,,true,https://thekabilincenter.org/wp-content/uploads/2023/10/DSC00775-2-768x1369.jpg,https://thekabilincenter.org/image-used-for-block-rosary-3/,DSC00775-2-768x1369.jpg
home-devotions,VIRGIN STATUE,home-devotions-virgin-statue,013-DSC01261-scaled.jpg,../tod-gallery-images/home-devotions/013-DSC01261-scaled.jpg,"VIRGIN STATUE

Wooden base and body, ivory head and hands

Height: 38cm

Archdiocesan Shrine of San Miguel Arcangel

Argao, Cebu

Accession no. APM-RO-SV-080",,"Argao, Cebu","Wooden base and body, ivory head and hands",Height: 38cm,,Archdiocesan Shrine of San Miguel Arcangel,APM-RO-SV-080,7,parent_anchor_img+child_elementor_text_editor+attachment_metadata+label-and-pattern,,https://thekabilincenter.org/wp-content/uploads/2023/10/DSC01265-scaled.jpg,https://thekabilincenter.org/virgin-statue/,VIRGIN STATUE,,true,https://thekabilincenter.org/wp-content/uploads/2023/10/DSC01261-768x1369.jpg,https://thekabilincenter.org/virgin-statue/,DSC01261-768x1369.jpg
home-devotions,FRAMED LAGANG,home-devotions-framed-lagang,014-DSC01083-scaled.jpg,../tod-gallery-images/home-devotions/014-DSC01083-scaled.jpg,"FRAMED LAGANG

Wooden frame with shells

Height: Dimensions: 62 x 48cm

Previously owned by Dona Francisca Minoza y Lucau

Archdiocesan Shrine of San Miguel Arcangel

Argao, Cebu

Accession no. APM-RO-SV-0 52",,"Argao, Cebu",Wooden frame with shells,Height: Dimensions: 62 x 48cm,,"Previously owned by Dona Francisca Minoza y Lucau

Archdiocesan Shrine of San Miguel Arcangel",APM-RO-SV-0 52,8,parent_anchor_img+child_elementor_text_editor+attachment_metadata+label-and-pattern,Multiple institution or owner values were preserved.,https://thekabilincenter.org/wp-content/uploads/2023/10/DSC01084-scaled.jpg,https://thekabilincenter.org/framed-lagang/,FRAMED LAGANG,,true,https://thekabilincenter.org/wp-content/uploads/2023/10/DSC01083-768x1401.jpg,https://thekabilincenter.org/framed-lagang/,DSC01083-768x1401.jpg
home-devotions,FRAMED LAGANG,home-devotions-framed-lagang-2,015-DSC01071-scaled.jpg,../tod-gallery-images/home-devotions/015-DSC01071-scaled.jpg,"FRAMED LAGANG

Wooden frame with shells

Dimensions: 62 x 48cm

Archdiocesan Shrine of San Miguel Arcangel

Argao, Cebu

Accession no. APM-RO-SV-053",,"Argao, Cebu",Wooden frame with shells,Dimensions: 62 x 48cm,,Archdiocesan Shrine of San Miguel Arcangel,APM-RO-SV-053,9,parent_anchor_img+child_elementor_text_editor+attachment_metadata+label-and-pattern,,https://thekabilincenter.org/wp-content/uploads/2023/10/DSC01073-scaled.jpg,https://thekabilincenter.org/framed-lagang-2/,FRAMED LAGANG,,true,https://thekabilincenter.org/wp-content/uploads/2023/10/DSC01071-768x1369.jpg,https://thekabilincenter.org/framed-lagang-2/,DSC01071-768x1369.jpg
home-devotions,FRAMED LAGANG,home-devotions-framed-lagang-3,016-DSC01058-scaled.jpg,../tod-gallery-images/home-devotions/016-DSC01058-scaled.jpg,"FRAMED LAGANG

Wooden frame with shells

Dimensions: 49 x 40cm

Archdiocesan Shrine of San Miguel Arcangel

Argao, Cebu

Accession no. APM-RO-SV-054",,"Argao, Cebu",Wooden frame with shells,Dimensions: 49 x 40cm,,Archdiocesan Shrine of San Miguel Arcangel,APM-RO-SV-054,10,parent_anchor_img+child_elementor_text_editor+attachment_metadata+label-and-pattern,,https://thekabilincenter.org/wp-content/uploads/2023/10/DSC01058-1-scaled.jpg,https://thekabilincenter.org/framed-lagang-3/,FRAMED LAGANG,,true,https://thekabilincenter.org/wp-content/uploads/2023/10/DSC01058-768x1369.jpg,https://thekabilincenter.org/framed-lagang-3/,DSC01058-768x1369.jpg
home-devotions,CRUCIFIX INSIDE RELIQUARY,home-devotions-crucifix-inside-reliquary,017-DSC00805-2-scaled.jpg,../tod-gallery-images/home-devotions/017-DSC00805-2-scaled.jpg,"CRUCIFIX INSIDE RELIQUARY

Height: 60cm

HOUSE COLLECTION - CHAPEL

Santa Fe, Bantayan Island, Cebu

Accession no. BIPM-RO-SV-002",,"Santa Fe, Bantayan Island, Cebu",,Height: 60cm,HOUSE COLLECTION - CHAPEL,,BIPM-RO-SV-002,11,parent_anchor_img+child_elementor_text_editor+attachment_metadata+label-and-pattern,,https://thekabilincenter.org/wp-content/uploads/2023/10/DSC00814-2-scaled.jpg,https://thekabilincenter.org/crucifix-inside-reliquary/,CRUCIFIX INSIDE RELIQUARY,,true,https://thekabilincenter.org/wp-content/uploads/2023/10/DSC00805-2-768x1369.jpg,https://thekabilincenter.org/crucifix-inside-reliquary/,DSC00805-2-768x1369.jpg
home-devotions,"PRAYER BOOK; EL PERFECTO CHRISTIANO, PARALEVANTOR EL SPIRITO ADIOS",home-devotions-prayer-book-el-perfecto-christiano-paralevantor-el-spirito-adios,018-DSC00061-scaled.jpg,../tod-gallery-images/home-devotions/018-DSC00061-scaled.jpg,"PRAYER BOOK; EL PERFECTO CHRISTIANO, PARALEVANTOR EL SPIRITO ADIOS

boar skin, point on parchment

Dimensions: 7 x 10cm

Archdiocesan Shrine of Santa Ana

Barili , Cebu

Accession no. BAPM-RO-SV-007",,"Barili , Cebu",,Dimensions: 7 x 10cm,,Archdiocesan Shrine of Santa Ana,BAPM-RO-SV-007,12,parent_anchor_img+child_elementor_text_editor+attachment_metadata+label-and-pattern,"Unresolved description block(s): boar skin, point on parchment",https://thekabilincenter.org/wp-content/uploads/2023/10/DSC00062-scaled.jpg,https://thekabilincenter.org/prayer-book-el-perfecto-christiano-paralevantor-el-spirito-adios/,"PRAYER BOOK; EL PERFECTO CHRISTIANO, PARALEVANTOR EL SPIRITO ADIOS",,true,https://thekabilincenter.org/wp-content/uploads/2023/10/DSC00061-768x431.jpg,https://thekabilincenter.org/prayer-book-el-perfecto-christiano-paralevantor-el-spirito-adios/,DSC00061-768x431.jpg
home-devotions,COMBATE ESPIRITUAL,home-devotions-combate-espiritual,019-DSC00304-1-scaled.jpg,../tod-gallery-images/home-devotions/019-DSC00304-1-scaled.jpg,"COMBATE ESPIRITUAL

Dimension: 9 x 14cm

Archdiocesan Shrine of Santa Ana

Barili , Cebu

Accession no. BAPM-RO-SV-030",,"Barili , Cebu",,Dimension: 9 x 14cm,,Archdiocesan Shrine of Santa Ana,BAPM-RO-SV-030,13,parent_anchor_img+child_elementor_text_editor+attachment_metadata+label-and-pattern,,https://thekabilincenter.org/wp-content/uploads/2023/10/DSC00304-2-scaled.jpg,https://thekabilincenter.org/combate-espiritual/,COMBATE ESPIRITUAL,,true,https://thekabilincenter.org/wp-content/uploads/2023/10/DSC00304-1-768x431.jpg,https://thekabilincenter.org/combate-espiritual/,DSC00304-1-768x431.jpg
images-of-christ,SANTO NIÑO,images-of-christ-santo-nino,018-1-thumbnail-scaled.jpg,../tod-gallery-images/images-of-christ/018-1-thumbnail-scaled.jpg,"SANTO NIÑO

18th century

Inayawan, Pardo, Cebu

Height: 16.51cm

STC Folklife Museum

Saint Theresa’s College, Cebu City

Accession number: STC-202",18th century,"Inayawan, Pardo, Cebu",,Height: 16.51cm,STC Folklife Museum,"Saint Theresa’s College, Cebu City",STC-202,1,parent_anchor_img+child_elementor_text_editor+attachment_metadata+label-and-pattern,,https://thekabilincenter.org/wp-content/uploads/2023/01/DSC03311-copy-scaled.jpg,https://thekabilincenter.org/santo-nino/,SANTO NIÑO,,true,https://thekabilincenter.org/wp-content/uploads/2022/12/1-thumbnail-768x1369.jpg,https://thekabilincenter.org/santo-nino/,1-thumbnail-768x1369.jpg
images-of-christ,SANTO NIÑO,images-of-christ-santo-nino-2,018-1-thumbnail-scaled.jpg,../tod-gallery-images/images-of-christ/018-1-thumbnail-scaled.jpg,"SANTO NIÑO

19th century

Cordova, Cebu

De tallado, polychromed wood

Height: 20.83cm

STC Folklife Museum

Saint Theresa’s College, Cebu City

Accession number: STC-150",19th century,"Cordova, Cebu","De tallado, polychromed wood",Height: 20.83cm,STC Folklife Museum,"Saint Theresa’s College, Cebu City",STC-150,2,parent_anchor_img+child_elementor_text_editor+attachment_metadata+label-and-pattern,,https://thekabilincenter.org/wp-content/uploads/2023/01/DSC03344-copy-scaled.jpg,https://thekabilincenter.org/santo-nino-2/,SANTO NIÑO,,true,https://thekabilincenter.org/wp-content/uploads/2023/01/1-thumbnail-768x1369.jpg,https://thekabilincenter.org/santo-nino-2/,1-thumbnail-768x1369.jpg
images-of-christ,SANTO NIÑO,images-of-christ-santo-nino-3,024-1-thumbnail-1-scaled.jpg,../tod-gallery-images/images-of-christ/024-1-thumbnail-1-scaled.jpg,"SANTO NIÑO

19th century

Sirayab, Dipolog, Zamboanga del Norte

De tallado, polychromed wood

STC Folklife Museum

Saint Theresa’s College, Cebu City

Accession number: STC-149",19th century,,"De tallado, polychromed wood",,STC Folklife Museum,"Saint Theresa’s College, Cebu City",STC-149,3,parent_anchor_img+child_elementor_text_editor+attachment_metadata+label-and-pattern,"Unresolved description block(s): Sirayab, Dipolog, Zamboanga del Norte",https://thekabilincenter.org/wp-content/uploads/2023/01/DSC03461-2-copy-scaled.jpg,https://thekabilincenter.org/santo-nino-3/,SANTO NIÑO,,true,https://thekabilincenter.org/wp-content/uploads/2023/01/1-thumbnail-1-768x1369.jpg,https://thekabilincenter.org/santo-nino-3/,1-thumbnail-1-768x1369.jpg
images-of-christ,SANTO NIÑO,images-of-christ-santo-nino-4,025-1-thumbnail-2-scaled.jpg,../tod-gallery-images/images-of-christ/025-1-thumbnail-2-scaled.jpg,"SANTO NIÑO

Approximate age unknown

Panay

De tallado, polychromed wood

Height with the base: 15.24cm

STC Folklife Museum

Saint Theresa’s College, Cebu City

Accession number: STC-132",Approximate age unknown,Panay,"De tallado, polychromed wood",Height with the base: 15.24cm,STC Folklife Museum,"Saint Theresa’s College, Cebu City",STC-132,4,parent_anchor_img+child_elementor_text_editor+attachment_metadata+label-and-pattern,,https://thekabilincenter.org/wp-content/uploads/2023/01/DSC03653-2-copy-scaled.jpg,https://thekabilincenter.org/santo-nino-4/,SANTO NIÑO,,true,https://thekabilincenter.org/wp-content/uploads/2023/01/1-thumbnail-2-768x1369.jpg,https://thekabilincenter.org/santo-nino-4/,1-thumbnail-2-768x1369.jpg
images-of-christ,SANTO NIÑO,images-of-christ-santo-nino-5,026-1-thumbnail-3-scaled.jpg,../tod-gallery-images/images-of-christ/026-1-thumbnail-3-scaled.jpg,"SANTO NIÑO

19th century

Cordova, Cebu

De tallado, polychromed wood

STC Folklife Museum

Saint Theresa’s College, Cebu City

Accession number: STC-204",19th century,"Cordova, Cebu","De tallado, polychromed wood",,STC Folklife Museum,"Saint Theresa’s College, Cebu City",STC-204,5,parent_anchor_img+child_elementor_text_editor+attachment_metadata+label-and-pattern,,https://thekabilincenter.org/wp-content/uploads/2023/01/DSC03868-2-copy-scaled.jpg,https://thekabilincenter.org/santo-nino-5/,SANTO NIÑO,,true,https://thekabilincenter.org/wp-content/uploads/2023/01/1-thumbnail-3-768x1369.jpg,https://thekabilincenter.org/santo-nino-5/,1-thumbnail-3-768x1369.jpg
images-of-christ,SANTO NIÑO,images-of-christ-santo-nino-6,027-1-thumbnail-4-scaled.jpg,../tod-gallery-images/images-of-christ/027-1-thumbnail-4-scaled.jpg,"SANTO NIÑO

19th century

Paknaan, Mandaue City, Cebu

De tallado, polychromed wood

Height with the base: 12.7cm

STC Folklife Museum

Saint Theresa’s College, Cebu City

Accession number: STC-205",19th century,"Paknaan, Mandaue City, Cebu","De tallado, polychromed wood",Height with the base: 12.7cm,STC Folklife Museum,"Saint Theresa’s College, Cebu City",STC-205,6,parent_anchor_img+child_elementor_text_editor+attachment_metadata+label-and-pattern,,https://thekabilincenter.org/wp-content/uploads/2023/01/DSC03883-2-copy-scaled.jpg,https://thekabilincenter.org/santo-nino-6/,SANTO NIÑO,,true,https://thekabilincenter.org/wp-content/uploads/2023/01/1-thumbnail-4-768x1369.jpg,https://thekabilincenter.org/santo-nino-6/,1-thumbnail-4-768x1369.jpg
images-of-christ,SANTO NIÑO,images-of-christ-santo-nino-7,028-1-thumbnail-5-scaled.jpg,../tod-gallery-images/images-of-christ/028-1-thumbnail-5-scaled.jpg,"SANTO NIÑO

19th century

Cordova, Cebu

De tallado, polychromed wood

Height with the Base: 13.21cm

STC Folklife Museum

Saint Theresa’s College, Cebu City

Accession number: STC-137",19th century,"Cordova, Cebu","De tallado, polychromed wood",Height with the Base: 13.21cm,STC Folklife Museum,"Saint Theresa’s College, Cebu City",STC-137,7,parent_anchor_img+child_elementor_text_editor+attachment_metadata+label-and-pattern,,https://thekabilincenter.org/wp-content/uploads/2023/01/DSC00131-2-copy-scaled.jpg,https://thekabilincenter.org/santo-nino-7/,SANTO NIÑO,,true,https://thekabilincenter.org/wp-content/uploads/2023/01/1-thumbnail-5-768x1369.jpg,https://thekabilincenter.org/santo-nino-7/,1-thumbnail-5-768x1369.jpg
images-of-christ,SANTO NIÑO DE PORO,images-of-christ-santo-nino-de-poro,029-1-thumbnail-6-scaled.jpg,../tod-gallery-images/images-of-christ/029-1-thumbnail-6-scaled.jpg,"SANTO NIÑO DE PORO

18th century

Poro, Camotes Island, Cebu

De tallado, polychromed wood

Height:

STC Folklife Museum

Saint Theresa’s College, Cebu City

Accession number: STC-131",18th century,"Poro, Camotes Island, Cebu","De tallado, polychromed wood",Height:,STC Folklife Museum,"Saint Theresa’s College, Cebu City",STC-131,8,parent_anchor_img+child_elementor_text_editor+attachment_metadata+label-and-pattern,,https://thekabilincenter.org/wp-content/uploads/2023/01/DSC01330-2-copy-scaled.jpg,https://thekabilincenter.org/santo-nino-de-poro/,SANTO NIÑO DE PORO,,true,https://thekabilincenter.org/wp-content/uploads/2023/01/1-thumbnail-6-768x1369.jpg,https://thekabilincenter.org/santo-nino-de-poro/,1-thumbnail-6-768x1369.jpg
images-of-christ,SANTO NIÑO,images-of-christ-santo-nino-8,030-1-thumbnail-7-scaled.jpg,../tod-gallery-images/images-of-christ/030-1-thumbnail-7-scaled.jpg,"SANTO NIÑO

19th century

Barili, Cebu

De tallado, polychromed wood

Barili Folk and Heritage Museum

Accession number: BAPM-BFHM-020",19th century,"Barili, Cebu","De tallado, polychromed wood",,Barili Folk and Heritage Museum,,BAPM-BFHM-020,9,parent_anchor_img+child_elementor_text_editor+attachment_metadata+label-and-pattern,,https://thekabilincenter.org/wp-content/uploads/2023/01/DSC01880-scaled.jpg,https://thekabilincenter.org/santo-nino-8/,SANTO NIÑO,,true,https://thekabilincenter.org/wp-content/uploads/2023/01/1-thumbnail-7-768x1369.jpg,https://thekabilincenter.org/santo-nino-8/,1-thumbnail-7-768x1369.jpg
images-of-christ,SANTO NIÑO,images-of-christ-santo-nino-9,031-1-thumbnail-8-scaled.jpg,../tod-gallery-images/images-of-christ/031-1-thumbnail-8-scaled.jpg,"SANTO NIÑO

19th century

Barili, Cebu

De tallado, polychromed wood

Barili Folk and Heritage Museum

Accession number: BAPM-BFHM-OO3",19th century,"Barili, Cebu","De tallado, polychromed wood",,Barili Folk and Heritage Museum,,BAPM-BFHM-OO3,10,parent_anchor_img+child_elementor_text_editor+attachment_metadata+label-and-pattern,,https://thekabilincenter.org/wp-content/uploads/2023/01/DSC01424-scaled.jpg,https://thekabilincenter.org/santo-nino-9/,SANTO NIÑO,,true,https://thekabilincenter.org/wp-content/uploads/2023/01/1-thumbnail-8-768x1287.jpg,https://thekabilincenter.org/santo-nino-9/,1-thumbnail-8-768x1287.jpg
images-of-christ,SANTO NIÑO,images-of-christ-santo-nino-10,032-1-thumbnail-9-scaled.jpg,../tod-gallery-images/images-of-christ/032-1-thumbnail-9-scaled.jpg,"SANTO NIÑO

18th century

Barili, Cebu

De tallado, polychromed wood

Barili Folk and Heritage Museum

Accession number: BAPM-BFHM-OO1",18th century,"Barili, Cebu","De tallado, polychromed wood",,Barili Folk and Heritage Museum,,BAPM-BFHM-OO1,11,parent_anchor_img+child_elementor_text_editor+attachment_metadata+label-and-pattern,,https://thekabilincenter.org/wp-content/uploads/2023/01/DSC01388-scaled.jpg,https://thekabilincenter.org/santo-nino-10/,SANTO NIÑO,,true,https://thekabilincenter.org/wp-content/uploads/2023/01/1-thumbnail-9-768x1369.jpg,https://thekabilincenter.org/santo-nino-10/,1-thumbnail-9-768x1369.jpg
images-of-christ,NIÑO BAMBINO,images-of-christ-nino-bambino,033-1-thumbnail-10-scaled.jpg,../tod-gallery-images/images-of-christ/033-1-thumbnail-10-scaled.jpg,"NIÑO BAMBINO

19th century

Nuestra Señora del Patrocinio de Maria Parish

Boljoon, Cebu

De vestir, polychromed wood, glass eyes

Height: 33cm

Accession number: BPM-RO-SV-060",19th century,"Boljoon, Cebu","De vestir, polychromed wood, glass eyes",Height: 33cm,,Nuestra Señora del Patrocinio de Maria Parish,BPM-RO-SV-060,12,parent_anchor_img+child_elementor_text_editor+attachment_metadata+label-and-pattern,,https://thekabilincenter.org/wp-content/uploads/2023/01/DSC01053.jpg,https://thekabilincenter.org/nino-bambino/,NIÑO BAMBINO,,true,https://thekabilincenter.org/wp-content/uploads/2023/01/1-thumbnail-10-768x431.jpg,https://thekabilincenter.org/nino-bambino/,1-thumbnail-10-768x431.jpg
images-of-christ,SANTO NIÑO,images-of-christ-santo-nino-11,034-1-thumbnail-11-scaled.jpg,../tod-gallery-images/images-of-christ/034-1-thumbnail-11-scaled.jpg,"SANTO NIÑO

Late 18th century

Archdiocesan Shrine of San Miguel Arcangel

Argao, Cebu

De vestir, polychromed wood, glass eyes

Height: 57cm

Accession number: APM-RO-SV-050",Late 18th century,"Argao, Cebu","De vestir, polychromed wood, glass eyes",Height: 57cm,,Archdiocesan Shrine of San Miguel Arcangel,APM-RO-SV-050,13,parent_anchor_img+child_elementor_text_editor+attachment_metadata+label-and-pattern,,https://thekabilincenter.org/wp-content/uploads/2023/01/DSC00721-scaled.jpg,https://thekabilincenter.org/santo-nino-11/,SANTO NIÑO,,true,https://thekabilincenter.org/wp-content/uploads/2023/01/1-thumbnail-11-768x1369.jpg,https://thekabilincenter.org/santo-nino-11/,1-thumbnail-11-768x1369.jpg
images-of-christ,SANTO NIÑO,images-of-christ-santo-nino-12,035-1-thumbnail-12-scaled.jpg,../tod-gallery-images/images-of-christ/035-1-thumbnail-12-scaled.jpg,"SANTO NIÑO

18th century

Nuestra Señora del Patrocinio de Maria Parish Church

Boljoon, Cebu

De vestir, polychromed wood, glass eyes

Height: 47.5cm

Accession number: BPM-RO-SV-041",18th century,"Boljoon, Cebu","De vestir, polychromed wood, glass eyes",Height: 47.5cm,,Nuestra Señora del Patrocinio de Maria Parish Church,BPM-RO-SV-041,14,parent_anchor_img+child_elementor_text_editor+attachment_metadata+label-and-pattern,,https://thekabilincenter.org/wp-content/uploads/2023/01/DSC00645-scaled.jpg,https://thekabilincenter.org/santo-nino-12/,SANTO NIÑO,,true,https://thekabilincenter.org/wp-content/uploads/2023/01/1-thumbnail-12-768x1400.jpg,https://thekabilincenter.org/santo-nino-12/,1-thumbnail-12-768x1400.jpg
images-of-christ,SANTO NIÑO,images-of-christ-santo-nino-13,036-1-thumbnail-13-scaled.jpg,../tod-gallery-images/images-of-christ/036-1-thumbnail-13-scaled.jpg,"SANTO NIÑO

19th century

Saint Gregory the Great Parish Church

Ginatilan, Cebu

De vestir, polychromed wood, glass eyes

Height: 49cm

Accession number: SGTG-RO-SV-003",19th century,"Ginatilan, Cebu","De vestir, polychromed wood, glass eyes",Height: 49cm,,Saint Gregory the Great Parish Church,SGTG-RO-SV-003,15,parent_anchor_img+child_elementor_text_editor+attachment_metadata+label-and-pattern,,https://thekabilincenter.org/wp-content/uploads/2023/01/DSC02789-scaled.jpg,https://thekabilincenter.org/santo-nino-13/,SANTO NIÑO,,true,https://thekabilincenter.org/wp-content/uploads/2023/01/1-thumbnail-13-768x1369.jpg,https://thekabilincenter.org/santo-nino-13/,1-thumbnail-13-768x1369.jpg
images-of-christ,Blessed Virgin,images-of-christ-blessed-virgin-5,037-1-thumbnail-14-scaled.jpg,../tod-gallery-images/images-of-christ/037-1-thumbnail-14-scaled.jpg,"Blessed Virgin

18th century

Inayawan, Cebu City

De tallado, polychromed wood

Height with the Base: 9.2”

Donated by apolinario Ocareza

Solicited by E. Magallon

STC Folklife Museum

Saint Theresa’s College, Cebu City

Accession number: STC-063",18th century,"Inayawan, Cebu City","De tallado, polychromed wood",Height with the Base: 9.2”,STC Folklife Museum,"Donated by apolinario Ocareza

Solicited by E. Magallon

Saint Theresa’s College, Cebu City",STC-063,16,parent_anchor_img+child_elementor_text_editor+attachment_metadata+label-and-pattern,Multiple institution or owner values were preserved.,https://thekabilincenter.org/wp-content/uploads/2022/12/DSC00668-2-copy-scaled.jpg,https://thekabilincenter.org/blessed-virgin-5/,Blessed Virgin,,true,https://thekabilincenter.org/wp-content/uploads/2023/01/1-thumbnail-14-768x1369.jpg,https://thekabilincenter.org/blessed-virgin-5/,1-thumbnail-14-768x1369.jpg
images-of-christ,SANTO NIÑO,images-of-christ-santo-nino-15,038-1-thumbnail-15-scaled.jpg,../tod-gallery-images/images-of-christ/038-1-thumbnail-15-scaled.jpg,"SANTO NIÑO

19th century

Archdiocesan Shrine of San Miguel Arcangel

Argao, Cebu

De vestir, polychromed wood, glass eyes

Height: 85cm

Accession number: APM-RO-SV-008",19th century,"Argao, Cebu","De vestir, polychromed wood, glass eyes",Height: 85cm,,Archdiocesan Shrine of San Miguel Arcangel,APM-RO-SV-008,17,parent_anchor_img+child_elementor_text_editor+attachment_metadata+label-and-pattern,,https://thekabilincenter.org/wp-content/uploads/2023/01/DSC00827-scaled.jpg,https://thekabilincenter.org/santo-nino-15/,SANTO NIÑO,,true,https://thekabilincenter.org/wp-content/uploads/2023/01/1-thumbnail-15-768x1369.jpg,https://thekabilincenter.org/santo-nino-15/,1-thumbnail-15-768x1369.jpg
images-of-christ,"SANTO NINO, EL SALVADOR DEL MUNDO",images-of-christ-santo-nino-el-salvador-del-mundo,039-1-thumbnail-16-scaled.jpg,../tod-gallery-images/images-of-christ/039-1-thumbnail-16-scaled.jpg,"SANTO NINO, EL SALVADOR DEL MUNDO

19th century

Nuestra Señora del Patrocinio de Maria Parish Church

Boljoon, Cebu

De vestir, polychromed wood, glass eyes

Height: 118cm

Accession number: BPM-RO-SV-062",19th century,"Boljoon, Cebu","De vestir, polychromed wood, glass eyes",Height: 118cm,,Nuestra Señora del Patrocinio de Maria Parish Church,BPM-RO-SV-062,18,parent_anchor_img+child_elementor_text_editor+attachment_metadata+label-and-pattern,,https://thekabilincenter.org/wp-content/uploads/2023/01/DSC01026-scaled.jpg,https://thekabilincenter.org/santo-nino-el-salvador-del-mundo/,"SANTO NINO, EL SALVADOR DEL MUNDO",,true,https://thekabilincenter.org/wp-content/uploads/2023/01/1-thumbnail-16-768x1369.jpg,https://thekabilincenter.org/santo-nino-el-salvador-del-mundo/,1-thumbnail-16-768x1369.jpg
images-of-christ,SANTO NIÑO THE CARPENTER,images-of-christ-santo-nino-the-carpenter,040-1-thumbnail-17-scaled.jpg,../tod-gallery-images/images-of-christ/040-1-thumbnail-17-scaled.jpg,"SANTO NIÑO THE CARPENTER

19th century

Santo Tomas de Villanueva Parish Church

Danao, Cebu

De vestir, polychromed wood, glass eyes

Height: 98cm

Accession number: STVP-RO-SV-02",19th century,"Danao, Cebu","De vestir, polychromed wood, glass eyes",Height: 98cm,,Santo Tomas de Villanueva Parish Church,STVP-RO-SV-02,19,parent_anchor_img+child_elementor_text_editor+attachment_metadata+label-and-pattern,,https://thekabilincenter.org/wp-content/uploads/2023/01/DSC00862-2-scaled.jpg,https://thekabilincenter.org/santo-nino-the-carpenter/,SANTO NIÑO THE CARPENTER,,true,https://thekabilincenter.org/wp-content/uploads/2023/01/1-thumbnail-17-768x1369.jpg,https://thekabilincenter.org/santo-nino-the-carpenter/,1-thumbnail-17-768x1369.jpg
images-of-christ,JESUS AND THE APOSTLES AT THE LAST SUPPER,images-of-christ-jesus-and-the-apostles-at-the-last-supper,041-1-thumbnail-18-scaled.jpg,../tod-gallery-images/images-of-christ/041-1-thumbnail-18-scaled.jpg,"JESUS AND THE APOSTLES AT THE LAST SUPPER

National Shrine and Parish of Saint Joseph

Mandaue City

De vestir, polychromed wood, glass eyes

JESUS: Sitting figure at the center in red robe surrounded by his 12 apostles

Height: 173cm

Accession number: SJP-RO-SV-011",,Mandaue City,"De vestir, polychromed wood, glass eyes",Height: 173cm,,National Shrine and Parish of Saint Joseph,SJP-RO-SV-011,20,parent_anchor_img+child_elementor_text_editor+attachment_metadata+label-and-pattern,Unresolved description block(s): JESUS: Sitting figure at the center in red robe surrounded by his 12 apostles,https://thekabilincenter.org/wp-content/uploads/2023/01/DSC00682-scaled.jpg,https://thekabilincenter.org/jesus-and-the-apostles-at-the-last-supper/,JESUS AND THE APOSTLES AT THE LAST SUPPER,,true,https://thekabilincenter.org/wp-content/uploads/2023/01/1-thumbnail-18-768x431.jpg,https://thekabilincenter.org/jesus-and-the-apostles-at-the-last-supper/,1-thumbnail-18-768x431.jpg
images-of-christ,ECCE HOMO,images-of-christ-ecce-homo,042-1-thumbnail-19-scaled.jpg,../tod-gallery-images/images-of-christ/042-1-thumbnail-19-scaled.jpg,"ECCE HOMO

18th century

De tallado, polychromed wood, glass eyes

Height: 74.93cm

Archdiocesan Museum of Cebu

Cebu City

Accession number: AMC-RO-S-004",18th century,Cebu City,"De tallado, polychromed wood, glass eyes",Height: 74.93cm,Archdiocesan Museum of Cebu,,AMC-RO-S-004,21,parent_anchor_img+child_elementor_text_editor+attachment_metadata+label-and-pattern,,https://thekabilincenter.org/wp-content/uploads/2023/01/DSC00184-scaled.jpg,https://thekabilincenter.org/ecce-homo/,ECCE HOMO,,true,https://thekabilincenter.org/wp-content/uploads/2023/01/1-thumbnail-19-768x1369.jpg,https://thekabilincenter.org/ecce-homo/,1-thumbnail-19-768x1369.jpg
images-of-christ,HEAD OF JESUS NAZARENO,images-of-christ-head-of-jesus-nazareno,043-1-thumbnail-20-scaled.jpg,../tod-gallery-images/images-of-christ/043-1-thumbnail-20-scaled.jpg,"HEAD OF JESUS NAZARENO

18th century

Santo Tomas de Villanueva Parish Church

Danao, Cebu De tallado, polychromed wood, glass eyes Height:

Accession number: STVP-RO-SV-015",18th century,,,"Danao, Cebu De tallado, polychromed wood, glass eyes Height:",,Santo Tomas de Villanueva Parish Church,STVP-RO-SV-015,22,parent_anchor_img+child_elementor_text_editor+attachment_metadata+label-and-pattern,,https://thekabilincenter.org/wp-content/uploads/2023/01/DSC00697-2-scaled.jpg,https://thekabilincenter.org/head-of-jesus-nazareno/,HEAD OF JESUS NAZARENO,,true,https://thekabilincenter.org/wp-content/uploads/2023/01/1-thumbnail-20-768x1369.jpg,https://thekabilincenter.org/head-of-jesus-nazareno/,1-thumbnail-20-768x1369.jpg
images-of-christ,JESUS NAZARENO,images-of-christ-jesus-nazareno,044-1-thumbnail-21-scaled.jpg,../tod-gallery-images/images-of-christ/044-1-thumbnail-21-scaled.jpg,"JESUS NAZARENO

18th century

Saint Michael the Archangel Parish Church

Samboan, Cebu

De vestir, polychromed wood, glass eyes

Wooden cross topped with a metal finial

Height: 131cm

Accession number: SMPS-RO-SV-016",18th century,"Samboan, Cebu","De vestir, polychromed wood, glass eyes

Wooden cross topped with a metal finial",Height: 131cm,,Saint Michael the Archangel Parish Church,SMPS-RO-SV-016,23,parent_anchor_img+child_elementor_text_editor+attachment_metadata+label-and-pattern,,https://thekabilincenter.org/wp-content/uploads/2023/01/DSC02265-2-scaled.jpg,https://thekabilincenter.org/jesus-nazareno/,JESUS NAZARENO,,true,https://thekabilincenter.org/wp-content/uploads/2023/01/1-thumbnail-21-768x1369.jpg,https://thekabilincenter.org/jesus-nazareno/,1-thumbnail-21-768x1369.jpg
images-of-christ,JESUS NAZARENO,images-of-christ-jesus-nazareno-2,045-1-thumbnail-22-scaled.jpg,../tod-gallery-images/images-of-christ/045-1-thumbnail-22-scaled.jpg,"JESUS NAZARENO

Late 20th century

Our Lady of the Immaculate Conception Parish Church

Oslob, Cebu

De vestir, polychromed wood, glass eyes

Height: 135cm

Accession number: ICP-RO-SV-034",Late 20th century,"Oslob, Cebu","De vestir, polychromed wood, glass eyes",Height: 135cm,,Our Lady of the Immaculate Conception Parish Church,ICP-RO-SV-034,24,parent_anchor_img+child_elementor_text_editor+attachment_metadata+label-and-pattern,,https://thekabilincenter.org/wp-content/uploads/2023/01/DSC00957-3.jpg,https://thekabilincenter.org/jesus-nazareno-2/,JESUS NAZARENO,,true,https://thekabilincenter.org/wp-content/uploads/2023/01/1-thumbnail-22-768x1369.jpg,https://thekabilincenter.org/jesus-nazareno-2/,1-thumbnail-22-768x1369.jpg
images-of-christ,LA PIETA,images-of-christ-la-pieta,046-1-thumbnail-23-scaled.jpg,../tod-gallery-images/images-of-christ/046-1-thumbnail-23-scaled.jpg,"LA PIETA

18th century

San Nicolas de Tolentino Parish Church

Malabuyoc, Cebu

De vestir, polychromed wood, glass eyes

Mary Height: 108cm

Jesus Length: 130cm

Accession number: SNDTP-M-RO-SV-0011",18th century,"Malabuyoc, Cebu","De vestir, polychromed wood, glass eyes","Mary Height: 108cm

Jesus Length: 130cm",,San Nicolas de Tolentino Parish Church,SNDTP-M-RO-SV-0011,25,parent_anchor_img+child_elementor_text_editor+attachment_metadata+label-and-pattern,,https://thekabilincenter.org/wp-content/uploads/2023/01/DSC00501-3.jpg,https://thekabilincenter.org/la-pieta/,LA PIETA,,true,https://thekabilincenter.org/wp-content/uploads/2023/01/1-thumbnail-23-768x1369.jpg,https://thekabilincenter.org/la-pieta/,1-thumbnail-23-768x1369.jpg
images-of-christ,CRUCIFIX,images-of-christ-crucifix,047-1-thumbnail-24-scaled.jpg,../tod-gallery-images/images-of-christ/047-1-thumbnail-24-scaled.jpg,"CRUCIFIX

19th century

Cordova, Cebu

De tallado, polychromed wood

Height: 45.72cm

STC-104

STC Folklife Museum

Saint Theresa’s College, Cebu City

Accession number:",19th century,"Cordova, Cebu","De tallado, polychromed wood",Height: 45.72cm,STC Folklife Museum,"Saint Theresa’s College, Cebu City",STC-104,26,parent_anchor_img+child_elementor_text_editor+attachment_metadata+label-and-pattern,,https://thekabilincenter.org/wp-content/uploads/2023/01/DSC01153-2-copy-scaled.jpg,https://thekabilincenter.org/crucifix/,CRUCIFIX,,true,https://thekabilincenter.org/wp-content/uploads/2023/01/1-thumbnail-24-768x1369.jpg,https://thekabilincenter.org/crucifix/,1-thumbnail-24-768x1369.jpg
images-of-christ,CRUCIFIX,images-of-christ-crucifix-2,048-1-thumbnail-25-scaled.jpg,../tod-gallery-images/images-of-christ/048-1-thumbnail-25-scaled.jpg,"CRUCIFIX

19th century

Cordova, Cebu

De tallado, polychromed wood

Height: 46.99cm

STC Folklife Museum

Saint Theresa’s College, Cebu City

Accession number: STC-098",19th century,"Cordova, Cebu","De tallado, polychromed wood",Height: 46.99cm,STC Folklife Museum,"Saint Theresa’s College, Cebu City",STC-098,27,parent_anchor_img+child_elementor_text_editor+attachment_metadata+label-and-pattern,,https://thekabilincenter.org/wp-content/uploads/2023/01/DSC01181-2-copy-scaled.jpg,https://thekabilincenter.org/crucifix-2/,CRUCIFIX,,true,https://thekabilincenter.org/wp-content/uploads/2023/01/1-thumbnail-25-768x1369.jpg,https://thekabilincenter.org/crucifix-2/,1-thumbnail-25-768x1369.jpg
images-of-christ,CRUCIFIX,images-of-christ-crucifix-3,049-1-thumbnail-26-scaled.jpg,../tod-gallery-images/images-of-christ/049-1-thumbnail-26-scaled.jpg,"CRUCIFIX

Late 18th century

Boljoon, Cebu

De tallado, polychromed wood,

Height: 53.34cm

STC Folklife Museum

Saint Theresa’s College, Cebu City

Accession number: STC-217",Late 18th century,"Boljoon, Cebu","De tallado, polychromed wood,",Height: 53.34cm,STC Folklife Museum,"Saint Theresa’s College, Cebu City",STC-217,28,parent_anchor_img+child_elementor_text_editor+attachment_metadata+label-and-pattern,,https://thekabilincenter.org/wp-content/uploads/2023/01/DSC01241-2-copy-scaled.jpg,https://thekabilincenter.org/crucifix-3/,CRUCIFIX,,true,https://thekabilincenter.org/wp-content/uploads/2023/01/1-thumbnail-26-768x1369.jpg,https://thekabilincenter.org/crucifix-3/,1-thumbnail-26-768x1369.jpg
images-of-christ,CRUCIFIX,images-of-christ-crucifix-4,050-1-thumbnail-27-scaled.jpg,../tod-gallery-images/images-of-christ/050-1-thumbnail-27-scaled.jpg,"CRUCIFIX

1953

Luis Cabrera House

Mandaue City, Cebu

De tallado, polychromed wood

Dated Dec. 19, 1953, commissioned for

Rev. Fr. Crescencio Rallon y Sanchez, Ordination, Bacolod Cathedral

Height: 63cm

Accession number: LCH-RO-SV-005",1953,"Mandaue City, Cebu","De tallado, polychromed wood",Height: 63cm,,"Luis Cabrera House

Rev. Fr. Crescencio Rallon y Sanchez, Ordination, Bacolod Cathedral",LCH-RO-SV-005,29,parent_anchor_img+child_elementor_text_editor+attachment_metadata+label-and-pattern,"Unresolved description block(s): Dated Dec. 19, 1953, commissioned for Multiple institution or owner values were preserved.",https://thekabilincenter.org/wp-content/uploads/2023/01/DSC01177-scaled.jpg,https://thekabilincenter.org/crucifix-4/,CRUCIFIX,,true,https://thekabilincenter.org/wp-content/uploads/2023/01/1-thumbnail-27-768x1369.jpg,https://thekabilincenter.org/crucifix-4/,1-thumbnail-27-768x1369.jpg
images-of-christ,CRUCIFIX,images-of-christ-crucifix-5,051-1-thumbnail-28-scaled.jpg,../tod-gallery-images/images-of-christ/051-1-thumbnail-28-scaled.jpg,"CRUCIFIX

18th century

Saint Michael the Archangel Parish Church

Samboan, Cebu

De tallado, polychromed wood, glass eyes

Height: 205cm

Accession number: SMPS-RO-SV-010",18th century,"Samboan, Cebu","De tallado, polychromed wood, glass eyes",Height: 205cm,,Saint Michael the Archangel Parish Church,SMPS-RO-SV-010,30,parent_anchor_img+child_elementor_text_editor+attachment_metadata+label-and-pattern,,https://thekabilincenter.org/wp-content/uploads/2023/01/DSC02346-2-scaled.jpg,https://thekabilincenter.org/crucifix-5/,CRUCIFIX,,true,https://thekabilincenter.org/wp-content/uploads/2023/01/1-thumbnail-28-768x1224.jpg,https://thekabilincenter.org/crucifix-5/,1-thumbnail-28-768x1224.jpg
images-of-christ,CRUCIFIX,images-of-christ-crucifix-6,057-01-thumbnail-scaled.jpg,../tod-gallery-images/images-of-christ/057-01-thumbnail-scaled.jpg,"CRUCIFIX

18th century

Saint Gregory the Great Parish Church

Ginatilan, Cebu

De tallado, polychromed wood, glass eyes

Accession number: DSC03672",18th century,"Ginatilan, Cebu","De tallado, polychromed wood, glass eyes",,,Saint Gregory the Great Parish Church,DSC03672,31,parent_anchor_img+child_elementor_text_editor+attachment_metadata+label-and-pattern,,https://thekabilincenter.org/wp-content/uploads/2023/01/DSC03682-scaled.jpg,https://thekabilincenter.org/crucifix-6/,CRUCIFIX,,true,https://thekabilincenter.org/wp-content/uploads/2023/01/01-thumbnail-768x1369.jpg,https://thekabilincenter.org/crucifix-6/,01-thumbnail-768x1369.jpg
images-of-christ,CRUCIFIX,images-of-christ-crucifix-7,058-01-thumbnail-1-scaled.jpg,../tod-gallery-images/images-of-christ/058-01-thumbnail-1-scaled.jpg,"CRUCIFIX

20th century

Archdiocesan Shrine of Saint James the Apostle

Compostela, Cebu

De tallado, polychromed wood, glass eyes

Height: 120 cm

Accession number: SDC-RO-SV-006",20th century,"Compostela, Cebu","De tallado, polychromed wood, glass eyes",Height: 120 cm,,Archdiocesan Shrine of Saint James the Apostle,SDC-RO-SV-006,32,parent_anchor_img+child_elementor_text_editor+attachment_metadata+label-and-pattern,,https://thekabilincenter.org/wp-content/uploads/2023/01/DSC01954-scaled.jpg,https://thekabilincenter.org/crucifix-7/,CRUCIFIX,,true,https://thekabilincenter.org/wp-content/uploads/2023/01/01-thumbnail-1-768x1369.jpg,https://thekabilincenter.org/crucifix-7/,01-thumbnail-1-768x1369.jpg
images-of-christ,CRUCIFIX,images-of-christ-crucifix-8,059-01-thumbnail-2-scaled.jpg,../tod-gallery-images/images-of-christ/059-01-thumbnail-2-scaled.jpg,"CRUCIFIX

19th century

Santo Tomas de Villanueva Parish, Danao City, Cebu

De tallado, ivory, wood, mother of pearls

Height with the base: 86.36cm

Archdiocesan Museum of Cebu,

Cebu City

Accession number: AMC-RO-S-011",19th century,Cebu City,"De tallado, ivory, wood, mother of pearls",Height with the base: 86.36cm,"Archdiocesan Museum of Cebu,","Santo Tomas de Villanueva Parish, Danao City, Cebu",AMC-RO-S-011,33,parent_anchor_img+child_elementor_text_editor+attachment_metadata+label-and-pattern,,https://thekabilincenter.org/wp-content/uploads/2023/01/DSC00727-scaled.jpg,https://thekabilincenter.org/crucifix-8/,CRUCIFIX,,true,https://thekabilincenter.org/wp-content/uploads/2023/01/01-thumbnail-2-768x1369.jpg,https://thekabilincenter.org/crucifix-8/,01-thumbnail-2-768x1369.jpg
images-of-christ,CRUCIFIX,images-of-christ-crucifix-9,060-01-thumbnail-3-scaled.jpg,../tod-gallery-images/images-of-christ/060-01-thumbnail-3-scaled.jpg,"CRUCIFIX

20th century

Saint Gabriel the Archangel Parish Church

Santander, Cebu

De tallado, polychromed wood, glass eyes Height: 76cm

Accession number: SGA-S-RO-SV-001",20th century,"Santander, Cebu",,"De tallado, polychromed wood, glass eyes Height: 76cm",,Saint Gabriel the Archangel Parish Church,SGA-S-RO-SV-001,34,parent_anchor_img+child_elementor_text_editor+attachment_metadata+label-and-pattern,,https://thekabilincenter.org/wp-content/uploads/2023/01/DSC01419-scaled.jpg,https://thekabilincenter.org/crucifix-9/,CRUCIFIX,,true,https://thekabilincenter.org/wp-content/uploads/2023/01/01-thumbnail-3-768x1369.jpg,https://thekabilincenter.org/crucifix-9/,01-thumbnail-3-768x1369.jpg
images-of-christ,CRUCIFIX,images-of-christ-crucifix-10,061-01-thumbnail-4-scaled.jpg,../tod-gallery-images/images-of-christ/061-01-thumbnail-4-scaled.jpg,"CRUCIFIX

19th century

Nuestra Señora del Patrocinio de Maria Parish Church

Boljoon, Cebu

De tallado, polychromed wood, glass eyes

Height:

Accession number:",19th century,"Boljoon, Cebu","De tallado, polychromed wood, glass eyes",Height:,,Nuestra Señora del Patrocinio de Maria Parish Church,,35,parent_anchor_img+child_elementor_text_editor+attachment_metadata+label-and-pattern,Accession label was present without a value.,https://thekabilincenter.org/wp-content/uploads/2023/01/DSC00731-1-scaled.jpg,https://thekabilincenter.org/crucifix-10/,CRUCIFIX,,true,https://thekabilincenter.org/wp-content/uploads/2023/01/01-thumbnail-4-768x1369.jpg,https://thekabilincenter.org/crucifix-10/,01-thumbnail-4-768x1369.jpg
images-of-christ,CRUCIFIX,images-of-christ-crucifix-11,062-01-thumbnail-5-scaled.jpg,../tod-gallery-images/images-of-christ/062-01-thumbnail-5-scaled.jpg,"CRUCIFIX

18th century

Nuestra Señora del Patrocinio de Maria Parish Church

Boljoon , Cebu

De tallado , polychromed wood, glass eyes

Height:

Accession number:",18th century,"Boljoon , Cebu","De tallado , polychromed wood, glass eyes",Height:,,Nuestra Señora del Patrocinio de Maria Parish Church,,36,parent_anchor_img+child_elementor_text_editor+attachment_metadata+label-and-pattern,Accession label was present without a value.,https://thekabilincenter.org/wp-content/uploads/2023/01/DSC00700-scaled.jpg,https://thekabilincenter.org/crucifix-11/,CRUCIFIX,,true,https://thekabilincenter.org/wp-content/uploads/2023/01/01-thumbnail-5-768x1369.jpg,https://thekabilincenter.org/crucifix-11/,01-thumbnail-5-768x1369.jpg
images-of-christ,CRUCIFIX,images-of-christ-crucifix-12,063-01-thumbnail-6-scaled.jpg,../tod-gallery-images/images-of-christ/063-01-thumbnail-6-scaled.jpg,"CRUCIFIX

19th century

Nuestra Señora del Patrocinio de Maria Parish Church

Boljoon, Cebu

De tallado, polychromed wood, glass eyes

Height:

Accession number:",19th century,"Boljoon, Cebu","De tallado, polychromed wood, glass eyes",Height:,,Nuestra Señora del Patrocinio de Maria Parish Church,,37,parent_anchor_img+child_elementor_text_editor+attachment_metadata+label-and-pattern,Accession label was present without a value.,https://thekabilincenter.org/wp-content/uploads/2023/01/DSC00717-scaled.jpg,https://thekabilincenter.org/crucifix-12/,CRUCIFIX,,true,https://thekabilincenter.org/wp-content/uploads/2023/01/01-thumbnail-6-768x1369.jpg,https://thekabilincenter.org/crucifix-12/,01-thumbnail-6-768x1369.jpg
images-of-christ,CRUCIFIX,images-of-christ-crucifix-13,064-01-thumbnail-7-scaled.jpg,../tod-gallery-images/images-of-christ/064-01-thumbnail-7-scaled.jpg,"CRUCIFIX

19th century

Archdiocesan Shrine of San Miguel Arcangel

Argao, Cebu

De tallado, ivory, polychromed wood, glass eyes

Height: 145cm

Accession number: APM-RO-SV-079",19th century,"Argao, Cebu","De tallado, ivory, polychromed wood, glass eyes",Height: 145cm,,Archdiocesan Shrine of San Miguel Arcangel,APM-RO-SV-079,38,parent_anchor_img+child_elementor_text_editor+attachment_metadata+label-and-pattern,,https://thekabilincenter.org/wp-content/uploads/2023/01/DSC01488-scaled.jpg,https://thekabilincenter.org/crucifix-13/,CRUCIFIX,,true,https://thekabilincenter.org/wp-content/uploads/2023/01/01-thumbnail-7-768x1369.jpg,https://thekabilincenter.org/crucifix-13/,01-thumbnail-7-768x1369.jpg
images-of-christ,CRUCIFIX (CHURCH),images-of-christ-crucifix-church,065-01-thumbnail-8-scaled.jpg,../tod-gallery-images/images-of-christ/065-01-thumbnail-8-scaled.jpg,"CRUCIFIX (CHURCH)

19th century

National Shrine of Nuestra Señora Virgen de la Regla

Lapulapu City, Cebu

De tallado, polychromed wood, glass eyes

Height: 290cm

Accession number: VDRP-RO-SV-004",19th century,"Lapulapu City, Cebu","De tallado, polychromed wood, glass eyes",Height: 290cm,,National Shrine of Nuestra Señora Virgen de la Regla,VDRP-RO-SV-004,39,parent_anchor_img+child_elementor_text_editor+attachment_metadata+label-and-pattern,,https://thekabilincenter.org/wp-content/uploads/2023/01/DSC01333-3-scaled.jpg,https://thekabilincenter.org/crucifix-church/,CRUCIFIX (CHURCH),,true,https://thekabilincenter.org/wp-content/uploads/2023/01/01-thumbnail-8-768x1369.jpg,https://thekabilincenter.org/crucifix-church/,01-thumbnail-8-768x1369.jpg
images-of-christ,CRUCIFIX (GOLGOTHA SCENE),images-of-christ-crucifix-golgotha-scene,066-01-thumbnail-9-scaled.jpg,../tod-gallery-images/images-of-christ/066-01-thumbnail-9-scaled.jpg,"CRUCIFIX (GOLGOTHA SCENE)

19th century

Archdiocesan Shrine of San Miguel Arcangel

Argao, Cebu

De tallado, polychromed wood, glass eyes

Height: 112cm

Accession number: APM-RO-SV-045",19th century,"Argao, Cebu","De tallado, polychromed wood, glass eyes",Height: 112cm,,Archdiocesan Shrine of San Miguel Arcangel,APM-RO-SV-045,40,parent_anchor_img+child_elementor_text_editor+attachment_metadata+label-and-pattern,,https://thekabilincenter.org/wp-content/uploads/2023/01/DSC01321-scaled.jpg,https://thekabilincenter.org/crucifix-golgotha-scene/,CRUCIFIX (GOLGOTHA SCENE),,true,https://thekabilincenter.org/wp-content/uploads/2023/01/01-thumbnail-9-768x1369.jpg,https://thekabilincenter.org/crucifix-golgotha-scene/,01-thumbnail-9-768x1369.jpg
images-of-christ,CRUCIFIX WITH CORPUS,images-of-christ-crucifix-with-corpus,067-01-thumbnail-10-scaled.jpg,../tod-gallery-images/images-of-christ/067-01-thumbnail-10-scaled.jpg,"CRUCIFIX WITH CORPUS

19th century

Archdiocesan Shrine of San Miguel Arcangel

Argao, Cebu

De tallado, polychromed wood, glass eyes

Height: 65cm

Accession number: APM-RO-SV-083",19th century,"Argao, Cebu","De tallado, polychromed wood, glass eyes",Height: 65cm,,Archdiocesan Shrine of San Miguel Arcangel,APM-RO-SV-083,41,parent_anchor_img+child_elementor_text_editor+attachment_metadata+label-and-pattern,,https://thekabilincenter.org/wp-content/uploads/2023/01/DSC01289-scaled.jpg,https://thekabilincenter.org/crucifix-with-corpus/,CRUCIFIX WITH CORPUS,,true,https://thekabilincenter.org/wp-content/uploads/2023/01/01-thumbnail-10-768x1369.jpg,https://thekabilincenter.org/crucifix-with-corpus/,01-thumbnail-10-768x1369.jpg
images-of-christ,CRUCIFIX,images-of-christ-crucifix-14,057-01-thumbnail-scaled.jpg,../tod-gallery-images/images-of-christ/057-01-thumbnail-scaled.jpg,"CRUCIFIX

19th century

Archdiocesan Shrine of San Miguel Arcangel

Argao, Cebu

De tallado, polychromed wood, glass eyes

Height: 230cm

Accession number: APM-RO-SV-104",19th century,"Argao, Cebu","De tallado, polychromed wood, glass eyes",Height: 230cm,,Archdiocesan Shrine of San Miguel Arcangel,APM-RO-SV-104,42,parent_anchor_img+child_elementor_text_editor+attachment_metadata+label-and-pattern,,https://thekabilincenter.org/wp-content/uploads/2023/01/DSC01531-scaled.jpg,https://thekabilincenter.org/crucifix-14/,CRUCIFIX,,true,https://thekabilincenter.org/wp-content/uploads/2022/12/01-thumbnail-768x1369.jpg,https://thekabilincenter.org/crucifix-14/,01-thumbnail-768x1369.jpg
images-of-christ,WOODEN CROSS,images-of-christ-wooden-cross,074-01-thumbnail-12-scaled.jpg,../tod-gallery-images/images-of-christ/074-01-thumbnail-12-scaled.jpg,"WOODEN CROSS

18th century

Archdiocesan Shrine of San Miguel Arcangel

Argao, Cebu

De tallado, polychromed wood

Height: 180cm

This cross is was once placed on top the roof of the cemetery chapel of Argao.

Accession number: APM-RO-SV-072",18th century,"Argao, Cebu","De tallado, polychromed wood",Height: 180cm,,"Archdiocesan Shrine of San Miguel Arcangel

This cross is was once placed on top the roof of the cemetery chapel of Argao.",APM-RO-SV-072,43,parent_anchor_img+child_elementor_text_editor+attachment_metadata+label-and-pattern,Multiple institution or owner values were preserved.,https://thekabilincenter.org/wp-content/uploads/2023/01/DSC01474-scaled.jpg,https://thekabilincenter.org/wooden-cross/,WOODEN CROSS,,true,https://thekabilincenter.org/wp-content/uploads/2023/01/01-thumbnail-12-768x431.jpg,https://thekabilincenter.org/wooden-cross/,01-thumbnail-12-768x431.jpg
images-of-christ,SANTA CROSS,images-of-christ-santa-cross,075-01-thumbnail-13-scaled.jpg,../tod-gallery-images/images-of-christ/075-01-thumbnail-13-scaled.jpg,"SANTA CROSS

18th century

San Nicolas de Tolentino Parish Church

Malabuyoc, Cebu

De tallado, kamagong

Height: 105cm

Accession number: SNDTP-M-RO-SV-006",18th century,"Malabuyoc, Cebu","De tallado, kamagong",Height: 105cm,,San Nicolas de Tolentino Parish Church,SNDTP-M-RO-SV-006,44,parent_anchor_img+child_elementor_text_editor+attachment_metadata+label-and-pattern,,https://thekabilincenter.org/wp-content/uploads/2023/01/DSC00221-scaled.jpg,https://thekabilincenter.org/santa-cross/,SANTA CROSS,,true,https://thekabilincenter.org/wp-content/uploads/2023/01/01-thumbnail-13-768x453.jpg,https://thekabilincenter.org/santa-cross/,01-thumbnail-13-768x453.jpg
images-of-christ,SANTA CROSS,images-of-christ-santa-cross-2,076-01-thumbnail-14-scaled.jpg,../tod-gallery-images/images-of-christ/076-01-thumbnail-14-scaled.jpg,"SANTA CROSS

20th century

Saints Peter and Paul Parish

Bantayan, Cebu

varnished wood

Height: 156cm

Accession number: BIPM-RO-SV-033",20th century,"Bantayan, Cebu",varnished wood,Height: 156cm,,Saints Peter and Paul Parish,BIPM-RO-SV-033,45,parent_anchor_img+child_elementor_text_editor+attachment_metadata+label-and-pattern,,https://thekabilincenter.org/wp-content/uploads/2023/01/DSC00694-2-scaled.jpg,https://thekabilincenter.org/santa-cross-2/,SANTA CROSS,,true,https://thekabilincenter.org/wp-content/uploads/2023/01/01-thumbnail-14-768x1369.jpg,https://thekabilincenter.org/santa-cross-2/,01-thumbnail-14-768x1369.jpg
images-of-christ,SANTA CRUZ,images-of-christ-santa-cruz,077-01-thumbnail-15.jpg,../tod-gallery-images/images-of-christ/077-01-thumbnail-15.jpg,"SANTA CRUZ

18th century

From a chapel in Bantayan, Cebu

kamagong

Height: 109cm

Accession number: BIPM-RO-SV-003",18th century,,,Height: 109cm,,"From a chapel in Bantayan, Cebu",BIPM-RO-SV-003,46,parent_anchor_img+child_elementor_text_editor+attachment_metadata+label-and-pattern,Unresolved description block(s): kamagong,https://thekabilincenter.org/wp-content/uploads/2023/01/DSC00870-2-scaled.jpg,https://thekabilincenter.org/santa-cruz/,SANTA CRUZ,,true,https://thekabilincenter.org/wp-content/uploads/2023/01/01-thumbnail-15-768x524.jpg,https://thekabilincenter.org/santa-cruz/,01-thumbnail-15-768x524.jpg
images-of-christ,HOLY CROSS,images-of-christ-holy-cross,078-01-thumbnail-16-scaled.jpg,../tod-gallery-images/images-of-christ/078-01-thumbnail-16-scaled.jpg,"HOLY CROSS

18th century

From a chapel in Bantayan, Cebu

kamagong

Height: 109cm

Accession number: BIPM-RO-SV-007",18th century,,,Height: 109cm,,"From a chapel in Bantayan, Cebu",BIPM-RO-SV-007,47,parent_anchor_img+child_elementor_text_editor+attachment_metadata+label-and-pattern,Unresolved description block(s): kamagong,https://thekabilincenter.org/wp-content/uploads/2023/01/DSC00978-2-scaled.jpg,https://thekabilincenter.org/holy-cross/,HOLY CROSS,,true,https://thekabilincenter.org/wp-content/uploads/2023/01/01-thumbnail-16-768x1369.jpg,https://thekabilincenter.org/holy-cross/,01-thumbnail-16-768x1369.jpg
images-of-christ,SANTO ENTIERRO,images-of-christ-santo-entierro,079-01-thumbnail-17-scaled.jpg,../tod-gallery-images/images-of-christ/079-01-thumbnail-17-scaled.jpg,"SANTO ENTIERRO

20th century

Our Lady of Sorrows Parish Church

Ronda, Cebu

De vestir/de tallado polychromed wood

Height: 130cm

Accession number: ROP-RO-SV-009",20th century,"Ronda, Cebu",De vestir/de tallado polychromed wood,Height: 130cm,,Our Lady of Sorrows Parish Church,ROP-RO-SV-009,48,parent_anchor_img+child_elementor_text_editor+attachment_metadata+label-and-pattern,,https://thekabilincenter.org/wp-content/uploads/2023/01/DSC02760-scaled.jpg,https://thekabilincenter.org/santo-entierro/,SANTO ENTIERRO,,true,https://thekabilincenter.org/wp-content/uploads/2023/01/01-thumbnail-17-768x431.jpg,https://thekabilincenter.org/santo-entierro/,01-thumbnail-17-768x431.jpg
images-of-christ,SANTO ENTIERRO,images-of-christ-santo-entierro-2,080-01-thumbnail-18-scaled.jpg,../tod-gallery-images/images-of-christ/080-01-thumbnail-18-scaled.jpg,"SANTO ENTIERRO

18th century

San Nicolas de Tolentino Parish Church

Malabuyoc, Cebu

De tallado, polychromed wood, glass eyes

Height: 155cm",18th century,"Malabuyoc, Cebu","De tallado, polychromed wood, glass eyes",Height: 155cm,,San Nicolas de Tolentino Parish Church,,49,parent_anchor_img+child_elementor_text_editor+attachment_metadata+label-and-pattern,,https://thekabilincenter.org/wp-content/uploads/2023/01/DSC00954-3-scaled.jpg,https://thekabilincenter.org/santo-entierro-2/,SANTO ENTIERRO,,true,https://thekabilincenter.org/wp-content/uploads/2023/01/01-thumbnail-18-768x431.jpg,https://thekabilincenter.org/santo-entierro-2/,01-thumbnail-18-768x431.jpg
images-of-christ,CHRIST FROM LA PIETA,images-of-christ-christ-from-la-pieta,081-01-thumbnail-19-scaled.jpg,../tod-gallery-images/images-of-christ/081-01-thumbnail-19-scaled.jpg,"CHRIST FROM LA PIETA

19th century

San Nicolas de Tolentino Parish Church

Malabuyoc, Cebu

De tallado, polychromed wood

Accession number:",19th century,"Malabuyoc, Cebu","De tallado, polychromed wood",,,San Nicolas de Tolentino Parish Church,,50,parent_anchor_img+child_elementor_text_editor+attachment_metadata+label-and-pattern,Accession label was present without a value.,https://thekabilincenter.org/wp-content/uploads/2023/01/DSC01221-3-scaled.jpg,https://thekabilincenter.org/christ-from-la-pieta/,CHRIST FROM LA PIETA,,true,https://thekabilincenter.org/wp-content/uploads/2023/01/01-thumbnail-19-768x1369.jpg,https://thekabilincenter.org/christ-from-la-pieta/,01-thumbnail-19-768x1369.jpg
images-of-christ,SANTO ENTIERRO,images-of-christ-santo-entierro-3,082-01-thumbnail-20-scaled.jpg,../tod-gallery-images/images-of-christ/082-01-thumbnail-20-scaled.jpg,"SANTO ENTIERRO

18th century

Cebu Metropolitan Cathedral

Cebu City

De tallado, polychromed wood Height: 190cm

Accession number: CMC-RO-SV-009",18th century,Cebu City,,"De tallado, polychromed wood Height: 190cm",,Cebu Metropolitan Cathedral,CMC-RO-SV-009,51,parent_anchor_img+child_elementor_text_editor+attachment_metadata+label-and-pattern,,https://thekabilincenter.org/wp-content/uploads/2023/01/DSC02252-2-scaled.jpg,https://thekabilincenter.org/santo-entierro-3/,SANTO ENTIERRO,,true,https://thekabilincenter.org/wp-content/uploads/2023/01/01-thumbnail-20-768x431.jpg,https://thekabilincenter.org/santo-entierro-3/,01-thumbnail-20-768x431.jpg
images-of-christ,SANTO ENTIERRO,images-of-christ-santo-entierro-4,083-01-thumbnail-21-scaled.jpg,../tod-gallery-images/images-of-christ/083-01-thumbnail-21-scaled.jpg,"SANTO ENTIERRO

20th century

Our Lady of the Immaculate Conception Parish

Oslob, Cebu

De tallado, polychromed wood, glass eyes

Height: 160cm

Accession number: ICP-RO-SV-036",20th century,"Oslob, Cebu","De tallado, polychromed wood, glass eyes",Height: 160cm,,Our Lady of the Immaculate Conception Parish,ICP-RO-SV-036,52,parent_anchor_img+child_elementor_text_editor+attachment_metadata+label-and-pattern,,https://thekabilincenter.org/wp-content/uploads/2023/01/DSC01207-scaled.jpg,https://thekabilincenter.org/santo-entierro-4/,SANTO ENTIERRO,,true,https://thekabilincenter.org/wp-content/uploads/2023/01/01-thumbnail-21-768x431.jpg,https://thekabilincenter.org/santo-entierro-4/,01-thumbnail-21-768x431.jpg
images-of-christ,IMAGE OF CHRIST,images-of-christ-image-of-christ,084-01-thumbnail-22-scaled.jpg,../tod-gallery-images/images-of-christ/084-01-thumbnail-22-scaled.jpg,"IMAGE OF CHRIST

18th century

Saint Gregory the Great Parish Church

Ginatilan, Cebu

De tallado, polychromed wood

Accession number:",18th century,"Ginatilan, Cebu","De tallado, polychromed wood",,,Saint Gregory the Great Parish Church,,53,parent_anchor_img+child_elementor_text_editor+attachment_metadata+label-and-pattern,Accession label was present without a value.,https://thekabilincenter.org/wp-content/uploads/2023/01/DSC03692-2-scaled.jpg,https://thekabilincenter.org/image-of-christ/,IMAGE OF CHRIST,,true,https://thekabilincenter.org/wp-content/uploads/2023/01/01-thumbnail-22-768x431.jpg,https://thekabilincenter.org/image-of-christ/,01-thumbnail-22-768x431.jpg
images-of-christ,SANTO ENTIERRO,images-of-christ-santo-entierro-5,085-01-thumbnail-23-scaled.jpg,../tod-gallery-images/images-of-christ/085-01-thumbnail-23-scaled.jpg,"SANTO ENTIERRO

20th century

National Shrine of Nuestra Señora Virgen de la Regla

Lapu-Lapu Ciry, Cebu

De tallado, polychromed wood, glass eyes

Height: 120cm

Accession number: VDRP-RO-SV-014",20th century,"Lapu-Lapu Ciry, Cebu","De tallado, polychromed wood, glass eyes",Height: 120cm,,National Shrine of Nuestra Señora Virgen de la Regla,VDRP-RO-SV-014,54,parent_anchor_img+child_elementor_text_editor+attachment_metadata+label-and-pattern,,https://thekabilincenter.org/wp-content/uploads/2023/01/DSC01530-2-scaled.jpg,https://thekabilincenter.org/santo-entierro-5/,SANTO ENTIERRO,,true,https://thekabilincenter.org/wp-content/uploads/2023/01/01-thumbnail-23-768x431.jpg,https://thekabilincenter.org/santo-entierro-5/,01-thumbnail-23-768x431.jpg
images-of-christ,SANTA CROSS,images-of-christ-santa-cross-2-2,086-01-thumbnail-24-scaled.jpg,../tod-gallery-images/images-of-christ/086-01-thumbnail-24-scaled.jpg,"SANTA CROSS

20th century

Saints Peter and Paul Parish

Bantayan, Cebu

varnished wood

Height: 156cm

Accession number: BIPM-RO-SV-033",20th century,"Bantayan, Cebu",varnished wood,Height: 156cm,,Saints Peter and Paul Parish,BIPM-RO-SV-033,55,parent_anchor_img+child_elementor_text_editor+attachment_metadata+label-and-pattern,,https://thekabilincenter.org/wp-content/uploads/2023/01/DSC00694-2-scaled.jpg,https://thekabilincenter.org/santa-cross-2/,SANTA CROSS,,true,https://thekabilincenter.org/wp-content/uploads/2023/01/01-thumbnail-24-768x431.jpg,https://thekabilincenter.org/santa-cross-2/,01-thumbnail-24-768x431.jpg
images-of-christ,SANTO LUTRESSO,images-of-christ-santo-lutresso,087-01-thumbnail-25-scaled.jpg,../tod-gallery-images/images-of-christ/087-01-thumbnail-25-scaled.jpg,"SANTO LUTRESSO

19th century

Saints Peter and Paul Parish Church

Bantayan, Cebu

De tallado, polychromed wood, glass eyes

Height: 150cm

Accession number: BIPM-RO-SV-044",19th century,"Bantayan, Cebu","De tallado, polychromed wood, glass eyes",Height: 150cm,,Saints Peter and Paul Parish Church,BIPM-RO-SV-044,56,parent_anchor_img+child_elementor_text_editor+attachment_metadata+label-and-pattern,,https://thekabilincenter.org/wp-content/uploads/2023/01/DSC01251-2-scaled.jpg,https://thekabilincenter.org/santo-lutresso/,SANTO LUTRESSO,,true,https://thekabilincenter.org/wp-content/uploads/2023/01/01-thumbnail-25-768x431.jpg,https://thekabilincenter.org/santo-lutresso/,01-thumbnail-25-768x431.jpg
images-of-christ,RESURRECTED CHRIST,images-of-christ-resurrected-christ,088-01-thumbnail-26-scaled.jpg,../tod-gallery-images/images-of-christ/088-01-thumbnail-26-scaled.jpg,"RESURRECTED CHRIST

18th century

Saint Michael the Archangel Parish

Samboan, Cebu

De tallado, polychromed wood, glass eyes

Height: 145cm

Accession number: SMPS-RO-SV-001",18th century,"Samboan, Cebu","De tallado, polychromed wood, glass eyes",Height: 145cm,,Saint Michael the Archangel Parish,SMPS-RO-SV-001,57,parent_anchor_img+child_elementor_text_editor+attachment_metadata+label-and-pattern,,https://thekabilincenter.org/wp-content/uploads/2023/01/DSC01667-scaled.jpg,https://thekabilincenter.org/resurrected-christ/,RESURRECTED CHRIST,,true,https://thekabilincenter.org/wp-content/uploads/2023/01/01-thumbnail-26-768x1369.jpg,https://thekabilincenter.org/resurrected-christ/,01-thumbnail-26-768x1369.jpg
images-of-christ,SANTO ENTIERRO,images-of-christ-santo-entierro-6,089-01-thumbnail-27-scaled.jpg,../tod-gallery-images/images-of-christ/089-01-thumbnail-27-scaled.jpg,"SANTO ENTIERRO

20th century

Our Lady of Sorrows Parish Church

Ronda, Cebu

De vestir/de tallado polychromed wood

Height: 130cm

Accession number: ROP-RO-SV-009",20th century,"Ronda, Cebu",De vestir/de tallado polychromed wood,Height: 130cm,,Our Lady of Sorrows Parish Church,ROP-RO-SV-009,58,parent_anchor_img+child_elementor_text_editor+attachment_metadata+label-and-pattern,,https://thekabilincenter.org/wp-content/uploads/2023/01/DSC02760-scaled.jpg,https://thekabilincenter.org/santo-entierro/,SANTO ENTIERRO,,true,https://thekabilincenter.org/wp-content/uploads/2023/01/01-thumbnail-27-768x1369.jpg,https://thekabilincenter.org/santo-entierro/,01-thumbnail-27-768x1369.jpg
images-of-christ,RESURRECTED CHRIST,images-of-christ-resurrected-christ-3,090-01-thumbnail-28-scaled.jpg,../tod-gallery-images/images-of-christ/090-01-thumbnail-28-scaled.jpg,"RESURRECTED CHRIST

20th century

San Nicolas de Tolentino Parish Church

Malabuyoc, Cebu

De tallado, polychromed wood, glass eyes

Height: 125cm

Accession number: SNDTP-M-RO-SV-003",20th century,"Malabuyoc, Cebu","De tallado, polychromed wood, glass eyes",Height: 125cm,,San Nicolas de Tolentino Parish Church,SNDTP-M-RO-SV-003,59,parent_anchor_img+child_elementor_text_editor+attachment_metadata+label-and-pattern,,https://thekabilincenter.org/wp-content/uploads/2023/01/DSC00149-scaled.jpg,https://thekabilincenter.org/resurrected-christ-3/,RESURRECTED CHRIST,,true,https://thekabilincenter.org/wp-content/uploads/2023/01/01-thumbnail-28-768x1369.jpg,https://thekabilincenter.org/resurrected-christ-3/,01-thumbnail-28-768x1369.jpg
images-of-christ,SACRED HEART OF JESUS,images-of-christ-sacred-heart-of-jesus,091-01-thumbnail-29-scaled.jpg,../tod-gallery-images/images-of-christ/091-01-thumbnail-29-scaled.jpg,"SACRED HEART OF JESUS

20th century

Archdiocesan Shrine of Our Lady of Guadalupe de Cebu Cebu City

De tallado, plaster of paris, glass eyes

Height: 67cm

Accession number: GP-RO-SV-008",20th century,,"De tallado, plaster of paris, glass eyes",Height: 67cm,,Archdiocesan Shrine of Our Lady of Guadalupe de Cebu Cebu City,GP-RO-SV-008,60,parent_anchor_img+child_elementor_text_editor+attachment_metadata+label-and-pattern,,https://thekabilincenter.org/wp-content/uploads/2023/01/DSC01320-scaled.jpg,https://thekabilincenter.org/sacred-heart-of-jesus/,SACRED HEART OF JESUS,,true,https://thekabilincenter.org/wp-content/uploads/2023/01/01-thumbnail-29-768x1369.jpg,https://thekabilincenter.org/sacred-heart-of-jesus/,01-thumbnail-29-768x1369.jpg
images-of-christ,SACRED HEART OF JESUS,images-of-christ-sacred-heart-of-jesus-2,092-01-thumbnail-30-scaled.jpg,../tod-gallery-images/images-of-christ/092-01-thumbnail-30-scaled.jpg,"SACRED HEART OF JESUS

20th century

Cebu Metropolitan Cathedral

Cebu City

De tallado, pasta de madera, polychromed, glass eyes

Height: 174cm

Accession number: CMC-RO-SV-007",20th century,Cebu City,"De tallado, pasta de madera, polychromed, glass eyes",Height: 174cm,,Cebu Metropolitan Cathedral,CMC-RO-SV-007,61,parent_anchor_img+child_elementor_text_editor+attachment_metadata+label-and-pattern,,https://thekabilincenter.org/wp-content/uploads/2023/01/DSC02196-2-scaled.jpg,https://thekabilincenter.org/sacred-heart-of-jesus-2/,SACRED HEART OF JESUS,,true,https://thekabilincenter.org/wp-content/uploads/2023/01/01-thumbnail-30-768x1369.jpg,https://thekabilincenter.org/sacred-heart-of-jesus-2/,01-thumbnail-30-768x1369.jpg
images-of-christ,SACRED HEART OF JESUS,images-of-christ-sacred-heart-of-jesus-3,093-01-thumbnail-31-scaled.jpg,../tod-gallery-images/images-of-christ/093-01-thumbnail-31-scaled.jpg,"SACRED HEART OF JESUS

20th century

Santo Tomas de Villanueva Parish Church

Danao, Cebu

De vestir, polychromed wood, glass eyes

Height: 175cm

Accession number: STVP-RO-SV-016",20th century,"Danao, Cebu","De vestir, polychromed wood, glass eyes",Height: 175cm,,Santo Tomas de Villanueva Parish Church,STVP-RO-SV-016,62,parent_anchor_img+child_elementor_text_editor+attachment_metadata+label-and-pattern,,https://thekabilincenter.org/wp-content/uploads/2023/01/DSC01048-2-scaled.jpg,https://thekabilincenter.org/sacred-heart-of-jesus-3/,SACRED HEART OF JESUS,,true,https://thekabilincenter.org/wp-content/uploads/2023/01/01-thumbnail-31-768x1369.jpg,https://thekabilincenter.org/sacred-heart-of-jesus-3/,01-thumbnail-31-768x1369.jpg
images-of-christ,SACRED HEART OF JESUS,images-of-christ-sacred-heart-of-jesus-4,094-01-thumbnail-32-scaled.jpg,../tod-gallery-images/images-of-christ/094-01-thumbnail-32-scaled.jpg,"SACRED HEART OF JESUS

20th century

San Fernando Rey Parish Church

Liloan, Cebu

De tallado, plaster of paris, glass eyes

Height: 135cm

Accession number: SFR-RO-SV-004",20th century,"Liloan, Cebu","De tallado, plaster of paris, glass eyes",Height: 135cm,,San Fernando Rey Parish Church,SFR-RO-SV-004,63,parent_anchor_img+child_elementor_text_editor+attachment_metadata+label-and-pattern,,https://thekabilincenter.org/wp-content/uploads/2023/01/DSC02307-scaled.jpg,https://thekabilincenter.org/sacred-heart-of-jesus-4/,SACRED HEART OF JESUS,,true,https://thekabilincenter.org/wp-content/uploads/2023/01/01-thumbnail-32-768x1369.jpg,https://thekabilincenter.org/sacred-heart-of-jesus-4/,01-thumbnail-32-768x1369.jpg
images-of-christ,SACRED HEART OF JESUS,images-of-christ-sacred-heart-of-jesus-5,095-01-thumbnail-33-scaled.jpg,../tod-gallery-images/images-of-christ/095-01-thumbnail-33-scaled.jpg,"SACRED HEART OF JESUS

20th century

Saints Peter and Paul Parish Church

Bantayan, Cebu

De tallado, polychromed wood, glass eyes

Height: 127cm

Accession number: BIPM-RO-SV-011",20th century,"Bantayan, Cebu","De tallado, polychromed wood, glass eyes",Height: 127cm,,Saints Peter and Paul Parish Church,BIPM-RO-SV-011,64,parent_anchor_img+child_elementor_text_editor+attachment_metadata+label-and-pattern,,https://thekabilincenter.org/wp-content/uploads/2023/01/DSC03537.jpg,https://thekabilincenter.org/sacred-heart-of-jesus-5/,SACRED HEART OF JESUS,,true,https://thekabilincenter.org/wp-content/uploads/2023/01/01-thumbnail-33-768x1369.jpg,https://thekabilincenter.org/sacred-heart-of-jesus-5/,01-thumbnail-33-768x1369.jpg
images-of-christ,SACRED HEART OF JESUS,images-of-christ-sacred-heart-of-jesus-6,096-01-thumbnail-34-scaled.jpg,../tod-gallery-images/images-of-christ/096-01-thumbnail-34-scaled.jpg,"SACRED HEART OF JESUS

19th century

Nuestra Señora del Patrocinio de Maria Parish

Boljoon, Cebu

De vestir, polychromed wood, glass eyes

Height: 101.5cm

Accession number: BPM-RO-SV-049",19th century,"Boljoon, Cebu","De vestir, polychromed wood, glass eyes",Height: 101.5cm,,Nuestra Señora del Patrocinio de Maria Parish,BPM-RO-SV-049,65,parent_anchor_img+child_elementor_text_editor+attachment_metadata+label-and-pattern,,https://thekabilincenter.org/wp-content/uploads/2023/01/DSC00920-scaled.jpg,https://thekabilincenter.org/sacred-heart-of-jesus-6/,SACRED HEART OF JESUS,,true,https://thekabilincenter.org/wp-content/uploads/2023/01/01-thumbnail-34-768x1369.jpg,https://thekabilincenter.org/sacred-heart-of-jesus-6/,01-thumbnail-34-768x1369.jpg
images-of-christ,SACRED HEART OF JESUS,images-of-christ-sacred-heart-of-jesus-7,097-01-thumbnail-35-scaled.jpg,../tod-gallery-images/images-of-christ/097-01-thumbnail-35-scaled.jpg,"SACRED HEART OF JESUS

20th century

Church of Santa Rosa de Lima

Daanbantayan, Cebu

De vestir, polychromed wood, glass eyes Height:

Accession number:",20th century,"Daanbantayan, Cebu",,"De vestir, polychromed wood, glass eyes Height:",,Church of Santa Rosa de Lima,,66,parent_anchor_img+child_elementor_text_editor+attachment_metadata+label-and-pattern,Accession label was present without a value.,https://thekabilincenter.org/wp-content/uploads/2023/01/DSC00187.jpg,https://thekabilincenter.org/sacred-heart-of-jesus-7/,SACRED HEART OF JESUS,,true,https://thekabilincenter.org/wp-content/uploads/2023/01/01-thumbnail-35-768x1369.jpg,https://thekabilincenter.org/sacred-heart-of-jesus-7/,01-thumbnail-35-768x1369.jpg
images-of-christ,SALVADOR MUNDI (SAVIOR OF THE WORLD),images-of-christ-salvador-mundi-savior-of-the-world,098-01-thumbnail-36-scaled.jpg,../tod-gallery-images/images-of-christ/098-01-thumbnail-36-scaled.jpg,"SALVADOR MUNDI (SAVIOR OF THE WORLD)

20th century

National Shrine of Nuestra Señora Virgen de la Regla

Lapulapu City, Cebu

De tallado, fiber glass

Height: 84cm

Accession number: VDRP-RO-SV-006",20th century,"Lapulapu City, Cebu","De tallado, fiber glass",Height: 84cm,,National Shrine of Nuestra Señora Virgen de la Regla,VDRP-RO-SV-006,67,parent_anchor_img+child_elementor_text_editor+attachment_metadata+label-and-pattern,,https://thekabilincenter.org/wp-content/uploads/2023/01/DSC01553-2-scaled.jpg,https://thekabilincenter.org/salvador-mundi-savior-of-the-world/,SALVADOR MUNDI (SAVIOR OF THE WORLD),,true,https://thekabilincenter.org/wp-content/uploads/2023/01/01-thumbnail-36-768x1369.jpg,https://thekabilincenter.org/salvador-mundi-savior-of-the-world/,01-thumbnail-36-768x1369.jpg
in-love-with-mary,Blessed Virgin,in-love-with-mary-blessed-virgin,002-DSC00186-2-copy-scaled-1.jpg,../tod-gallery-images/in-love-with-mary/002-DSC00186-2-copy-scaled-1.jpg,"Blessed Virgin

18th century

Talisay City, Cebu

De tallado, polychromed wood

Height: 11.9”

Donated by Victoria Largo

Solicited by Amor Hernando

STC Folklife Museum

Saint Theresa’s College, Cebu City

Accession no. STC-041",18th century,"Talisay City, Cebu","De tallado, polychromed wood",Height: 11.9”,STC Folklife Museum,"Donated by Victoria Largo

Solicited by Amor Hernando

Saint Theresa’s College, Cebu City",STC-041,1,parent_anchor_img+child_elementor_text_editor+attachment_metadata+label-and-pattern,Multiple institution or owner values were preserved.,https://thekabilincenter.org/wp-content/uploads/2022/12/DSC00185-2-copy-scaled-1.jpg,https://thekabilincenter.org/blessed-virgin/,Blessed Virgin,,true,https://thekabilincenter.org/wp-content/uploads/2022/12/DSC00186-2-copy-scaled-1-768x1368.jpg,https://thekabilincenter.org/blessed-virgin/,DSC00186-2-copy-scaled-1-768x1368.jpg
in-love-with-mary,Blessed Virgin,in-love-with-mary-blessed-virgin-2,003-DSC00296-2-copy-scaled.jpg,../tod-gallery-images/in-love-with-mary/003-DSC00296-2-copy-scaled.jpg,"Blessed Virgin

Early 19th century

Cordova, Cebu

De tallado, polychromed wood

Height with the new base: 8”

Donated by: Evangeline Pacaldo

STC Folklife Museum

Saint Theresa’s College, Cebu City

Accession number: STC-049",Early 19th century,"Cordova, Cebu","De tallado, polychromed wood",Height with the new base: 8”,STC Folklife Museum,"Donated by: Evangeline Pacaldo

Saint Theresa’s College, Cebu City",STC-049,2,parent_anchor_img+child_elementor_text_editor+attachment_metadata+label-and-pattern,Multiple institution or owner values were preserved.,https://thekabilincenter.org/wp-content/uploads/2022/12/DSC00293-2-copy-scaled.jpg,https://thekabilincenter.org/blessed-virgin-2/,Blessed Virgin,,true,https://thekabilincenter.org/wp-content/uploads/2022/12/DSC00296-2-copy-768x1369.jpg,https://thekabilincenter.org/blessed-virgin-2/,DSC00296-2-copy-768x1369.jpg
in-love-with-mary,Blessed Virgin,in-love-with-mary-blessed-virgin-3,004-DSC00370-2-copy-scaled.jpg,../tod-gallery-images/in-love-with-mary/004-DSC00370-2-copy-scaled.jpg,"Blessed Virgin

18th century

Bohol

De tallado, polychromed wood

Donated by T. Radiac and Sr. V. Astorga,

Solicited by Sr. Victoria Astorga in 1974.

STC Folklife Museum

Saint Theresa’s College, Cebu City

Accession number: STC-577",18th century,Bohol,"De tallado, polychromed wood",,STC Folklife Museum,"Donated by T. Radiac and Sr. V. Astorga,

Solicited by Sr. Victoria Astorga in 1974.

Saint Theresa’s College, Cebu City",STC-577,3,parent_anchor_img+child_elementor_text_editor+attachment_metadata+label-and-pattern,Multiple institution or owner values were preserved.,https://thekabilincenter.org/wp-content/uploads/2022/12/DSC00363-2-copy-scaled.jpg,https://thekabilincenter.org/blessed-virgin-3/,Blessed Virgin,,true,https://thekabilincenter.org/wp-content/uploads/2022/12/DSC00370-2-copy-768x1369.jpg,https://thekabilincenter.org/blessed-virgin-3/,DSC00370-2-copy-768x1369.jpg
in-love-with-mary,Nuestra Del Patrocinio,in-love-with-mary-nuestra-del-patrocinio,005-DSC00498-2-copy-scaled.jpg,../tod-gallery-images/in-love-with-mary/005-DSC00498-2-copy-scaled.jpg,"Nuestra Del Patrocinio

18th century

Boljoon, Cebu

De tallado, polychromed wood

Total Height with the Base: 12”

Donated by Minda Niere

STC Folklife Museum

Saint Theresa’s College, Cebu City

Accession number: STC-053",18th century,"Boljoon, Cebu","De tallado, polychromed wood",Total Height with the Base: 12”,STC Folklife Museum,"Donated by Minda Niere

Saint Theresa’s College, Cebu City",STC-053,4,parent_anchor_img+child_elementor_text_editor+attachment_metadata+label-and-pattern,Multiple institution or owner values were preserved.,https://thekabilincenter.org/wp-content/uploads/2022/12/DSC00494-2-copy-scaled.jpg,https://thekabilincenter.org/nuestra-del-patrocinio/,Nuestra Del Patrocinio,,true,https://thekabilincenter.org/wp-content/uploads/2022/12/DSC00498-2-copy-768x1369.jpg,https://thekabilincenter.org/nuestra-del-patrocinio/,DSC00498-2-copy-768x1369.jpg
in-love-with-mary,Blessed Virgin,in-love-with-mary-blessed-virgin-4,006-DSC00350-2-copy-scaled.jpg,../tod-gallery-images/in-love-with-mary/006-DSC00350-2-copy-scaled.jpg,"Blessed Virgin

Early 19th century

Central Danao, Taboso Negros Occidental

De tallado, polychromed wood

Height: 9.7 “

Donated by Apolonia Amaya Vda. de Virtucio,

Solicited by Priscilla Alvarez

STC Folklife Museum

Saint Theresa’s College, Cebu City

Accession number: STC-057",Early 19th century,"Central Danao, Taboso Negros Occidental","De tallado, polychromed wood",Height: 9.7 “,STC Folklife Museum,"Donated by Apolonia Amaya Vda. de Virtucio,

Solicited by Priscilla Alvarez

Saint Theresa’s College, Cebu City",STC-057,5,parent_anchor_img+child_elementor_text_editor+attachment_metadata+label-and-pattern,Multiple institution or owner values were preserved.,https://thekabilincenter.org/wp-content/uploads/2022/12/DSC00355-2-copy-scaled.jpg,https://thekabilincenter.org/blessed-virgin-4/,Blessed Virgin,,true,https://thekabilincenter.org/wp-content/uploads/2022/12/DSC00350-2-copy-768x1369.jpg,https://thekabilincenter.org/blessed-virgin-4/,DSC00350-2-copy-768x1369.jpg
in-love-with-mary,Blessed Virgin,in-love-with-mary-blessed-virgin-5,007-DSC00663-2-copy-scaled.jpg,../tod-gallery-images/in-love-with-mary/007-DSC00663-2-copy-scaled.jpg,"Blessed Virgin

18th century

Inayawan, Cebu City

De tallado, polychromed wood

Height with the Base: 9.2”

Donated by apolinario Ocareza

Solicited by E. Magallon

STC Folklife Museum

Saint Theresa’s College, Cebu City

Accession number: STC-063",18th century,"Inayawan, Cebu City","De tallado, polychromed wood",Height with the Base: 9.2”,STC Folklife Museum,"Donated by apolinario Ocareza

Solicited by E. Magallon

Saint Theresa’s College, Cebu City",STC-063,6,parent_anchor_img+child_elementor_text_editor+attachment_metadata+label-and-pattern,Multiple institution or owner values were preserved.,https://thekabilincenter.org/wp-content/uploads/2022/12/DSC00668-2-copy-scaled.jpg,https://thekabilincenter.org/blessed-virgin-5/,Blessed Virgin,,true,https://thekabilincenter.org/wp-content/uploads/2022/12/DSC00663-2-copy-768x1369.jpg,https://thekabilincenter.org/blessed-virgin-5/,DSC00663-2-copy-768x1369.jpg
in-love-with-mary,Birhen sa Regla,in-love-with-mary-birhen-sa-regla,008-DSC00719-2-copy-scaled.jpg,../tod-gallery-images/in-love-with-mary/008-DSC00719-2-copy-scaled.jpg,"Birhen sa Regla

Early 19th century

Cordova Cebu

De tallado, polychromed wood

Blessed Virgin Height: 12”

Holy Child Height: 4”

Donated by the Ybañez Family

Solicited by Bhagwani Saroopdas

STC Folklife Museum

Saint Theresa’s College, Cebu City

Accession number: STC-194",Early 19th century,Cordova Cebu,"De tallado, polychromed wood","Blessed Virgin Height: 12”

Holy Child Height: 4”",STC Folklife Museum,"Donated by the Ybañez Family

Solicited by Bhagwani Saroopdas

Saint Theresa’s College, Cebu City",STC-194,7,parent_anchor_img+child_elementor_text_editor+attachment_metadata+label-and-pattern,Multiple institution or owner values were preserved.,https://thekabilincenter.org/wp-content/uploads/2022/12/DSC00734-2-copy-scaled.jpg,https://thekabilincenter.org/birhen-sa-regla/,Birhen sa Regla,,true,https://thekabilincenter.org/wp-content/uploads/2022/12/DSC00719-2-copy-768x1369.jpg,https://thekabilincenter.org/birhen-sa-regla/,DSC00719-2-copy-768x1369.jpg
in-love-with-mary,Blessed Virgin,in-love-with-mary-blessed-virgin-6,009-DSC00747-2-copy-scaled.jpg,../tod-gallery-images/in-love-with-mary/009-DSC00747-2-copy-scaled.jpg,"Blessed Virgin

18th century

Babag, Lapulapu City

De tallado, polychromed wood

Blessed Virgin Height: 9.4”

Height of the Base: 2.5”

Donated by Teofila Bardin

Solicited by Ellen Grace Lopez

STC Folklife Museum

Saint Theresa’s College, Cebu City

Accession number: STC-192",18th century,"Babag, Lapulapu City","De tallado, polychromed wood","Blessed Virgin Height: 9.4”

Height of the Base: 2.5”",STC Folklife Museum,"Donated by Teofila Bardin

Solicited by Ellen Grace Lopez

Saint Theresa’s College, Cebu City",STC-192,8,parent_anchor_img+child_elementor_text_editor+attachment_metadata+label-and-pattern,Multiple institution or owner values were preserved.,https://thekabilincenter.org/wp-content/uploads/2022/12/DSC00754-2-copy-scaled.jpg,https://thekabilincenter.org/blessed-virgin-6/,Blessed Virgin,,true,https://thekabilincenter.org/wp-content/uploads/2022/12/DSC00747-2-copy-768x1369.jpg,https://thekabilincenter.org/blessed-virgin-6/,DSC00747-2-copy-768x1369.jpg
in-love-with-mary,Nuestra Senora Virgen De la Regla,in-love-with-mary-nuestra-senora-virgen-de-la-regla,010-02-scaled.jpg,../tod-gallery-images/in-love-with-mary/010-02-scaled.jpg,"Nuestra Senora Virgen De la Regla

National Shrine of Nuestra Señora Virgen de la Regla

Lapulapu City

De vestir, polychromed wood, ivory globe

Height: 100cm

Child Total Height : 30cm

Canonically crowned image of the Virgin of the Rule enshrined in the Hagkanan

Accession number: VDRP-RO-SV-013",,Lapulapu City,"De vestir, polychromed wood, ivory globe","Height: 100cm

Child Total Height : 30cm",,National Shrine of Nuestra Señora Virgen de la Regla,VDRP-RO-SV-013,9,parent_anchor_img+child_elementor_text_editor+label-and-pattern,Unresolved description block(s): Canonically crowned image of the Virgin of the Rule enshrined in the Hagkanan,https://thekabilincenter.org/wp-content/uploads/2022/12/05-scaled.jpg,https://thekabilincenter.org/nuestra-senora-virgen-de-la-regla/,Nuestra Senora Virgen De la Regla,,true,https://thekabilincenter.org/wp-content/uploads/2022/12/02-768x1369.jpg,https://thekabilincenter.org/nuestra-senora-virgen-de-la-regla/,02-768x1369.jpg
in-love-with-mary,Nuestra Senora De la Immaculada Concepcion,in-love-with-mary-nuestra-senora-de-la-immaculada-concepcion,011-DSC02551-2-scaled.jpg,../tod-gallery-images/in-love-with-mary/011-DSC02551-2-scaled.jpg,"Nuestra Senora De la Immaculada Concepcion

Early 20th century

Cebu Metropolitan Cathedral, Cebu City

De vestir, polychromed wood, glass eyes, silver-coated brass

Height: 191cm

The festajada image is enshrined in the right side altar of the sanctuary of the cathedral.",Early 20th century,,"De vestir, polychromed wood, glass eyes, silver-coated brass",Height: 191cm,,"Cebu Metropolitan Cathedral, Cebu City

The festajada image is enshrined in the right side altar of the sanctuary of the cathedral.",,10,parent_anchor_img+child_elementor_text_editor+attachment_metadata+label-and-pattern,Multiple institution or owner values were preserved.,https://thekabilincenter.org/wp-content/uploads/2022/12/DSC02568-2-scaled.jpg,https://thekabilincenter.org/nuestra-senora-de-la-immaculada-concepcion/,Nuestra Senora De la Immaculada Concepcion,,true,https://thekabilincenter.org/wp-content/uploads/2022/12/DSC02551-2-768x1369.jpg,https://thekabilincenter.org/nuestra-senora-de-la-immaculada-concepcion/,DSC02551-2-768x1369.jpg
in-love-with-mary,Nuestra Señora del Patrocinio - La Chinita,in-love-with-mary-nuestra-senora-del-patrocinio-la-chinita,017-DSC00577-scaled.jpg,../tod-gallery-images/in-love-with-mary/017-DSC00577-scaled.jpg,"Nuestra Señora del Patrocinio - La Chinita

18th century

Nuestra Señora del Patrocinio de Maria Parish Church

Boljoon, Cebu

De vestir/de bastidor, ivory, glass, silver, wood

Height: 69cm

This is the canonically crowned and festejada image of the parish.

Accessioned number: BPM-RO-SV-029",18th century,"Boljoon, Cebu","De vestir/de bastidor, ivory, glass, silver, wood",Height: 69cm,,"Nuestra Señora del Patrocinio de Maria Parish Church

This is the canonically crowned and festejada image of the parish.",BPM-RO-SV-029,11,parent_anchor_img+child_elementor_text_editor+attachment_metadata+label-and-pattern,Multiple institution or owner values were preserved.,https://thekabilincenter.org/wp-content/uploads/2022/12/DSC00593.jpg,https://thekabilincenter.org/nuestra-senora-del-patrocinio-la-chinita/,Nuestra Señora del Patrocinio - La Chinita,,true,https://thekabilincenter.org/wp-content/uploads/2022/12/DSC00577-768x1369.jpg,https://thekabilincenter.org/nuestra-senora-del-patrocinio-la-chinita/,DSC00577-768x1369.jpg
in-love-with-mary,Nuestra Señora del Patrocinio - La Mestiza,in-love-with-mary-nuestra-senora-del-patrocinio-la-mestiza,183-DSC00516-scaled.jpg,../tod-gallery-images/in-love-with-mary/183-DSC00516-scaled.jpg,"Nuestra Señora del Patrocinio - La Mestiza

19th century

Nuestra Señora del Patrocinio de Maria Parish Church

Boljoon, Cebu

De vestir/de bastidor, ivory, glass, wood

Height: 81 cm

Processional image of the parish

Accessioned number: BPM-RO-SV-029",19th century,"Boljoon, Cebu","De vestir/de bastidor, ivory, glass, wood",Height: 81 cm,,"Nuestra Señora del Patrocinio de Maria Parish Church

Processional image of the parish",BPM-RO-SV-029,12,parent_anchor_img+child_elementor_text_editor+attachment_metadata+label-and-pattern,Multiple institution or owner values were preserved.,https://thekabilincenter.org/wp-content/uploads/2022/12/DSC00528-scaled.jpg,https://thekabilincenter.org/nuestra-senora-del-patrocinio-la-mestiza/,Nuestra Señora del Patrocinio - La Mestiza,,true,https://thekabilincenter.org/wp-content/uploads/2022/12/DSC00516-768x431.jpg,https://thekabilincenter.org/nuestra-senora-del-patrocinio-la-mestiza/,DSC00516-768x431.jpg
in-love-with-mary,NUESTRA SEÑORA DE LA CONSOLACION Y CORREA DE ALCOY,in-love-with-mary-nuestra-senora-de-la-consolacion-y-correa-de-alcoy,023-DSC00420-scaled.jpg,../tod-gallery-images/in-love-with-mary/023-DSC00420-scaled.jpg,"NUESTRA SEÑORA DE LA CONSOLACION Y CORREA DE ALCOY

18th century

Sta. Rosa de Lima Parish, Alcoy, Cebu

De vestir/de bastidor, ivory, glass, wood

Virgin Mary Height (w/out base): 45""

Child Jesus Height : 15""

Festejada image, Ivory hands are detachable (screw type); the head (from neck up) and hair are also detachable; bust or upper body is made of wood but is hollow from the waist down; petticoat is supported by a frame; the Child Jesus is also detachable

On loan to the Archdiocesan Museum of Cebu, Cebu City

Accession number: AMC-RO-S-00",18th century,,"De vestir/de bastidor, ivory, glass, wood

Festejada image, Ivory hands are detachable (screw type); the head (from neck up) and hair are also detachable; bust or upper body is made of wood but is hollow from the waist down; petticoat is supported by a frame; the Child Jesus is also detachable","Virgin Mary Height (w/out base): 45""

Child Jesus Height : 15""","On loan to the Archdiocesan Museum of Cebu, Cebu City","Sta. Rosa de Lima Parish, Alcoy, Cebu",AMC-RO-S-00,13,parent_anchor_img+child_elementor_text_editor+attachment_metadata+label-and-pattern,,https://thekabilincenter.org/wp-content/uploads/2022/12/DSC00429-scaled.jpg,https://thekabilincenter.org/nuestra-senora-de-la-consolacion-y-correa-de-alcoy/,NUESTRA SEÑORA DE LA CONSOLACION Y CORREA DE ALCOY,,true,https://thekabilincenter.org/wp-content/uploads/2022/12/DSC00420-768x1369.jpg,https://thekabilincenter.org/nuestra-senora-de-la-consolacion-y-correa-de-alcoy/,DSC00420-768x1369.jpg
in-love-with-mary,NUESTRA SEÑORA DE LA CONSOLACION Y CORREA DE ARGAO,in-love-with-mary-nuestra-senora-de-la-consolacion-y-correa-de-argao,029-DSC00628-scaled.jpg,../tod-gallery-images/in-love-with-mary/029-DSC00628-scaled.jpg,"NUESTRA SEÑORA DE LA CONSOLACION Y CORREA DE ARGAO

Early 19th century

Archdiocesan Shrine of San Miguel Arcangel, Argao, Cebu

De vestir/de bastidor, ivory, glass, wood

Height: 130cm

Height (child): 35cm

De bastidor image of Our Lady of Consolation; detachable head and hands. The Holy Child is made of ivory and is detachable.

The brass crown is gold plated

Accession number: APM-RO-SV-039",Early 19th century,,"De vestir/de bastidor, ivory, glass, wood

De bastidor image of Our Lady of Consolation; detachable head and hands. The Holy Child is made of ivory and is detachable.

The brass crown is gold plated","Height: 130cm

Height (child): 35cm",,"Archdiocesan Shrine of San Miguel Arcangel, Argao, Cebu",APM-RO-SV-039,14,parent_anchor_img+child_elementor_text_editor+attachment_metadata+label-and-pattern,,https://thekabilincenter.org/wp-content/uploads/2022/12/DSC00652-scaled.jpg,https://thekabilincenter.org/nuestra-senora-de-la-consolacion-y-correa-de-argao/,NUESTRA SEÑORA DE LA CONSOLACION Y CORREA DE ARGAO,,true,https://thekabilincenter.org/wp-content/uploads/2022/12/DSC00628-768x1368.jpg,https://thekabilincenter.org/nuestra-senora-de-la-consolacion-y-correa-de-argao/,DSC00628-768x1368.jpg
in-love-with-mary,NUESTRA SEÑORA DE LA CONSOLACION Y CORREA DE DALAGUETE,in-love-with-mary-nuestra-senora-de-la-consolacion-y-correa-de-dalaguete,030-DSC01995-copy-scaled.jpg,../tod-gallery-images/in-love-with-mary/030-DSC01995-copy-scaled.jpg,"NUESTRA SEÑORA DE LA CONSOLACION Y CORREA DE DALAGUETE

Early 19th century

San Guillermo de Aquitania Parish Church

Dalaguete, Cebu

De vestir/de bastidor, ivory, glass, wood

Height: 138cm

Holy Child Height: 47cm

A Mother and Child statue with detachable ivory hands and head and glass eyes.

Accession number: DPM-RO-SV-020",Early 19th century,"Dalaguete, Cebu","De vestir/de bastidor, ivory, glass, wood

A Mother and Child statue with detachable ivory hands and head and glass eyes.","Height: 138cm

Holy Child Height: 47cm",,San Guillermo de Aquitania Parish Church,DPM-RO-SV-020,15,parent_anchor_img+child_elementor_text_editor+attachment_metadata+label-and-pattern,,https://thekabilincenter.org/wp-content/uploads/2022/12/DSC02014-copy-scaled.jpg,https://thekabilincenter.org/nuestra-senora-de-la-consolacion-y-correa-de-dalaguete/,NUESTRA SEÑORA DE LA CONSOLACION Y CORREA DE DALAGUETE,,true,https://thekabilincenter.org/wp-content/uploads/2022/12/DSC01995-copy-768x1369.jpg,https://thekabilincenter.org/nuestra-senora-de-la-consolacion-y-correa-de-dalaguete/,DSC01995-copy-768x1369.jpg
in-love-with-mary,NUESTRA SEÑORA DE LA CONSOLACION Y CORREA DE TALISAY,in-love-with-mary-nuestra-senora-de-la-consolacion-y-correa-de-talisay,031-DSC02682-scaled.jpg,../tod-gallery-images/in-love-with-mary/031-DSC02682-scaled.jpg,"NUESTRA SEÑORA DE LA CONSOLACION Y CORREA DE TALISAY

19th century (original ivory statue)

20th century (wooden head and hands)

Archdiocesan Shrine of Santa Teresa de Avila

Talisay City, Cebu

De vestir, polychromed wood, glass

Height: 110cm

One of the images evacuated to Bohol during WWII (Apollono Baraclan brought the images of the Birhen sa Kalipay and Santa Teresa to an island in Bohol). Every fiesta, people from Bohol visit Talisay for this reason.

Originally the head and hands are made of ivory. During the vesperas of a fiesta In the 1970s (under the time of Fr. Salvador) the statue was found to be devoid of head and hands. The wooden head and hands were acquired with the help and sponsorship of a family who are lumad Talisaynon , the Figueroa family.",,"Talisay City, Cebu

One of the images evacuated to Bohol during WWII (Apollono Baraclan brought the images of the Birhen sa Kalipay and Santa Teresa to an island in Bohol). Every fiesta, people from Bohol visit Talisay for this reason.","19th century (original ivory statue)

20th century (wooden head and hands)

De vestir, polychromed wood, glass

Originally the head and hands are made of ivory. During the vesperas of a fiesta In the 1970s (under the time of Fr. Salvador) the statue was found to be devoid of head and hands. The wooden head and hands were acquired with the help and sponsorship of a family who are lumad Talisaynon , the Figueroa family.",Height: 110cm,,Archdiocesan Shrine of Santa Teresa de Avila,,16,parent_anchor_img+child_elementor_text_editor+attachment_metadata+label-and-pattern,,https://thekabilincenter.org/wp-content/uploads/2022/12/DSC02709-scaled.jpg,https://thekabilincenter.org/nuestra-senora-de-la-consolacion-y-correa-de-talisay/,NUESTRA SEÑORA DE LA CONSOLACION Y CORREA DE TALISAY,,true,https://thekabilincenter.org/wp-content/uploads/2022/12/DSC02682-768x1369.jpg,https://thekabilincenter.org/nuestra-senora-de-la-consolacion-y-correa-de-talisay/,DSC02682-768x1369.jpg
in-love-with-mary,NUESTRA SEÑORA DE LA CONSOLACION Y CORREA DE SAN NICOLAS,in-love-with-mary-nuestra-senora-de-la-consolacion-y-correa-de-san-nicolas,032-DSC01404-2-scaled.jpg,../tod-gallery-images/in-love-with-mary/032-DSC01404-2-scaled.jpg,"NUESTRA SEÑORA DE LA CONSOLACION Y CORREA DE SAN NICOLAS

Early 20th century

Archdiocesan Shrine of San Nicolas de Tolentino Parish, Cebu City

De vestir, polychromed wood, glass

Height : 123cm

Height (child): 35cm

Accessioned Number: SNP-RO-SV-002",Early 20th century,,"De vestir, polychromed wood, glass","Height : 123cm

Height (child): 35cm",,"Archdiocesan Shrine of San Nicolas de Tolentino Parish, Cebu City",SNP-RO-SV-002,17,parent_anchor_img+child_elementor_text_editor+attachment_metadata+label-and-pattern,,https://thekabilincenter.org/wp-content/uploads/2022/12/DSC01420-2-scaled.jpg,https://thekabilincenter.org/nuestra-senora-de-la-consolacion-y-correa-de-san-nicolas/,NUESTRA SEÑORA DE LA CONSOLACION Y CORREA DE SAN NICOLAS,,true,https://thekabilincenter.org/wp-content/uploads/2022/12/DSC01404-2-768x1369.jpg,https://thekabilincenter.org/nuestra-senora-de-la-consolacion-y-correa-de-san-nicolas/,DSC01404-2-768x1369.jpg
in-love-with-mary,NUESTRA SEÑORA DE LA CONSOLACION Y CORREA DE CARCAR,in-love-with-mary-nuestra-senora-de-la-consolacion-y-correa-de-carcar,033-DSC02239-scaled.jpg,../tod-gallery-images/in-love-with-mary/033-DSC02239-scaled.jpg,"NUESTRA SEÑORA DE LA CONSOLACION Y CORREA DE CARCAR

21th century

Archdiocesan Shrine of Saint Catherine of Alexandria

Carcar City, Cebu

De vestir , polychromed wood, glass

Virgin Mary Height: 210cm

Child Jesus Height: 40cm

Festejada image, a woode n sculpture originally assigned as Our Lady of the Visitation but was changed, during a ceremony/blessing, to Our Lady of Consolation by Monsignor Puno with the guidance of the local historian Jerry Martin Noel Alfafara. The Holy Child was also changed to fit the new appellation. The image is enshrined at the right side altar of the sanctuary.

Accession number: CPM-RO-SV-030",21th century,"Carcar City, Cebu","De vestir , polychromed wood, glass","Virgin Mary Height: 210cm

Child Jesus Height: 40cm",,Archdiocesan Shrine of Saint Catherine of Alexandria,CPM-RO-SV-030,18,parent_anchor_img+child_elementor_text_editor+attachment_metadata+label-and-pattern,"Unresolved description block(s): Festejada image, a woode n sculpture originally assigned as Our Lady of the Visitation but was changed, during a ceremony/blessing, to Our Lady of Consolation by Monsignor Puno with the guidance of the local historian Jerry Martin Noel Alfafara. The Holy Child was also changed to fit the new appellation. The image is enshrined at the right side altar of the sanctuary.",https://thekabilincenter.org/wp-content/uploads/2022/12/DSC02289-scaled.jpg,https://thekabilincenter.org/nuestra-senora-de-la-consolacion-y-correa-de-carcar/,NUESTRA SEÑORA DE LA CONSOLACION Y CORREA DE CARCAR,,true,https://thekabilincenter.org/wp-content/uploads/2022/12/DSC02239-768x1369.jpg,https://thekabilincenter.org/nuestra-senora-de-la-consolacion-y-correa-de-carcar/,DSC02239-768x1369.jpg
in-love-with-mary,NUESTRA SEÑORA DE LA CONSOLACION Y CORREA DE CARCAR,in-love-with-mary-nuestra-senora-de-la-consolacion-y-correa-de-carcar-2,034-DSC01188-scaled.jpg,../tod-gallery-images/in-love-with-mary/034-DSC01188-scaled.jpg,"NUESTRA SEÑORA DE LA CONSOLACION Y CORREA DE CARCAR

Early 20th century

Archdiocesan Shrine of Saint Catherine of Alexandria

Carcar City, Cebu

De vestir, polychromed wood, glass

Virgin Mary Height: 154cm

Child Height: 46cm

Free-standing wooden sculpture on a base with glass eyes, detachable hands, head and body. This is the old venerated image of the Consolation now kept in the parish museum.

Accession number: CPM-RO-SV-006",Early 20th century,"Carcar City, Cebu","De vestir, polychromed wood, glass

Free-standing wooden sculpture on a base with glass eyes, detachable hands, head and body. This is the old venerated image of the Consolation now kept in the parish museum.","Virgin Mary Height: 154cm

Child Height: 46cm",,Archdiocesan Shrine of Saint Catherine of Alexandria,CPM-RO-SV-006,19,parent_anchor_img+child_elementor_text_editor+attachment_metadata+label-and-pattern,,https://thekabilincenter.org/wp-content/uploads/2022/12/DSC01188-scaled.jpg,https://thekabilincenter.org/nuestra-senora-de-la-consolacion-y-correa-de-carcar-2/,NUESTRA SEÑORA DE LA CONSOLACION Y CORREA DE CARCAR,,true,https://thekabilincenter.org/wp-content/uploads/2022/12/DSC01188-768x1369.jpg,https://thekabilincenter.org/nuestra-senora-de-la-consolacion-y-correa-de-carcar-2/,DSC01188-768x1369.jpg
in-love-with-mary,NUESTRA SEÑORA DE LA INMACULADA CONCEPCION,in-love-with-mary-nuestra-senora-de-la-inmaculada-concepcion,035-DSC01182-3-scaled.jpg,../tod-gallery-images/in-love-with-mary/035-DSC01182-3-scaled.jpg,"NUESTRA SEÑORA DE LA INMACULADA CONCEPCION

18th century

Our Lady of the Immaculate Conception Parish Church

Oslob, Cebu

Relieve, wood, polychromed and gilded

Height : 150cm

Width: 110cm

High relief representation of our Lady of the Immaculate Conception. The sculpture is made of wood and can be seen at the retablo of the main altar. The image survived the 2008 fire that destroyed parts of the church and convent.

Accession number: ICP-RO-SV-033",18th century,"Oslob, Cebu","Relieve, wood, polychromed and gilded

High relief representation of our Lady of the Immaculate Conception. The sculpture is made of wood and can be seen at the retablo of the main altar. The image survived the 2008 fire that destroyed parts of the church and convent.","Height : 150cm

Width: 110cm",,Our Lady of the Immaculate Conception Parish Church,ICP-RO-SV-033,20,parent_anchor_img+child_elementor_text_editor+attachment_metadata+label-and-pattern,,https://thekabilincenter.org/wp-content/uploads/2022/12/DSC01182-3-scaled.jpg,https://thekabilincenter.org/nuestra-senora-de-la-inmaculada-concepcion/,NUESTRA SEÑORA DE LA INMACULADA CONCEPCION,,true,https://thekabilincenter.org/wp-content/uploads/2022/12/DSC01182-3-768x1369.jpg,https://thekabilincenter.org/nuestra-senora-de-la-inmaculada-concepcion/,DSC01182-3-768x1369.jpg
in-love-with-mary,NUESTRA SEÑORA DE LA INMACULADA CONCEPCION,in-love-with-mary-nuestra-senora-de-la-inmaculada-concepcion-2,036-DSC02652-2-scaled.jpg,../tod-gallery-images/in-love-with-mary/036-DSC02652-2-scaled.jpg,"NUESTRA SEÑORA DE LA INMACULADA CONCEPCION

18th century

Cebu Metropolitan Cathedral

Cebu City

De tallado, polychromed wood, glass eyes

The image was once part of the Spanish Period retablo of the Cathedral. It was enshrined inside the topmost niche of the retablo.",18th century,Cebu City,"De tallado, polychromed wood, glass eyes",,,"Cebu Metropolitan Cathedral

The image was once part of the Spanish Period retablo of the Cathedral. It was enshrined inside the topmost niche of the retablo.",,21,parent_anchor_img+child_elementor_text_editor+attachment_metadata+label-and-pattern,Multiple institution or owner values were preserved.,https://thekabilincenter.org/wp-content/uploads/2022/12/DSC02671-2-scaled.jpg,https://thekabilincenter.org/nuestra-senora-de-la-inmaculada-concepcion-2/,NUESTRA SEÑORA DE LA INMACULADA CONCEPCION,,true,https://thekabilincenter.org/wp-content/uploads/2022/12/DSC02652-2-768x1369.jpg,https://thekabilincenter.org/nuestra-senora-de-la-inmaculada-concepcion-2/,DSC02652-2-768x1369.jpg
in-love-with-mary,NUESTRA SEÑORA DE LA INMACULADA CONCEPCION,in-love-with-mary-nuestra-senora-de-la-inmaculada-concepcion-3,042-DSC00089-scaled.jpg,../tod-gallery-images/in-love-with-mary/042-DSC00089-scaled.jpg,"NUESTRA SEÑORA DE LA INMACULADA CONCEPCION

20th century

Santa Rosa de Lima Parish

Daanbantayan, Cebu

De vestir, polychromed Wood

Height: 92cm,lplo

Accession number: SRL-RO-SV-006",20th century,"Daanbantayan, Cebu","De vestir, polychromed Wood","Height: 92cm,lplo",,Santa Rosa de Lima Parish,SRL-RO-SV-006,22,parent_anchor_img+child_elementor_text_editor+attachment_metadata+label-and-pattern,,https://thekabilincenter.org/wp-content/uploads/2022/12/DSC00116-scaled.jpg,https://thekabilincenter.org/nuestra-senora-de-la-inmaculada-concepcion-3/,NUESTRA SEÑORA DE LA INMACULADA CONCEPCION,,true,https://thekabilincenter.org/wp-content/uploads/2022/12/DSC00089-768x1369.jpg,https://thekabilincenter.org/nuestra-senora-de-la-inmaculada-concepcion-3/,DSC00089-768x1369.jpg
in-love-with-mary,NUESTRA SEÑORA DE LA INMACULADA CONCEPCION,in-love-with-mary-nuestra-senora-de-la-inmaculada-concepcion-4,048-DSC02091-scaled.jpg,../tod-gallery-images/in-love-with-mary/048-DSC02091-scaled.jpg,"NUESTRA SEÑORA DE LA INMACULADA CONCEPCION

19th century

San Guillermo de Aquitania Parish Church

Dalaguete, Cebu

De vestir, polychromed wood

Height: 150cm

Accession number: DPM-RO-SV-024",19th century,"Dalaguete, Cebu","De vestir, polychromed wood",Height: 150cm,,San Guillermo de Aquitania Parish Church,DPM-RO-SV-024,23,parent_anchor_img+child_elementor_text_editor+attachment_metadata+label-and-pattern,,https://thekabilincenter.org/wp-content/uploads/2022/12/DSC02089-scaled.jpg,https://thekabilincenter.org/nuestra-senora-de-la-inmaculada-concepcion-4/,NUESTRA SEÑORA DE LA INMACULADA CONCEPCION,,true,https://thekabilincenter.org/wp-content/uploads/2022/12/DSC02091-768x1369.jpg,https://thekabilincenter.org/nuestra-senora-de-la-inmaculada-concepcion-4/,DSC02091-768x1369.jpg
in-love-with-mary,NUESTRA SEÑORA DE LA INMACULADA CONCEPCION,in-love-with-mary-nuestra-senora-de-la-inmaculada-concepcion-5,049-DSC00844-3-scaled.jpg,../tod-gallery-images/in-love-with-mary/049-DSC00844-3-scaled.jpg,"NUESTRA SEÑORA DE LA INMACULADA CONCEPCION

21st century

Our Lady of the Immaculate Conception Parish Church

Oslob, Cebu

De vestir, polychromed wood, glass

Height : 190cm

A newly commissioned piece to become the festejada image of the parish

Accession number: ICP-RO-SV-024",21st century,"Oslob, Cebu","De vestir, polychromed wood, glass",Height : 190cm,,"Our Lady of the Immaculate Conception Parish Church

A newly commissioned piece to become the festejada image of the parish",ICP-RO-SV-024,24,parent_anchor_img+child_elementor_text_editor+attachment_metadata+label-and-pattern,Multiple institution or owner values were preserved.,https://thekabilincenter.org/wp-content/uploads/2022/12/DSC00930-scaled.jpg,https://thekabilincenter.org/nuestra-senora-de-la-inmaculada-concepcion-5/,NUESTRA SEÑORA DE LA INMACULADA CONCEPCION,,true,https://thekabilincenter.org/wp-content/uploads/2022/12/DSC00844-3-768x1369.jpg,https://thekabilincenter.org/nuestra-senora-de-la-inmaculada-concepcion-5/,DSC00844-3-768x1369.jpg
in-love-with-mary,NUESTRA SEÑORA DE LA INMACULADA CONCEPCION,in-love-with-mary-nuestra-senora-de-la-inmaculada-concepcion-6,055-DSC00447-scaled.jpg,../tod-gallery-images/in-love-with-mary/055-DSC00447-scaled.jpg,"NUESTRA SEÑORA DE LA INMACULADA CONCEPCION

20th century

Our Lady of the Immaculate Conception Parish Church

Oslob, Cebu

De tallado, Escayola (plaster of Paris)

Height : 136cm

Accession number: ICP-RO-SV-028",20th century,"Oslob, Cebu","De tallado, Escayola (plaster of Paris)",Height : 136cm,,Our Lady of the Immaculate Conception Parish Church,ICP-RO-SV-028,25,parent_anchor_img+child_elementor_text_editor+attachment_metadata+label-and-pattern,,https://thekabilincenter.org/wp-content/uploads/2022/12/DSC00447-scaled.jpg,https://thekabilincenter.org/nuestra-senora-de-la-inmaculada-concepcion-6/,NUESTRA SEÑORA DE LA INMACULADA CONCEPCION,,true,https://thekabilincenter.org/wp-content/uploads/2022/12/DSC00447-768x1369.jpg,https://thekabilincenter.org/nuestra-senora-de-la-inmaculada-concepcion-6/,DSC00447-768x1369.jpg
in-love-with-mary,NUESTRA SEÑORA DE LA INMACULADA CONCEPCION,in-love-with-mary-nuestra-senora-de-la-inmaculada-concepcion-7,056-DSC01315-scaled.jpg,../tod-gallery-images/in-love-with-mary/056-DSC01315-scaled.jpg,"NUESTRA SEÑORA DE LA INMACULADA CONCEPCION

19th century

De tallado, wood, polychromed and gilded

Height: 20""

A de bulto (from base to neck) of carved wood with detachable ivory hands and head, the figure is completed with a halo. Features a suk-suk carving at the back, seven cherubim on the clouds, and abaca hair at the base.",19th century,,"De tallado, wood, polychromed and gilded

A de bulto (from base to neck) of carved wood with detachable ivory hands and head, the figure is completed with a halo. Features a suk-suk carving at the back, seven cherubim on the clouds, and abaca hair at the base.","Height: 20""",,,,26,parent_anchor_img+child_elementor_text_editor+attachment_metadata+label-and-pattern,,https://thekabilincenter.org/wp-content/uploads/2022/12/DSC01331-scaled.jpg,https://thekabilincenter.org/nuestra-senora-de-la-inmaculada-concepcion-7/,NUESTRA SEÑORA DE LA INMACULADA CONCEPCION,,true,https://thekabilincenter.org/wp-content/uploads/2022/12/DSC01315-768x1369.jpg,https://thekabilincenter.org/nuestra-senora-de-la-inmaculada-concepcion-7/,DSC01315-768x1369.jpg
in-love-with-mary,NUESTRA SEÑORA DE LA INMACULADA CONCEPCION,in-love-with-mary-nuestra-senora-de-la-inmaculada-concepcion-8,057-DSC00949-scaled.jpg,../tod-gallery-images/in-love-with-mary/057-DSC00949-scaled.jpg,"NUESTRA SEÑORA DE LA INMACULADA CONCEPCION

19th century

Nuestra Señora del Patrocinio de Maria Parish Church

Boljoon, Cebu

De vestir, polychrome wood, glass eyes

Height: 86cm",19th century,"Boljoon, Cebu","De vestir, polychrome wood, glass eyes",Height: 86cm,,Nuestra Señora del Patrocinio de Maria Parish Church,,27,parent_anchor_img+child_elementor_text_editor+attachment_metadata+label-and-pattern,,https://thekabilincenter.org/wp-content/uploads/2022/12/DSC00949-scaled.jpg,https://thekabilincenter.org/nuestra-senora-de-la-inmaculada-concepcion-8/,NUESTRA SEÑORA DE LA INMACULADA CONCEPCION,,true,https://thekabilincenter.org/wp-content/uploads/2022/12/DSC00949-768x1369.jpg,https://thekabilincenter.org/nuestra-senora-de-la-inmaculada-concepcion-8/,DSC00949-768x1369.jpg
in-love-with-mary,NUESTRA SEÑORA DEL SANTISIMO ROSARIO,in-love-with-mary-nuestra-senora-del-santisimo-rosario,058-DSC00696-scaled.jpg,../tod-gallery-images/in-love-with-mary/058-DSC00696-scaled.jpg,"NUESTRA SEÑORA DEL SANTISIMO ROSARIO

19th - 20th centuries

San Nicolas de Tolentino Parish Church

Malabuyoc, Cebu

De vestir, polychromed wood, glass

Height : 170cm

Accession number: SNDTP-M-RO-SV-012",,"Malabuyoc, Cebu","De vestir, polychromed wood, glass",Height : 170cm,,San Nicolas de Tolentino Parish Church,SNDTP-M-RO-SV-012,28,parent_anchor_img+child_elementor_text_editor+attachment_metadata+label-and-pattern,Unresolved description block(s): 19th - 20th centuries,https://thekabilincenter.org/wp-content/uploads/2022/12/DSC00731-scaled.jpg,https://thekabilincenter.org/nuestra-senora-del-santisimo-rosario/,NUESTRA SEÑORA DEL SANTISIMO ROSARIO,,true,https://thekabilincenter.org/wp-content/uploads/2022/12/DSC00696-768x1274.jpg,https://thekabilincenter.org/nuestra-senora-del-santisimo-rosario/,DSC00696-768x1274.jpg
in-love-with-mary,NUESTRA SEÑORA DEL SANTISIMO ROSARIO,in-love-with-mary-nuestra-senora-del-santisimo-rosario-7,064-DSC00517-scaled.jpg,../tod-gallery-images/in-love-with-mary/064-DSC00517-scaled.jpg,"NUESTRA SEÑORA DEL SANTISIMO ROSARIO

19th century

Saints Peter and Paul Parish

Bantayan, Cebu

De vestir, polychromed wood, ivory

Height:

The heads of both the virgin and the child were once made of ivory. They were replaced with the new wooden ones after a theft incident happened inside the church in the mid-1900’s.",19th century,"Bantayan, Cebu","De vestir, polychromed wood, ivory

The heads of both the virgin and the child were once made of ivory. They were replaced with the new wooden ones after a theft incident happened inside the church in the mid-1900’s.",Height:,,Saints Peter and Paul Parish,,29,parent_anchor_img+child_elementor_text_editor+attachment_metadata+label-and-pattern,,https://thekabilincenter.org/wp-content/uploads/2022/12/DSC00497-2-scaled.jpg,https://thekabilincenter.org/nuestra-senora-del-santisimo-rosario-7/,NUESTRA SEÑORA DEL SANTISIMO ROSARIO,,true,https://thekabilincenter.org/wp-content/uploads/2022/12/DSC00517-768x1369.jpg,https://thekabilincenter.org/nuestra-senora-del-santisimo-rosario-7/,DSC00517-768x1369.jpg
in-love-with-mary,NUESTRA SEÑORA DEL SANTISIMO ROSARIO,in-love-with-mary-nuestra-senora-del-santisimo-rosario-2,065-DSC01046-3-scaled.jpg,../tod-gallery-images/in-love-with-mary/065-DSC01046-3-scaled.jpg,"NUESTRA SEÑORA DEL SANTISIMO ROSARIO

19th - 20th centuries

Our Lady of the Immaculate Conception Parish Church

Oslob, Cebu

De vestir, polychromed wood, glass

Height : 215cm

Child Height: 40cm

Accession number: ICP-RO-SV-020",,"Oslob, Cebu","De vestir, polychromed wood, glass","Height : 215cm

Child Height: 40cm",,Our Lady of the Immaculate Conception Parish Church,ICP-RO-SV-020,30,parent_anchor_img+child_elementor_text_editor+attachment_metadata+label-and-pattern,Unresolved description block(s): 19th - 20th centuries,https://thekabilincenter.org/wp-content/uploads/2022/12/DSC01059-3-scaled.jpg,https://thekabilincenter.org/nuestra-senora-del-santisimo-rosario-2/,NUESTRA SEÑORA DEL SANTISIMO ROSARIO,,true,https://thekabilincenter.org/wp-content/uploads/2022/12/DSC01046-3-768x1369.jpg,https://thekabilincenter.org/nuestra-senora-del-santisimo-rosario-2/,DSC01046-3-768x1369.jpg
in-love-with-mary,NUESTRA SEÑORA DEL SANTISIMO ROSARIO,in-love-with-mary-nuestra-senora-del-santisimo-rosario-3,071-DSC03232-scaled.jpg,../tod-gallery-images/in-love-with-mary/071-DSC03232-scaled.jpg,"NUESTRA SEÑORA DEL SANTISIMO ROSARIO

19th - 20th centuries

From a chapel of Saints Peter and Paul Parish

Bantayan, Cebu

De vestir, polychromed wood

Height: 18cm

Accession number: BIPM-SV-001 or BIPM-RV-SV-001",,"Bantayan, Cebu","De vestir, polychromed wood",Height: 18cm,,From a chapel of Saints Peter and Paul Parish,BIPM-SV-001 or BIPM-RV-SV-001,31,parent_anchor_img+child_elementor_text_editor+attachment_metadata+label-and-pattern,Unresolved description block(s): 19th - 20th centuries,https://thekabilincenter.org/wp-content/uploads/2022/12/DSC00864-2-scaled.jpg,https://thekabilincenter.org/nuestra-senora-del-santisimo-rosario-3/,NUESTRA SEÑORA DEL SANTISIMO ROSARIO,,true,https://thekabilincenter.org/wp-content/uploads/2022/12/DSC03232-768x1369.jpg,https://thekabilincenter.org/nuestra-senora-del-santisimo-rosario-3/,DSC03232-768x1369.jpg
in-love-with-mary,NUESTRA SEÑORA DEL SANTISIMO ROSARIO,in-love-with-mary-nuestra-senora-del-santisimo-rosario-3-2,072-DSC00845-2-scaled.jpg,../tod-gallery-images/in-love-with-mary/072-DSC00845-2-scaled.jpg,"NUESTRA SEÑORA DEL SANTISIMO ROSARIO

19th - 20th centuries

From a chapel of Saints Peter and Paul Parish

Bantayan, Cebu

De vestir, polychromed wood

Height: 18cm

Accession number: BIPM-SV-001 or BIPM-RV-SV-001",,"Bantayan, Cebu","De vestir, polychromed wood",Height: 18cm,,From a chapel of Saints Peter and Paul Parish,BIPM-SV-001 or BIPM-RV-SV-001,32,parent_anchor_img+child_elementor_text_editor+attachment_metadata+label-and-pattern,Unresolved description block(s): 19th - 20th centuries,https://thekabilincenter.org/wp-content/uploads/2022/12/DSC00864-2-scaled.jpg,https://thekabilincenter.org/nuestra-senora-del-santisimo-rosario-3/,NUESTRA SEÑORA DEL SANTISIMO ROSARIO,,true,https://thekabilincenter.org/wp-content/uploads/2022/12/DSC00845-2-768x1369.jpg,https://thekabilincenter.org/nuestra-senora-del-santisimo-rosario-3/,DSC00845-2-768x1369.jpg
in-love-with-mary,NUESTRA SEÑORA DEL SANTISIMO ROSARIO,in-love-with-mary-nuestra-senora-del-santisimo-rosario-4,073-DSC01235-copy-scaled.jpg,../tod-gallery-images/in-love-with-mary/073-DSC01235-copy-scaled.jpg,"NUESTRA SEÑORA DEL SANTISIMO ROSARIO

Early 20th centuries

Archdiocesan Shrine of Santa Ana, Barili, Cebu

De vestir, polychromed wood, glass

Height: 215cm

Holy Child Height: 68cm

At the back of the base, a note is made to say that the image was made in Quiapo, Manila.

Accession number: BAPM-RO-SV-045",Early 20th centuries,,"De vestir, polychromed wood, glass","Height: 215cm

Holy Child Height: 68cm",,"Archdiocesan Shrine of Santa Ana, Barili, Cebu",BAPM-RO-SV-045,33,parent_anchor_img+child_elementor_text_editor+attachment_metadata+label-and-pattern,"Unresolved description block(s): At the back of the base, a note is made to say that the image was made in Quiapo, Manila.",https://thekabilincenter.org/wp-content/uploads/2022/12/DSC01235-copy-scaled.jpg,https://thekabilincenter.org/nuestra-senora-del-santisimo-rosario-4/,NUESTRA SEÑORA DEL SANTISIMO ROSARIO,,true,https://thekabilincenter.org/wp-content/uploads/2022/12/DSC01235-copy-768x1369.jpg,https://thekabilincenter.org/nuestra-senora-del-santisimo-rosario-4/,DSC01235-copy-768x1369.jpg
in-love-with-mary,NUESTRA SEÑORA DEL SANTISIMO ROSARIO,in-love-with-mary-nuestra-senora-del-santisimo-rosario-5,074-DSC02478-copy-scaled.jpg,../tod-gallery-images/in-love-with-mary/074-DSC02478-copy-scaled.jpg,"NUESTRA SEÑORA DEL SANTISIMO ROSARIO

20th century

Archdiocesan Shrine of Saint Catherine of Alexandria

Carcar City, Cebu

De tallado, polychromed escayola/plaster of paris

Height: 170cm

This image is said to be part of the images bought by Venerable Teofilo Camomot to be enshrined in the retablo after a renovation in the mid- 20th century.

Accession number: CPM-RO-SV-032",20th century,"Carcar City, Cebu","De tallado, polychromed escayola/plaster of paris",Height: 170cm,,Archdiocesan Shrine of Saint Catherine of Alexandria,CPM-RO-SV-032,34,parent_anchor_img+child_elementor_text_editor+attachment_metadata+label-and-pattern,Unresolved description block(s): This image is said to be part of the images bought by Venerable Teofilo Camomot to be enshrined in the retablo after a renovation in the mid- 20th century.,https://thekabilincenter.org/wp-content/uploads/2022/12/DSC02532-copy-scaled.jpg,https://thekabilincenter.org/nuestra-senora-del-santisimo-rosario-5/,NUESTRA SEÑORA DEL SANTISIMO ROSARIO,,true,https://thekabilincenter.org/wp-content/uploads/2022/12/DSC02478-copy-768x1369.jpg,https://thekabilincenter.org/nuestra-senora-del-santisimo-rosario-5/,DSC02478-copy-768x1369.jpg
in-love-with-mary,NUESTRA SEÑORA DEL SANTISIMO ROSARIO,in-love-with-mary-nuestra-senora-del-santisimo-rosario-6,080-1-thumbnail-1-scaled.jpg,../tod-gallery-images/in-love-with-mary/080-1-thumbnail-1-scaled.jpg,"NUESTRA SEÑORA DEL SANTISIMO ROSARIO

20th century

Cebu Metropolitan Cathedral, Cebu City

De tallado, polychromed wood, glass

Height: 175cm

This image is typical rendition of many Our Lady of the Holy Rosary images around the different parishes in Cebu.

Accession number: CMC-RO-SV-006",20th century,This image is typical rendition of many Our Lady of the Holy Rosary images around the different parishes in Cebu.,"De tallado, polychromed wood, glass",Height: 175cm,,"Cebu Metropolitan Cathedral, Cebu City",CMC-RO-SV-006,35,parent_anchor_img+child_elementor_text_editor+attachment_metadata+label-and-pattern,,https://thekabilincenter.org/wp-content/uploads/2022/12/DSC02012-2-scaled.jpg,https://thekabilincenter.org/nuestra-senora-del-santisimo-rosario-6/,NUESTRA SEÑORA DEL SANTISIMO ROSARIO,,true,https://thekabilincenter.org/wp-content/uploads/2022/12/1-thumbnail-1-768x1369.jpg,https://thekabilincenter.org/nuestra-senora-del-santisimo-rosario-6/,1-thumbnail-1-768x1369.jpg
in-love-with-mary,NUESTRA SEÑORA DEL CARMEN,in-love-with-mary-nuestra-senora-del-carmen,081-DSC01268-2-scaled.jpg,../tod-gallery-images/in-love-with-mary/081-DSC01268-2-scaled.jpg,"NUESTRA SEÑORA DEL CARMEN

Early 20th century

Santo Tomas de Villanueva Parish Church

Danao City, Cebu

De vestir, polychromed wood, glass

Height: 165cm

Child Height : 40cm

Festejada image of the segunda patron of the Danao parish

Accession number: STVP-RO-SV-039",Early 20th century,"Danao City, Cebu","De vestir, polychromed wood, glass","Height: 165cm

Child Height : 40cm",,"Santo Tomas de Villanueva Parish Church

Festejada image of the segunda patron of the Danao parish",STVP-RO-SV-039,36,parent_anchor_img+child_elementor_text_editor+attachment_metadata+label-and-pattern,Multiple institution or owner values were preserved.,https://thekabilincenter.org/wp-content/uploads/2022/12/DSC01336-2-scaled.jpg,https://thekabilincenter.org/nuestra-senora-del-carmen/,NUESTRA SEÑORA DEL CARMEN,,true,https://thekabilincenter.org/wp-content/uploads/2022/12/DSC01268-2-768x1369.jpg,https://thekabilincenter.org/nuestra-senora-del-carmen/,DSC01268-2-768x1369.jpg
in-love-with-mary,NUESTRA SEÑORA DEL CARMEN,in-love-with-mary-nuestra-senora-del-carmen-2,082-DSC00708-3-scaled.jpg,../tod-gallery-images/in-love-with-mary/082-DSC00708-3-scaled.jpg,"NUESTRA SEÑORA DEL CARMEN

20th century

Our Lady of the Immaculate Conception Parish Church

Oslob, Cebu

De vestir, polychromed wood, glass

Detachable head and hands

Height : 112cm

Child Height : 45cm

Accession number ICP-RO-SV-022",20th century,"Oslob, Cebu","De vestir, polychromed wood, glass","Height : 112cm

Child Height : 45cm",,Our Lady of the Immaculate Conception Parish Church,ICP-RO-SV-022,37,parent_anchor_img+child_elementor_text_editor+attachment_metadata+label-and-pattern,Unresolved description block(s): Detachable head and hands,https://thekabilincenter.org/wp-content/uploads/2022/12/DSC00719-scaled.jpg,https://thekabilincenter.org/nuestra-senora-del-carmen-2/,NUESTRA SEÑORA DEL CARMEN,,true,https://thekabilincenter.org/wp-content/uploads/2022/12/DSC00708-3-768x1369.jpg,https://thekabilincenter.org/nuestra-senora-del-carmen-2/,DSC00708-3-768x1369.jpg
in-love-with-mary,NUESTRA SEÑORA DEL CARMEN,in-love-with-mary-nuestra-senora-del-carmen-3,083-DSC02858-scaled.jpg,../tod-gallery-images/in-love-with-mary/083-DSC02858-scaled.jpg,"NUESTRA SEÑORA DEL CARMEN

20th century

Archdiocesan Shrine of Santa Teresa de Avila

Talisay City, Cebu

De vestir, polychromed wood, glass

Height: 120cm

Holy Child Height: 36cm

The image is said to be made by a local sculptor named Juanito Alino, who also was said to be deaf-mute.

Accession number: SGA-RO-SV-004",20th century,"Talisay City, Cebu","De vestir, polychromed wood, glass","Height: 120cm

Holy Child Height: 36cm",,Archdiocesan Shrine of Santa Teresa de Avila,SGA-RO-SV-004,38,parent_anchor_img+child_elementor_text_editor+attachment_metadata+label-and-pattern,"Unresolved description block(s): The image is said to be made by a local sculptor named Juanito Alino, who also was said to be deaf-mute.",https://thekabilincenter.org/wp-content/uploads/2022/12/DSC02871-scaled.jpg,https://thekabilincenter.org/nuestra-senora-del-carmen-3/,NUESTRA SEÑORA DEL CARMEN,,true,https://thekabilincenter.org/wp-content/uploads/2022/12/DSC02858-768x1369.jpg,https://thekabilincenter.org/nuestra-senora-del-carmen-3/,DSC02858-768x1369.jpg
in-love-with-mary,NUESTRA SEÑORA DEL CARMEN,in-love-with-mary-nuestra-senora-del-carmen-4,084-DSC01303-scaled.jpg,../tod-gallery-images/in-love-with-mary/084-DSC01303-scaled.jpg,"NUESTRA SEÑORA DEL CARMEN

20th century

National Shrine of Nuestra Señora Virgen de la Regla

Lapulapu City Cebu

De tallado, polychromed wood, glass

Height: 120cm

Child Height : 42cm

Accession number: VDRP-RO-SV-002",20th century,Lapulapu City Cebu,"De tallado, polychromed wood, glass","Height: 120cm

Child Height : 42cm",,National Shrine of Nuestra Señora Virgen de la Regla,VDRP-RO-SV-002,39,parent_anchor_img+child_elementor_text_editor+attachment_metadata+label-and-pattern,,https://thekabilincenter.org/wp-content/uploads/2022/12/DSC01327-scaled.jpg,https://thekabilincenter.org/nuestra-senora-del-carmen-4/,NUESTRA SEÑORA DEL CARMEN,,true,https://thekabilincenter.org/wp-content/uploads/2022/12/DSC01303-768x1369.jpg,https://thekabilincenter.org/nuestra-senora-del-carmen-4/,DSC01303-768x1369.jpg
in-love-with-mary,MATER DOLOROSA,in-love-with-mary-mater-dolorosa,090-DSC00965-scaled.jpg,../tod-gallery-images/in-love-with-mary/090-DSC00965-scaled.jpg,"MATER DOLOROSA

Nuestra Señora del Patrocinio de Maria Parish Church, Boljoon, Cebu

Total Height : 160cm",,,,Total Height : 160cm,,"Nuestra Señora del Patrocinio de Maria Parish Church, Boljoon, Cebu",,40,parent_anchor_img+child_elementor_text_editor+attachment_metadata+label-and-pattern,,https://thekabilincenter.org/wp-content/uploads/2022/12/DSC00972-scaled.jpg,https://thekabilincenter.org/mater-dolorosa/,MATER DOLOROSA,,true,https://thekabilincenter.org/wp-content/uploads/2022/12/DSC00965-768x1369.jpg,https://thekabilincenter.org/mater-dolorosa/,DSC00965-768x1369.jpg
in-love-with-mary,MATER DOLOROSA,in-love-with-mary-mater-dolorosa-2,096-DSC01750-scaled.jpg,../tod-gallery-images/in-love-with-mary/096-DSC01750-scaled.jpg,"MATER DOLOROSA

APM-RO-SV-103

Archdiocesan Shrine of San Miguel Arcangel, Argao, Cebu

De bastidor with ivory head and hands and glass eyes

Overall Height: 120cm

(ivory) clasped hands Length: 20cm

(ivory) head Height : 25cm

(ivory) head Circumference : 32cm

De bastidor Height : 75cm

De bastidor Circumference: 30cm

Brass (gold plated) Height : 21cm

Brass Sword Height : 15cm

Brass Heart Height : 12cm

Areola Height : 30cm

Areola Width: 11cm",,,De bastidor with ivory head and hands and glass eyes,"Overall Height: 120cm

(ivory) clasped hands Length: 20cm

(ivory) head Height : 25cm

(ivory) head Circumference : 32cm

De bastidor Height : 75cm

De bastidor Circumference: 30cm

Brass (gold plated) Height : 21cm

Brass Sword Height : 15cm

Brass Heart Height : 12cm

Areola Height : 30cm

Areola Width: 11cm",,"Archdiocesan Shrine of San Miguel Arcangel, Argao, Cebu",,41,parent_anchor_img+child_elementor_text_editor+attachment_metadata+label-and-pattern,Unresolved description block(s): APM-RO-SV-103,https://thekabilincenter.org/wp-content/uploads/2022/12/DSC01755-scaled.jpg,https://thekabilincenter.org/mater-dolorosa-2/,MATER DOLOROSA,,true,https://thekabilincenter.org/wp-content/uploads/2022/12/DSC01750-768x1369.jpg,https://thekabilincenter.org/mater-dolorosa-2/,DSC01750-768x1369.jpg
in-love-with-mary,NUESTRA SEÑORA DE LOS DOLORES,in-love-with-mary-nuestra-senora-de-los-dolores,102-DSC02570-scaled.jpg,../tod-gallery-images/in-love-with-mary/102-DSC02570-scaled.jpg,"NUESTRA SEÑORA DE LOS DOLORES

Early 20th century

Our Lady of Sorrows Parish Church, Ronda, Cebu

De vestir, polychromed wood, glass

Height: 111cm

Festejada image of the parish

Accession number: ROP-RO-SV-006",Early 20th century,,"De vestir, polychromed wood, glass",Height: 111cm,,"Our Lady of Sorrows Parish Church, Ronda, Cebu

Festejada image of the parish",ROP-RO-SV-006,42,parent_anchor_img+child_elementor_text_editor+attachment_metadata+label-and-pattern,Multiple institution or owner values were preserved.,https://thekabilincenter.org/wp-content/uploads/2022/12/DSC02570-scaled.jpg,https://thekabilincenter.org/nuestra-senora-de-los-dolores/,NUESTRA SEÑORA DE LOS DOLORES,,true,https://thekabilincenter.org/wp-content/uploads/2022/12/DSC02570-768x1369.jpg,https://thekabilincenter.org/nuestra-senora-de-los-dolores/,DSC02570-768x1369.jpg
in-love-with-mary,MATER DOLOROSA,in-love-with-mary-mater-dolorosa-3,103-DSC01878-scaled.jpg,../tod-gallery-images/in-love-with-mary/103-DSC01878-scaled.jpg,"MATER DOLOROSA

20th century

Archdiocesan Shrine of Saint James the Apostle

Compostela, Cebu

De vestir, polychromed wood, glass

Height : 175cm

Accession number: SDC-RO-SV-001",20th century,"Compostela, Cebu","De vestir, polychromed wood, glass",Height : 175cm,,Archdiocesan Shrine of Saint James the Apostle,SDC-RO-SV-001,43,parent_anchor_img+child_elementor_text_editor+attachment_metadata+label-and-pattern,,https://thekabilincenter.org/wp-content/uploads/2022/12/DSC01902-scaled.jpg,https://thekabilincenter.org/mater-dolorosa-3/,MATER DOLOROSA,,true,https://thekabilincenter.org/wp-content/uploads/2022/12/DSC01878-768x1369.jpg,https://thekabilincenter.org/mater-dolorosa-3/,DSC01878-768x1369.jpg
in-love-with-mary,MATER DOLOROSA,in-love-with-mary-mater-dolorosa-4,104-DSC01172-scaled.jpg,../tod-gallery-images/in-love-with-mary/104-DSC01172-scaled.jpg,"MATER DOLOROSA

Late 18th century

Archdiocesan Shrine of San Miguel Arcangel

Argao, Cebu

De tallado, Wood, polychromed and gilded in estofado style

Height: 101cm

The image is part of a calvary scene set.

Accession number: APM-RO-SV-043",Late 18th century,"Argao, Cebu","De tallado, Wood, polychromed and gilded in estofado style",Height: 101cm,,Archdiocesan Shrine of San Miguel Arcangel,APM-RO-SV-043,44,parent_anchor_img+child_elementor_text_editor+attachment_metadata+label-and-pattern,Unresolved description block(s): The image is part of a calvary scene set.,https://thekabilincenter.org/wp-content/uploads/2022/12/DSC01176-scaled.jpg,https://thekabilincenter.org/mater-dolorosa-4/,MATER DOLOROSA,,true,https://thekabilincenter.org/wp-content/uploads/2022/12/DSC01172-768x1369.jpg,https://thekabilincenter.org/mater-dolorosa-4/,DSC01172-768x1369.jpg
in-love-with-mary,NUESTRA SEÑORA DE LOS DOLORES,in-love-with-mary-nuestra-senora-de-los-dolores-2,105-DSC02573-scaled.jpg,../tod-gallery-images/in-love-with-mary/105-DSC02573-scaled.jpg,"NUESTRA SEÑORA DE LOS DOLORES

Late 20th century

Our Lady of Sorrows Parish Church, Ronda, Cebu

De tallado, polychromed wood, glass

Height: 55cm

This image was commissioned to be used during the visita patronal to chapels during fiesta celebrations.

Accession number: ROP-RO-SV-011",Late 20th century,,"De tallado, polychromed wood, glass",Height: 55cm,,"Our Lady of Sorrows Parish Church, Ronda, Cebu",ROP-RO-SV-011,45,parent_anchor_img+child_elementor_text_editor+attachment_metadata+label-and-pattern,Unresolved description block(s): This image was commissioned to be used during the visita patronal to chapels during fiesta celebrations.,https://thekabilincenter.org/wp-content/uploads/2022/12/DSC02621-scaled.jpg,https://thekabilincenter.org/nuestra-senora-de-los-dolores-2/,NUESTRA SEÑORA DE LOS DOLORES,,true,https://thekabilincenter.org/wp-content/uploads/2022/12/DSC02573-768x1369.jpg,https://thekabilincenter.org/nuestra-senora-de-los-dolores-2/,DSC02573-768x1369.jpg
in-love-with-mary,NUESTRA SEÑORA DE LOS DOLORES,in-love-with-mary-nuestra-senora-de-los-dolores-3,106-DSC02646-scaled.jpg,../tod-gallery-images/in-love-with-mary/106-DSC02646-scaled.jpg,"NUESTRA SEÑORA DE LOS DOLORES

Early 20th century

Our Lady of Sorrows Parish Church, Ronda, Cebu

De tallado, polychromed wood, glass

Height: 74.5cm

This is the patronal statue of the parish enshrined in the old retablo. Now, it is being kept for safekeeping in the rectory.

Accession number: ROP-RO-SV-012",Early 20th century,,"De tallado, polychromed wood, glass",Height: 74.5cm,,"Our Lady of Sorrows Parish Church, Ronda, Cebu

This is the patronal statue of the parish enshrined in the old retablo. Now, it is being kept for safekeeping in the rectory.",ROP-RO-SV-012,46,parent_anchor_img+child_elementor_text_editor+attachment_metadata+label-and-pattern,Multiple institution or owner values were preserved.,https://thekabilincenter.org/wp-content/uploads/2022/12/DSC02676-scaled.jpg,https://thekabilincenter.org/nuestra-senora-de-los-dolores-3/,NUESTRA SEÑORA DE LOS DOLORES,,true,https://thekabilincenter.org/wp-content/uploads/2022/12/DSC02646-768x1369.jpg,https://thekabilincenter.org/nuestra-senora-de-los-dolores-3/,DSC02646-768x1369.jpg
in-love-with-mary,IMMACULATE HEART OF MARY,in-love-with-mary-immaculate-heart-of-mary,107-DSC02182-2-scaled.jpg,../tod-gallery-images/in-love-with-mary/107-DSC02182-2-scaled.jpg,"IMMACULATE HEART OF MARY

Early 20th century

Cebu Metropolitan Cathedral, Cebu City

De tallado, pasta de madera, polychromed and gilded, glass

Accession number: CMC-RO-SV-006

H: 175cm

H (body): 148cm

H (head): 22cm

L (Right arm): 35cm

L (Left arm): 25cm

H (base): 10cm

Circ (head): 63cm

Circ (octagonal): 8x22cm",Early 20th century,,"De tallado, pasta de madera, polychromed and gilded, glass","H: 175cm

H (body): 148cm

H (head): 22cm

L (Right arm): 35cm

L (Left arm): 25cm

H (base): 10cm

Circ (head): 63cm

Circ (octagonal): 8x22cm",,"Cebu Metropolitan Cathedral, Cebu City",CMC-RO-SV-006,47,parent_anchor_img+child_elementor_text_editor+attachment_metadata+label-and-pattern,,https://thekabilincenter.org/wp-content/uploads/2022/12/DSC02182-2-scaled.jpg,https://thekabilincenter.org/immaculate-heart-of-mary/,IMMACULATE HEART OF MARY,,true,https://thekabilincenter.org/wp-content/uploads/2022/12/DSC02182-2-768x1369.jpg,https://thekabilincenter.org/immaculate-heart-of-mary/,DSC02182-2-768x1369.jpg
in-love-with-mary,IMMACULATE HEART OF MARY,in-love-with-mary-immaculate-heart-of-mary-2,108-DSC02218-copy-scaled.jpg,../tod-gallery-images/in-love-with-mary/108-DSC02218-copy-scaled.jpg,"IMMACULATE HEART OF MARY

Early 20th century

San Guillermo de Aquitania Parish

Dalaguete, Cebu

De vestir, polychromed wood, glass

Height: 179cm

Accession number: DPM-RO-SV-031",Early 20th century,"Dalaguete, Cebu","De vestir, polychromed wood, glass",Height: 179cm,,San Guillermo de Aquitania Parish,DPM-RO-SV-031,48,parent_anchor_img+child_elementor_text_editor+attachment_metadata+label-and-pattern,,https://thekabilincenter.org/wp-content/uploads/2022/12/DSC02230-copy-scaled.jpg,https://thekabilincenter.org/immaculate-heart-of-mary-2/,IMMACULATE HEART OF MARY,,true,https://thekabilincenter.org/wp-content/uploads/2022/12/DSC02218-copy-768x1369.jpg,https://thekabilincenter.org/immaculate-heart-of-mary-2/,DSC02218-copy-768x1369.jpg
in-love-with-mary,IMMACULATE HEART OF MARY,in-love-with-mary-immaculate-heart-of-mary-3,109-DSC00991-scaled.jpg,../tod-gallery-images/in-love-with-mary/109-DSC00991-scaled.jpg,"IMMACULATE HEART OF MARY

Late 19th century

Nuestra Señora del Patrocinio de Maria Parish

Boljoon, Cebu

De vestir, polychromed wood, glass

Height : 160cm",Late 19th century,"Boljoon, Cebu","De vestir, polychromed wood, glass",Height : 160cm,,Nuestra Señora del Patrocinio de Maria Parish,,49,parent_anchor_img+child_elementor_text_editor+attachment_metadata+label-and-pattern,,https://thekabilincenter.org/wp-content/uploads/2022/12/DSC01006-scaled.jpg,https://thekabilincenter.org/immaculate-heart-of-mary-3/,IMMACULATE HEART OF MARY,,true,https://thekabilincenter.org/wp-content/uploads/2022/12/DSC00991-768x1238.jpg,https://thekabilincenter.org/immaculate-heart-of-mary-3/,DSC00991-768x1238.jpg
in-love-with-mary,OUR LADY OF THE SACRED HEART,in-love-with-mary-our-lady-of-the-sacred-heart,110-DSC01611-2-scaled.jpg,../tod-gallery-images/in-love-with-mary/110-DSC01611-2-scaled.jpg,"OUR LADY OF THE SACRED HEART

21st century

National Shrine of Nuestra Señora Virgen de la Regla

Lapulapu City, Cebu

De tallado, polychromed fiber glass

Height: 56cm

Child Height: 18.5cm

A representation of the Madonna and Child as Filipino

Accession number: VDRP-RO-SV-015",21st century,"Lapulapu City, Cebu","De tallado, polychromed fiber glass","Height: 56cm

Child Height: 18.5cm",,National Shrine of Nuestra Señora Virgen de la Regla,VDRP-RO-SV-015,50,parent_anchor_img+child_elementor_text_editor+attachment_metadata+label-and-pattern,Unresolved description block(s): A representation of the Madonna and Child as Filipino,https://thekabilincenter.org/wp-content/uploads/2022/12/DSC01634-scaled.jpg,https://thekabilincenter.org/our-lady-of-the-sacred-heart/,OUR LADY OF THE SACRED HEART,,true,https://thekabilincenter.org/wp-content/uploads/2022/12/DSC01611-2-768x1369.jpg,https://thekabilincenter.org/our-lady-of-the-sacred-heart/,DSC01611-2-768x1369.jpg
in-love-with-mary,NUESTRA SEÑORA DE LA MEDALLA MILAGROSA,in-love-with-mary-nuestra-senora-de-la-medalla-milagrosa,111-DSC02253-scaled.jpg,../tod-gallery-images/in-love-with-mary/111-DSC02253-scaled.jpg,"NUESTRA SEÑORA DE LA MEDALLA MILAGROSA

20th century

San Guillermo de Aquitania Parish

Dalaguete, Cebu

De vestir, polychromed wood, glass

Height: 167cm

Accession number: DPM-RO-SV-029",20th century,"Dalaguete, Cebu","De vestir, polychromed wood, glass",Height: 167cm,,San Guillermo de Aquitania Parish,DPM-RO-SV-029,51,parent_anchor_img+child_elementor_text_editor+attachment_metadata+label-and-pattern,,https://thekabilincenter.org/wp-content/uploads/2022/12/DSC02264-scaled.jpg,https://thekabilincenter.org/nuestra-senora-de-la-medalla-milagrosa/,NUESTRA SEÑORA DE LA MEDALLA MILAGROSA,,true,https://thekabilincenter.org/wp-content/uploads/2022/12/DSC02253-768x1369.jpg,https://thekabilincenter.org/nuestra-senora-de-la-medalla-milagrosa/,DSC02253-768x1369.jpg
in-love-with-mary,NUESTRA SEÑORA DE LA MEDALLA MILAGROSA,in-love-with-mary-nuestra-senora-de-la-medalla-milagrosa-2,112-DSC00172-scaled.jpg,../tod-gallery-images/in-love-with-mary/112-DSC00172-scaled.jpg,"NUESTRA SEÑORA DE LA MEDALLA MILAGROSA

20th century

National Shrine and Parish of Saint Joseph , Mandaue City

De tallado, pasta de madera, polychromed and gilded, glass

Height: 158cm

Accession number: SJP-RO-SV-003",20th century,,"De tallado, pasta de madera, polychromed and gilded, glass",Height: 158cm,,"National Shrine and Parish of Saint Joseph , Mandaue City",SJP-RO-SV-003,52,parent_anchor_img+child_elementor_text_editor+attachment_metadata+label-and-pattern,,https://thekabilincenter.org/wp-content/uploads/2022/12/DSC00172-scaled.jpg,https://thekabilincenter.org/nuestra-senora-de-la-medalla-milagrosa-2/,NUESTRA SEÑORA DE LA MEDALLA MILAGROSA,,true,https://thekabilincenter.org/wp-content/uploads/2022/12/DSC00172-768x1369.jpg,https://thekabilincenter.org/nuestra-senora-de-la-medalla-milagrosa-2/,DSC00172-768x1369.jpg
in-love-with-mary,NUESTRA SEÑORA DE LA MEDALLA MILAGROSA,in-love-with-mary-nuestra-senora-de-la-medalla-milagrosa-3,113-DSC00195-scaled.jpg,../tod-gallery-images/in-love-with-mary/113-DSC00195-scaled.jpg,"NUESTRA SEÑORA DE LA MEDALLA MILAGROSA

20th century

National Shrine of Nuestra Señora Virgen de la Regla

Lapulapu City, Cebu

De tallado, polychromed wood, glass

Height: 134cm

Accession number: VDRP-RO-SV-018",20th century,"Lapulapu City, Cebu","De tallado, polychromed wood, glass",Height: 134cm,,National Shrine of Nuestra Señora Virgen de la Regla,VDRP-RO-SV-018,53,parent_anchor_img+child_elementor_text_editor+attachment_metadata+label-and-pattern,,https://thekabilincenter.org/wp-content/uploads/2022/12/DSC00204-1-scaled.jpg,https://thekabilincenter.org/nuestra-senora-de-la-medalla-milagrosa-3/,NUESTRA SEÑORA DE LA MEDALLA MILAGROSA,,true,https://thekabilincenter.org/wp-content/uploads/2022/12/DSC00195-768x1369.jpg,https://thekabilincenter.org/nuestra-senora-de-la-medalla-milagrosa-3/,DSC00195-768x1369.jpg
in-love-with-mary,NUESTRA SEÑORA DE LA MEDALLA MILAGROSA,in-love-with-mary-nuestra-senora-de-la-medalla-milagrosa-4,114-DSC01099-2-scaled.jpg,../tod-gallery-images/in-love-with-mary/114-DSC01099-2-scaled.jpg,"NUESTRA SEÑORA DE LA MEDALLA MILAGROSA

20th century

Santo Tomas de Villanueva Parish Church

Danao City, Cebu

De tallado, polychromed wood, glass

Height: 109cm

Accession number: STVP-RO-SV-022",20th century,"Danao City, Cebu","De tallado, polychromed wood, glass",Height: 109cm,,Santo Tomas de Villanueva Parish Church,STVP-RO-SV-022,54,parent_anchor_img+child_elementor_text_editor+attachment_metadata+label-and-pattern,,https://thekabilincenter.org/wp-content/uploads/2022/12/DSC01116-2-scaled.jpg,https://thekabilincenter.org/nuestra-senora-de-la-medalla-milagrosa-4/,NUESTRA SEÑORA DE LA MEDALLA MILAGROSA,,true,https://thekabilincenter.org/wp-content/uploads/2022/12/DSC01099-2-768x1369.jpg,https://thekabilincenter.org/nuestra-senora-de-la-medalla-milagrosa-4/,DSC01099-2-768x1369.jpg
in-love-with-mary,NUESTRA SEÑORA DE LA MEDALLA MILAGROSA,in-love-with-mary-nuestra-senora-de-la-medalla-milagrosa-5,115-DSC01680-2-scaled.jpg,../tod-gallery-images/in-love-with-mary/115-DSC01680-2-scaled.jpg,"NUESTRA SEÑORA DE LA MEDALLA MILAGROSA

20th century

San Nicolas de Tolentino Parish Church

Malabuyoc, Cebu

De tallado, polychromed wood, plaster, glass

Overall Height: 82cm

Accession number: SNDTP-M-RO-SV-005",20th century,"Malabuyoc, Cebu","De tallado, polychromed wood, plaster, glass",Overall Height: 82cm,,San Nicolas de Tolentino Parish Church,SNDTP-M-RO-SV-005,55,parent_anchor_img+child_elementor_text_editor+attachment_metadata+label-and-pattern,,https://thekabilincenter.org/wp-content/uploads/2022/12/DSC01680-2-scaled.jpg,https://thekabilincenter.org/nuestra-senora-de-la-medalla-milagrosa-5/,NUESTRA SEÑORA DE LA MEDALLA MILAGROSA,,true,https://thekabilincenter.org/wp-content/uploads/2022/12/DSC01680-2-768x1369.jpg,https://thekabilincenter.org/nuestra-senora-de-la-medalla-milagrosa-5/,DSC01680-2-768x1369.jpg
in-love-with-mary,DEVOTIONAL IMAGE OF THE LEGION OF MARY,in-love-with-mary-devotional-image-of-the-legion-of-mary,121-DSC01751-scaled.jpg,../tod-gallery-images/in-love-with-mary/121-DSC01751-scaled.jpg,"DEVOTIONAL IMAGE OF THE LEGION OF MARY

20th century

Archdiocesan Shrine of Saint James the Apostle

Compostela, Cebu

De tallado, polychromed plaster of paris, glass

Height : 64cm

Accession number: SDC-RO-SV-002",20th century,"Compostela, Cebu","De tallado, polychromed plaster of paris, glass",Height : 64cm,,Archdiocesan Shrine of Saint James the Apostle,SDC-RO-SV-002,56,parent_anchor_img+child_elementor_text_editor+attachment_metadata+label-and-pattern,,https://thekabilincenter.org/wp-content/uploads/2022/12/DSC01760-scaled.jpg,https://thekabilincenter.org/devotional-image-of-the-legion-of-mary/,DEVOTIONAL IMAGE OF THE LEGION OF MARY,,true,https://thekabilincenter.org/wp-content/uploads/2022/12/DSC01751-768x1369.jpg,https://thekabilincenter.org/devotional-image-of-the-legion-of-mary/,DSC01751-768x1369.jpg
in-love-with-mary,OUR LADY OF LOURDES,in-love-with-mary-our-lady-of-lourdes,127-DSC00610-scaled.jpg,../tod-gallery-images/in-love-with-mary/127-DSC00610-scaled.jpg,"OUR LADY OF LOURDES

20th century

Our Lady of the Immaculate Conception Parish

Oslob, Cebu

De vestir, polychromed wood, glass

head and hands are detachable

Height : 175cm

Accession number: ICP-RO-SV-023",20th century,"Oslob, Cebu","De vestir, polychromed wood, glass",Height : 175cm,,Our Lady of the Immaculate Conception Parish,ICP-RO-SV-023,57,parent_anchor_img+child_elementor_text_editor+attachment_metadata+label-and-pattern,Unresolved description block(s): head and hands are detachable,https://thekabilincenter.org/wp-content/uploads/2022/12/DSC00612-3-scaled.jpg,https://thekabilincenter.org/our-lady-of-lourdes/,OUR LADY OF LOURDES,,true,https://thekabilincenter.org/wp-content/uploads/2022/12/DSC00610-768x1369.jpg,https://thekabilincenter.org/our-lady-of-lourdes/,DSC00610-768x1369.jpg
in-love-with-mary,OUR LADY OF LOURDES,in-love-with-mary-our-lady-of-lourdes-2,128-DSC00772-3-scaled.jpg,../tod-gallery-images/in-love-with-mary/128-DSC00772-3-scaled.jpg,"OUR LADY OF LOURDES

20th century

San Nicolas de Tolentino Parish Church, Malabuyoc, Cebu

De tallado, polychromed wood, glass, repainted with enamel, white and blue with gold lining for the clothing

Height: 170cm

Accession number: SNDTP-M-RO-SV-015",20th century,,"De tallado, polychromed wood, glass, repainted with enamel, white and blue with gold lining for the clothing",Height: 170cm,,"San Nicolas de Tolentino Parish Church, Malabuyoc, Cebu",SNDTP-M-RO-SV-015,58,parent_anchor_img+child_elementor_text_editor+attachment_metadata+label-and-pattern,,https://thekabilincenter.org/wp-content/uploads/2022/12/DSC00796-scaled.jpg,https://thekabilincenter.org/our-lady-of-lourdes-2/,OUR LADY OF LOURDES,,true,https://thekabilincenter.org/wp-content/uploads/2022/12/DSC00772-3-768x1369.jpg,https://thekabilincenter.org/our-lady-of-lourdes-2/,DSC00772-3-768x1369.jpg
in-love-with-mary,OUR LADY OF LOURDES,in-love-with-mary-our-lady-of-lourdes-3,129-DSC00841-scaled.jpg,../tod-gallery-images/in-love-with-mary/129-DSC00841-scaled.jpg,"OUR LADY OF LOURDES

20th century

Archdiocesan Shrine of San Vicente Ferrer

Bogo City, Cebu

De tallado, polychromed wood, glass

Height: 137cm

Accession number: SVF-RO-SV-003",20th century,"Bogo City, Cebu","De tallado, polychromed wood, glass",Height: 137cm,,Archdiocesan Shrine of San Vicente Ferrer,SVF-RO-SV-003,59,parent_anchor_img+child_elementor_text_editor+attachment_metadata+label-and-pattern,,https://thekabilincenter.org/wp-content/uploads/2022/12/DSC00858-scaled.jpg,https://thekabilincenter.org/our-lady-of-lourdes-3/,OUR LADY OF LOURDES,,true,https://thekabilincenter.org/wp-content/uploads/2022/12/DSC00841-768x1369.jpg,https://thekabilincenter.org/our-lady-of-lourdes-3/,DSC00841-768x1369.jpg
in-love-with-mary,OUR LADY OF PERPETUAL HELP,in-love-with-mary-our-lady-of-perpetual-help-2,135-DSC00673-scaled.jpg,../tod-gallery-images/in-love-with-mary/135-DSC00673-scaled.jpg,"OUR LADY OF PERPETUAL HELP

20th century

San Guillermo de Aquitania Parish Church

Dalaguete, Cebu

Relieve, polychromed wood , decorated with lagang

Width: 272cm

Height: 106cm

Accession number: DPM-RO-SV-046",20th century,"Dalaguete, Cebu","Relieve, polychromed wood , decorated with lagang","Width: 272cm

Height: 106cm",,San Guillermo de Aquitania Parish Church,DPM-RO-SV-046,60,parent_anchor_img+child_elementor_text_editor+attachment_metadata+label-and-pattern,,https://thekabilincenter.org/wp-content/uploads/2022/12/DSC00693-copy-scaled.jpg,https://thekabilincenter.org/our-lady-of-perpetual-help-2/,OUR LADY OF PERPETUAL HELP,,true,https://thekabilincenter.org/wp-content/uploads/2022/12/DSC00673-768x1369.jpg,https://thekabilincenter.org/our-lady-of-perpetual-help-2/,DSC00673-768x1369.jpg
in-love-with-mary,OUR LADY OF PERPETUAL HELP,in-love-with-mary-our-lady-of-perpetual-help,136-DSC01082-scaled.jpg,../tod-gallery-images/in-love-with-mary/136-DSC01082-scaled.jpg,"OUR LADY OF PERPETUAL HELP

20th century

San Guillermo de Aquitania Parish Church

Dalaguete, Cebu

Relieve, polychromed wood , decorated with lagang

Width: 272cm

Height: 106cm

Accession number: DPM-RO-SV-046",20th century,"Dalaguete, Cebu","Relieve, polychromed wood , decorated with lagang","Width: 272cm

Height: 106cm",,San Guillermo de Aquitania Parish Church,DPM-RO-SV-046,61,parent_anchor_img+child_elementor_text_editor+attachment_metadata+label-and-pattern,,https://thekabilincenter.org/wp-content/uploads/2022/12/DSC01096-scaled.jpg,https://thekabilincenter.org/our-lady-of-perpetual-help/,OUR LADY OF PERPETUAL HELP,,true,https://thekabilincenter.org/wp-content/uploads/2022/12/DSC01082-768x1331.jpg,https://thekabilincenter.org/our-lady-of-perpetual-help/,DSC01082-768x1331.jpg
in-love-with-mary,VIRGIN MARY WITH THE CHILD JESUS,in-love-with-mary-virgin-mary-with-the-child-jesus,137-DSC01091-scaled.jpg,../tod-gallery-images/in-love-with-mary/137-DSC01091-scaled.jpg,"VIRGIN MARY WITH THE CHILD JESUS

Late 19th century

Luis Cabrera Ancestral House , Mandaue City

De vestir, ivory, wood, glass

Height: 113cm

Height (child): 18cm

The image has been with the Cabrera Family since the 1870s and enshrined in an urna in the family altar.

Accession number: LCH-RO-SV-002",Late 19th century,,"De vestir, ivory, wood, glass","Height: 113cm

Height (child): 18cm",,"Luis Cabrera Ancestral House , Mandaue City",LCH-RO-SV-002,62,parent_anchor_img+child_elementor_text_editor+attachment_metadata+label-and-pattern,Unresolved description block(s): The image has been with the Cabrera Family since the 1870s and enshrined in an urna in the family altar.,https://thekabilincenter.org/wp-content/uploads/2022/12/DSC01095-scaled.jpg,https://thekabilincenter.org/virgin-mary-with-the-child-jesus/,VIRGIN MARY WITH THE CHILD JESUS,,true,https://thekabilincenter.org/wp-content/uploads/2022/12/DSC01091-768x1369.jpg,https://thekabilincenter.org/virgin-mary-with-the-child-jesus/,DSC01091-768x1369.jpg
in-love-with-mary,BIRHEN SA REGLA,in-love-with-mary-birhen-sa-regla-2,143-DSC02039-scaled.jpg,../tod-gallery-images/in-love-with-mary/143-DSC02039-scaled.jpg,"BIRHEN SA REGLA

20th century

National Shrine of Nuestra Señora Virgen de la Regla

Lapulapu City, Cebu

De vestir, ivory, glass, gold and silver plated verdugado vest

Height: 78cm

Child Height : 14cm

Accession number: VDRP-RO-SV-012",20th century,"Lapulapu City, Cebu","De vestir, ivory, glass, gold and silver plated verdugado vest","Height: 78cm

Child Height : 14cm",,National Shrine of Nuestra Señora Virgen de la Regla,VDRP-RO-SV-012,63,parent_anchor_img+child_elementor_text_editor+attachment_metadata+label-and-pattern,,https://thekabilincenter.org/wp-content/uploads/2022/12/DSC02051-scaled.jpg,https://thekabilincenter.org/birhen-sa-regla-2/,BIRHEN SA REGLA,,true,https://thekabilincenter.org/wp-content/uploads/2022/12/DSC02039-768x1369.jpg,https://thekabilincenter.org/birhen-sa-regla-2/,DSC02039-768x1369.jpg
in-love-with-mary,VIRGEN DE LOS REMEDIOS,in-love-with-mary-virgen-de-los-remedios,144-DSC02456-2-scaled.jpg,../tod-gallery-images/in-love-with-mary/144-DSC02456-2-scaled.jpg,"VIRGEN DE LOS REMEDIOS

Postwar 20th century

Cebu Metropolitan Cathedral, Cebu City

De vestir, polychromed wood, glass

Height : 145cm

Height (child): 41cm

The image is enshrined at the baptistry of the cathedral.

Accession number: CMC-RO-SV-016",,,"De vestir, polychromed wood, glass","Height : 145cm

Height (child): 41cm",,"Cebu Metropolitan Cathedral, Cebu City

The image is enshrined at the baptistry of the cathedral.",CMC-RO-SV-016,64,parent_anchor_img+child_elementor_text_editor+attachment_metadata+label-and-pattern,Unresolved description block(s): Postwar 20th century Multiple institution or owner values were preserved.,https://thekabilincenter.org/wp-content/uploads/2022/12/DSC02462-2-scaled.jpg,https://thekabilincenter.org/virgen-de-los-remedios/,VIRGEN DE LOS REMEDIOS,,true,https://thekabilincenter.org/wp-content/uploads/2022/12/DSC02456-2-768x1369.jpg,https://thekabilincenter.org/virgen-de-los-remedios/,DSC02456-2-768x1369.jpg
in-love-with-mary,VIRGEN DE LOS REMEDIOS,in-love-with-mary-virgen-de-los-remedios-2,145-DSC00776-scaled.jpg,../tod-gallery-images/in-love-with-mary/145-DSC00776-scaled.jpg,"VIRGEN DE LOS REMEDIOS

Late 19th century

Nuestra Señora del Patrocinio de Maria Parish

Boljoon, Cebu

De tallado, polychromed wood, glass

Total Height :160cm",Late 19th century,"Boljoon, Cebu","De tallado, polychromed wood, glass",Total Height :160cm,,Nuestra Señora del Patrocinio de Maria Parish,,65,parent_anchor_img+child_elementor_text_editor+attachment_metadata+label-and-pattern,,https://thekabilincenter.org/wp-content/uploads/2022/12/DSC00782-1-scaled.jpg,https://thekabilincenter.org/virgen-de-los-remedios-2/,VIRGEN DE LOS REMEDIOS,,true,https://thekabilincenter.org/wp-content/uploads/2022/12/DSC00776-768x1369.jpg,https://thekabilincenter.org/virgen-de-los-remedios-2/,DSC00776-768x1369.jpg
in-love-with-mary,VIRGEN DE LOS REMEDIOS,in-love-with-mary-virgen-de-los-remedios-3,146-DSC01118-scaled.jpg,../tod-gallery-images/in-love-with-mary/146-DSC01118-scaled.jpg,"VIRGEN DE LOS REMEDIOS

19th century

Archdiocesan Museum of Cebu, Cebu City

De vestir, ivory, wood, glass

The figure is detachable but is tied to the peana .

Height (with base): 21""

The image is protected by a verina.

Accession number: AMC-RO-S-016",19th century,,"De vestir, ivory, wood, glass","Height (with base): 21""","Archdiocesan Museum of Cebu, Cebu City",,AMC-RO-S-016,66,parent_anchor_img+child_elementor_text_editor+attachment_metadata+label-and-pattern,Unresolved description block(s): The figure is detachable but is tied to the peana . | The image is protected by a verina.,https://thekabilincenter.org/wp-content/uploads/2022/12/DSC01129-scaled.jpg,https://thekabilincenter.org/virgen-de-los-remedios-3/,VIRGEN DE LOS REMEDIOS,,true,https://thekabilincenter.org/wp-content/uploads/2022/12/DSC01118-768x1369.jpg,https://thekabilincenter.org/virgen-de-los-remedios-3/,DSC01118-768x1369.jpg
in-love-with-mary,"MARY, HELP OF CHRISTIANS",in-love-with-mary-mary-help-of-christians,147-DSC02216-scaled.jpg,../tod-gallery-images/in-love-with-mary/147-DSC02216-scaled.jpg,"MARY, HELP OF CHRISTIANS

20th century

St. Francis of Assisi Parish Church, Dumanjug, Cebu

De tallado, polychromed wood, glass

Height: 135cm

Child Height: 45cm

Accession number: DUP-RO-SV-004",20th century,,"De tallado, polychromed wood, glass","Height: 135cm

Child Height: 45cm",,"St. Francis of Assisi Parish Church, Dumanjug, Cebu",DUP-RO-SV-004,67,parent_anchor_img+child_elementor_text_editor+attachment_metadata+label-and-pattern,,https://thekabilincenter.org/wp-content/uploads/2022/12/DSC02221-scaled.jpg,https://thekabilincenter.org/mary-help-of-christians/,"MARY, HELP OF CHRISTIANS",,true,https://thekabilincenter.org/wp-content/uploads/2022/12/DSC02216-768x1369.jpg,https://thekabilincenter.org/mary-help-of-christians/,DSC02216-768x1369.jpg
in-love-with-mary,QUEEN OF THE MOST HOLY EUCHARIST,in-love-with-mary-queen-of-the-most-holy-eucharist,148-DSC01591-scaled.jpg,../tod-gallery-images/in-love-with-mary/148-DSC01591-scaled.jpg,"QUEEN OF THE MOST HOLY EUCHARIST

21st century

Archdiocesan Shrine of Our Lady of Guadalupe de Cebu , Cebu City

De tallado, polychromed wood, glass

Height: 220cm

Accession number: GP-RO-SV-010",21st century,,"De tallado, polychromed wood, glass",Height: 220cm,,"Archdiocesan Shrine of Our Lady of Guadalupe de Cebu , Cebu City",GP-RO-SV-010,68,parent_anchor_img+child_elementor_text_editor+attachment_metadata+label-and-pattern,,https://thekabilincenter.org/wp-content/uploads/2022/12/DSC01665-scaled.jpg,https://thekabilincenter.org/queen-of-the-most-holy-eucharist/,QUEEN OF THE MOST HOLY EUCHARIST,,true,https://thekabilincenter.org/wp-content/uploads/2022/12/DSC01591-768x1369.jpg,https://thekabilincenter.org/queen-of-the-most-holy-eucharist/,DSC01591-768x1369.jpg
in-love-with-mary,BIRHEN SA BARANGAY,in-love-with-mary-birhen-sa-barangay,149-DSC01724-scaled.jpg,../tod-gallery-images/in-love-with-mary/149-DSC01724-scaled.jpg,"BIRHEN SA BARANGAY

Late 20th century

Archdiocesan Shrine of Our Lady of Guadalupe de Cebu , Cebu City

De tallado, polychromed wood

Height: 156cm

Child Height : 45cm

Accession number: GP-RO-SV-009",Late 20th century,,"De tallado, polychromed wood","Height: 156cm

Child Height : 45cm",,"Archdiocesan Shrine of Our Lady of Guadalupe de Cebu , Cebu City",GP-RO-SV-009,69,parent_anchor_img+child_elementor_text_editor+attachment_metadata+label-and-pattern,,https://thekabilincenter.org/wp-content/uploads/2022/12/DSC01734-1-scaled.jpg,https://thekabilincenter.org/birhen-sa-barangay/,BIRHEN SA BARANGAY,,true,https://thekabilincenter.org/wp-content/uploads/2022/12/DSC01724-768x1369.jpg,https://thekabilincenter.org/birhen-sa-barangay/,DSC01724-768x1369.jpg
in-love-with-mary,BIRHEN SA BARANGAY,in-love-with-mary-birhen-sa-barangay-2,150-DSC02372-2-scaled.jpg,../tod-gallery-images/in-love-with-mary/150-DSC02372-2-scaled.jpg,"BIRHEN SA BARANGAY

Late 20th century

Cebu Metropolitan Cathedral, Cebu City

De tallado, polychromed wood, glass

Height: 108cm

Height (child): 9cm

With this Madonna and Child sculpture on a base, the representation shows the Virgin Mary standing on a cloud and wearing the traditional balintawak with a red-and-yellow tapis over her waist. The Child Jesus is in swaddling clothes.

Accession number: CMC-RO-SV-013",Late 20th century,,"De tallado, polychromed wood, glass","Height: 108cm

Height (child): 9cm",,"Cebu Metropolitan Cathedral, Cebu City",CMC-RO-SV-013,70,parent_anchor_img+child_elementor_text_editor+attachment_metadata+label-and-pattern,"Unresolved description block(s): With this Madonna and Child sculpture on a base, the representation shows the Virgin Mary standing on a cloud and wearing the traditional balintawak with a red-and-yellow tapis over her waist. The Child Jesus is in swaddling clothes.",https://thekabilincenter.org/wp-content/uploads/2022/12/DSC02398-2-scaled.jpg,https://thekabilincenter.org/birhen-sa-barangay-2/,BIRHEN SA BARANGAY,,true,https://thekabilincenter.org/wp-content/uploads/2022/12/DSC02372-2-768x1369.jpg,https://thekabilincenter.org/birhen-sa-barangay-2/,DSC02372-2-768x1369.jpg
in-love-with-mary,VIRGEN DE LAS FLORES,in-love-with-mary-virgen-de-las-flores,156-DSC00556-scaled.jpg,../tod-gallery-images/in-love-with-mary/156-DSC00556-scaled.jpg,"VIRGEN DE LAS FLORES

20th century

Our Lady of the Immaculate Conception Parish

Oslob, Cebu

De vestir, polychromed wood, glass

Height : 148cm

Accession number: ICP-RO-SV-021",20th century,"Oslob, Cebu","De vestir, polychromed wood, glass",Height : 148cm,,Our Lady of the Immaculate Conception Parish,ICP-RO-SV-021,71,parent_anchor_img+child_elementor_text_editor+attachment_metadata+label-and-pattern,,https://thekabilincenter.org/wp-content/uploads/2022/12/DSC00597-3-scaled.jpg,https://thekabilincenter.org/virgen-de-las-flores/,VIRGEN DE LAS FLORES,,true,https://thekabilincenter.org/wp-content/uploads/2022/12/DSC00556-768x1369.jpg,https://thekabilincenter.org/virgen-de-las-flores/,DSC00556-768x1369.jpg
in-love-with-mary,VIRGIN MARY,in-love-with-mary-virgin-mary,157-DSC02199-copy-scaled.jpg,../tod-gallery-images/in-love-with-mary/157-DSC02199-copy-scaled.jpg,"VIRGIN MARY

20th century

San Guillermo de Aquitania Parish

Dalaguete, Cebu

De vestir, polychromed wood, glass

Height: 132cm

This image of the Blessed Virgin is generally used to represent the different titles of Mary and in various occasions of the parish like the Flores de Mayo, Rosary Month, Belen, etc.

Accession number: DPM-RO-SV-026",20th century,"Dalaguete, Cebu","De vestir, polychromed wood, glass",Height: 132cm,,"San Guillermo de Aquitania Parish

This image of the Blessed Virgin is generally used to represent the different titles of Mary and in various occasions of the parish like the Flores de Mayo, Rosary Month, Belen, etc.",DPM-RO-SV-026,72,parent_anchor_img+child_elementor_text_editor+attachment_metadata+label-and-pattern,Multiple institution or owner values were preserved.,https://thekabilincenter.org/wp-content/uploads/2022/12/DSC02204-scaled.jpg,https://thekabilincenter.org/virgin-mary/,VIRGIN MARY,,true,https://thekabilincenter.org/wp-content/uploads/2022/12/DSC02199-copy-768x1369.jpg,https://thekabilincenter.org/virgin-mary/,DSC02199-copy-768x1369.jpg
in-love-with-mary,VIRGIN MARY,in-love-with-mary-virgin-mary-2,158-DSC01585-2-scaled.jpg,../tod-gallery-images/in-love-with-mary/158-DSC01585-2-scaled.jpg,"VIRGIN MARY

20th century

Saint Gabriel the Archangel Parish

Santander, Cebu

De vestir, polychromed wood, glass

Height: 141cm

This image of the Blessed Virgin is generally used to represent the different titles of Mary and in various occasions of the parish like the Flores de Mayo, Rosary Month, Belen, etc.

Accession number: SGA-S-RO-SV-009",20th century,"Santander, Cebu","De vestir, polychromed wood, glass",Height: 141cm,,"Saint Gabriel the Archangel Parish

This image of the Blessed Virgin is generally used to represent the different titles of Mary and in various occasions of the parish like the Flores de Mayo, Rosary Month, Belen, etc.",SGA-S-RO-SV-009,73,parent_anchor_img+child_elementor_text_editor+attachment_metadata+label-and-pattern,Multiple institution or owner values were preserved.,https://thekabilincenter.org/wp-content/uploads/2022/12/DSC01613-scaled.jpg,https://thekabilincenter.org/virgin-mary-2/,VIRGIN MARY,,true,https://thekabilincenter.org/wp-content/uploads/2022/12/DSC01585-2-768x1369.jpg,https://thekabilincenter.org/virgin-mary-2/,DSC01585-2-768x1369.jpg
in-love-with-mary,VIRGEN DE LAS FLORES,in-love-with-mary-virgen-de-las-flores-2,164-DSC01490-scaled.jpg,../tod-gallery-images/in-love-with-mary/164-DSC01490-scaled.jpg,"VIRGEN DE LAS FLORES

20th century

Archdiocesan Shrine of San Vicente Ferrer, Bogo City, Cebu

De vestir, polychromed wood, glass

Height : 131 cm

This image of the Blessed Virgin is generally used to represent the different titles of Mary and in various occasions of the parish like the Flores de Mayo, Rosary Month, Belen, etc.

Accession number: SVF-RO-SV-010",20th century,,"De vestir, polychromed wood, glass",Height : 131 cm,,"Archdiocesan Shrine of San Vicente Ferrer, Bogo City, Cebu

This image of the Blessed Virgin is generally used to represent the different titles of Mary and in various occasions of the parish like the Flores de Mayo, Rosary Month, Belen, etc.",SVF-RO-SV-010,74,parent_anchor_img+child_elementor_text_editor+attachment_metadata+label-and-pattern,Multiple institution or owner values were preserved.,https://thekabilincenter.org/wp-content/uploads/2022/12/DSC01590-2-scaled.jpg,https://thekabilincenter.org/virgen-de-las-flores-2/,VIRGEN DE LAS FLORES,,true,https://thekabilincenter.org/wp-content/uploads/2022/12/DSC01490-768x1369.jpg,https://thekabilincenter.org/virgen-de-las-flores-2/,DSC01490-768x1369.jpg
in-love-with-mary,VIRGEN DE LAS FLORES,in-love-with-mary-virgen-de-las-flores-3,165-DSC01847-scaled.jpg,../tod-gallery-images/in-love-with-mary/165-DSC01847-scaled.jpg,"VIRGEN DE LAS FLORES

20th century

Archdiocesan Shrine of Saint James the Apostle, Compostela, Cebu

De vestir, polychromed wood, glass

Height : 126cm

This image of the Blessed Virgin is generally used to represent the different titles of Mary and in various occasions of the parish like the Flores de Mayo, Rosary Month, Belen, etc.

Accession number: SDC-RO-SV-004",20th century,,"De vestir, polychromed wood, glass",Height : 126cm,,"Archdiocesan Shrine of Saint James the Apostle, Compostela, Cebu

This image of the Blessed Virgin is generally used to represent the different titles of Mary and in various occasions of the parish like the Flores de Mayo, Rosary Month, Belen, etc.",SDC-RO-SV-004,75,parent_anchor_img+child_elementor_text_editor+attachment_metadata+label-and-pattern,Multiple institution or owner values were preserved.,https://thekabilincenter.org/wp-content/uploads/2022/12/DSC01859-scaled.jpg,https://thekabilincenter.org/virgen-de-las-flores-3/,VIRGEN DE LAS FLORES,,true,https://thekabilincenter.org/wp-content/uploads/2022/12/DSC01847-768x1369.jpg,https://thekabilincenter.org/virgen-de-las-flores-3/,DSC01847-768x1369.jpg
in-love-with-mary,ESTANDARTE DE LA NUESTRA SEÑORA DE LA CONSOLACION Y CORREA,in-love-with-mary-estandarte-de-la-nuestra-senora-de-la-consolacion-y-correa,166-DSC01730-1-scaled.jpg,../tod-gallery-images/in-love-with-mary/166-DSC01730-1-scaled.jpg,"ESTANDARTE DE LA NUESTRA SEÑORA DE LA CONSOLACION Y CORREA

20th century

Archdiocesan Shrine of San Miguel Arcangel, Argao, Cebu

Height:280cm

Width: 137cm

Banner: E mbroidered tapestry made of metallic threads and silk, detailed with floral ornaments.

Painting: oil on canvas

Accession number: APM-RO-SV-085",20th century,,"Banner: E mbroidered tapestry made of metallic threads and silk, detailed with floral ornaments.

Painting: oil on canvas","Height:280cm

Width: 137cm",,"Archdiocesan Shrine of San Miguel Arcangel, Argao, Cebu",APM-RO-SV-085,76,parent_anchor_img+child_elementor_text_editor+attachment_metadata+label-and-pattern,,https://thekabilincenter.org/wp-content/uploads/2022/12/DSC01732-scaled.jpg,https://thekabilincenter.org/estandarte-de-la-nuestra-senora-de-la-consolacion-y-correa/,ESTANDARTE DE LA NUESTRA SEÑORA DE LA CONSOLACION Y CORREA,,true,https://thekabilincenter.org/wp-content/uploads/2022/12/DSC01730-1-768x1369.jpg,https://thekabilincenter.org/estandarte-de-la-nuestra-senora-de-la-consolacion-y-correa/,DSC01730-1-768x1369.jpg
in-love-with-mary,ESTANDARTE DE LA NUESTRA SEÑORA DEL CARMEN,in-love-with-mary-estandarte-de-la-nuestra-senora-del-carmen,172-DSC01212-2-scaled.jpg,../tod-gallery-images/in-love-with-mary/172-DSC01212-2-scaled.jpg,"ESTANDARTE DE LA NUESTRA SEÑORA DEL CARMEN

20th century

Santo Tomas de Villanueva Parish Church, Danao City, Cebu

Banner made of silk and metallic threads

Relief image: polychrome wood

Height: 110cm

Width: 70cm

Height (figure): 35cm

Height (Child Jesus): 18cm

Accession number: STVP-RO-SV-030",20th century,,"Banner made of silk and metallic threads

Relief image: polychrome wood","Height: 110cm

Width: 70cm

Height (figure): 35cm

Height (Child Jesus): 18cm",,"Santo Tomas de Villanueva Parish Church, Danao City, Cebu",STVP-RO-SV-030,77,parent_anchor_img+child_elementor_text_editor+attachment_metadata+label-and-pattern,,https://thekabilincenter.org/wp-content/uploads/2022/12/DSC01212-2-scaled.jpg,https://thekabilincenter.org/estandarte-de-la-nuestra-senora-del-carmen/,ESTANDARTE DE LA NUESTRA SEÑORA DEL CARMEN,,true,https://thekabilincenter.org/wp-content/uploads/2022/12/DSC01212-2-768x1369.jpg,https://thekabilincenter.org/estandarte-de-la-nuestra-senora-del-carmen/,DSC01212-2-768x1369.jpg
in-love-with-mary,ESTANDARTE DE LA NUESTRA SEÑORA DE LOURDES,in-love-with-mary-estandarte-de-la-nuestra-senora-de-lourdes,173-DSC00010-scaled.jpg,../tod-gallery-images/in-love-with-mary/173-DSC00010-scaled.jpg,"ESTANDARTE DE LA NUESTRA SEÑORA DE LOURDES

Early 20th century

Nuestra Señora del Patrocinio de Maria Parish

Boljoon, Cebu

Banner: silk, cotton and metallic thread

Image: Ivory, silk, threads

Height :

Width:",Early 20th century,"Boljoon, Cebu","Banner: silk, cotton and metallic thread

Image: Ivory, silk, threads","Height :

Width:",,Nuestra Señora del Patrocinio de Maria Parish,,78,parent_anchor_img+child_elementor_text_editor+attachment_metadata+label-and-pattern,,https://thekabilincenter.org/wp-content/uploads/2022/12/DSC00010-1-scaled.jpg,https://thekabilincenter.org/estandarte-de-la-nuestra-senora-de-lourdes/,ESTANDARTE DE LA NUESTRA SEÑORA DE LOURDES,,true,https://thekabilincenter.org/wp-content/uploads/2022/12/DSC00010-768x1295.jpg,https://thekabilincenter.org/estandarte-de-la-nuestra-senora-de-lourdes/,DSC00010-768x1295.jpg
in-love-with-mary,Nuestra Señora del Patrocinio de Maria,in-love-with-mary-nuestra-senora-del-patrocinio-de-maria,179-DSC00024-scaled.jpg,../tod-gallery-images/in-love-with-mary/179-DSC00024-scaled.jpg,"Nuestra Señora del Patrocinio de Maria

20th century

Nuestra Señora del Patrocinio de Maria Parish

Boljoon, Cebu

Oil on canvas

Height :

Width:

Accession number:",20th century,"Boljoon, Cebu",Oil on canvas,"Height :

Width:",,Nuestra Señora del Patrocinio de Maria Parish,,79,parent_anchor_img+child_elementor_text_editor+attachment_metadata+label-and-pattern,Accession label was present without a value.,https://thekabilincenter.org/wp-content/uploads/2022/12/DSC00024-scaled.jpg,https://thekabilincenter.org/nuestra-senora-del-patrocinio-de-maria/,Nuestra Señora del Patrocinio de Maria,,true,https://thekabilincenter.org/wp-content/uploads/2022/12/DSC00024-768x1303.jpg,https://thekabilincenter.org/nuestra-senora-del-patrocinio-de-maria/,DSC00024-768x1303.jpg
in-love-with-mary,BIRHEN SA REGLA,in-love-with-mary-birhen-sa-regla-3,180-DSC01728-2-scaled.jpg,../tod-gallery-images/in-love-with-mary/180-DSC01728-2-scaled.jpg,"BIRHEN SA REGLA

20th century

National Shrine of Nuestra Señora Virgen de la Regla

Lapulapu City Cebu

Relieve, polychromed wood

Dimensions: 130 x 87cm

This is a copy of the original relief now displayed in University of San Carlos Museum.

Accession number: VDRP-RO-SV-009",20th century,Lapulapu City Cebu,"Relieve, polychromed wood",Dimensions: 130 x 87cm,This is a copy of the original relief now displayed in University of San Carlos Museum.,National Shrine of Nuestra Señora Virgen de la Regla,VDRP-RO-SV-009,80,parent_anchor_img+child_elementor_text_editor+attachment_metadata+label-and-pattern,,https://thekabilincenter.org/wp-content/uploads/2022/12/DSC01748-2-scaled.jpg,https://thekabilincenter.org/birhen-sa-regla-3/,BIRHEN SA REGLA,,true,https://thekabilincenter.org/wp-content/uploads/2022/12/DSC01728-2-768x1249.jpg,https://thekabilincenter.org/birhen-sa-regla-3/,DSC01728-2-768x1249.jpg
in-love-with-mary,Nuestra Señora de la Asunción,in-love-with-mary-nuestra-senora-de-la-asuncion,181-DSC01347-scaled.jpg,../tod-gallery-images/in-love-with-mary/181-DSC01347-scaled.jpg,"Nuestra Señora de la Asunción

Late 18th century

Archdiocesan Shrine of San Miguel Arcangel, Argao, Cebu

De tallado , ivory, polychromed and gilded wood in estofado style, glass

Height : 100cm

Accession number: APM-RO-SV-086",Late 18th century,,"De tallado , ivory, polychromed and gilded wood in estofado style, glass",Height : 100cm,,"Archdiocesan Shrine of San Miguel Arcangel, Argao, Cebu",APM-RO-SV-086,81,parent_anchor_img+child_elementor_text_editor+attachment_metadata+label-and-pattern,,https://thekabilincenter.org/wp-content/uploads/2022/12/DSC01360-scaled.jpg,https://thekabilincenter.org/nuestra-senora-de-la-asuncion/,Nuestra Señora de la Asunción,,true,https://thekabilincenter.org/wp-content/uploads/2022/12/DSC01347-768x1369.jpg,https://thekabilincenter.org/nuestra-senora-de-la-asuncion/,DSC01347-768x1369.jpg
liturgy-and-the-sacraments-2,ALTAR,liturgy-and-the-sacraments-2-altar,002-DSC00699.jpg,../tod-gallery-images/liturgy-and-the-sacraments-2/002-DSC00699.jpg,"ALTAR

Archdiocesan Museum of Cebu

Cebu City",,Cebu City,,,Archdiocesan Museum of Cebu,,,1,parent_anchor_img+child_elementor_text_editor+attachment_metadata+label-and-pattern,,https://thekabilincenter.org/wp-content/uploads/2023/11/DSC00706-scaled.jpg,https://thekabilincenter.org/altar/,ALTAR,,true,https://thekabilincenter.org/wp-content/uploads/2023/11/DSC00699-768x563.jpg,https://thekabilincenter.org/altar/,DSC00699-768x563.jpg
liturgy-and-the-sacraments-2,CRUCIFIX,liturgy-and-the-sacraments-2-crucifix-15,003-DSC00589-2-scaled.jpg,../tod-gallery-images/liturgy-and-the-sacraments-2/003-DSC00589-2-scaled.jpg,"CRUCIFIX

Wood, metal

Height: 46.5cm

Santo Tomas de Villanueva Parish Church

Danao City, Cebu

Accession no. STVP-RO-SV-021",,"Danao City, Cebu","Wood, metal",Height: 46.5cm,,Santo Tomas de Villanueva Parish Church,STVP-RO-SV-021,2,parent_anchor_img+child_elementor_text_editor+attachment_metadata+label-and-pattern,,https://thekabilincenter.org/wp-content/uploads/2023/11/DSC00591-2-scaled.jpg,https://thekabilincenter.org/crucifix-15/,CRUCIFIX,,true,https://thekabilincenter.org/wp-content/uploads/2023/11/DSC00589-2-768x1369.jpg,https://thekabilincenter.org/crucifix-15/,DSC00589-2-768x1369.jpg
liturgy-and-the-sacraments-2,CRUCIFIX,liturgy-and-the-sacraments-2-crucifix-16,009-DSC00678-scaled.jpg,../tod-gallery-images/liturgy-and-the-sacraments-2/009-DSC00678-scaled.jpg,"CRUCIFIX

Archdiocesan Museum of Cebu

Cebu City",,Cebu City,,,Archdiocesan Museum of Cebu,,,3,parent_anchor_img+child_elementor_text_editor+attachment_metadata+label-and-pattern,,https://thekabilincenter.org/wp-content/uploads/2023/11/DSC00697-1-scaled.jpg,https://thekabilincenter.org/crucifix-16/,CRUCIFIX,,true,https://thekabilincenter.org/wp-content/uploads/2023/11/DSC00678-768x1431.jpg,https://thekabilincenter.org/crucifix-16/,DSC00678-768x1431.jpg
liturgy-and-the-sacraments-2,PAIR OF CRUCIFIXES,liturgy-and-the-sacraments-2-pair-of-crucifixes,010-DSC03491-scaled.jpg,../tod-gallery-images/liturgy-and-the-sacraments-2/010-DSC03491-scaled.jpg,"PAIR OF CRUCIFIXES

Marble, metal

Height: 60cm

St. Gregory the Great Parish Church

Ginatilan , Cebu

Accession no. SGTG-RO-SV-010",,"Ginatilan , Cebu","Marble, metal",Height: 60cm,,St. Gregory the Great Parish Church,SGTG-RO-SV-010,4,parent_anchor_img+child_elementor_text_editor+attachment_metadata+label-and-pattern,,https://thekabilincenter.org/wp-content/uploads/2023/11/DSC03479-scaled.jpg,https://thekabilincenter.org/pair-of-crucifixes/,PAIR OF CRUCIFIXES,,true,https://thekabilincenter.org/wp-content/uploads/2023/11/DSC03491-768x1369.jpg,https://thekabilincenter.org/pair-of-crucifixes/,DSC03491-768x1369.jpg
liturgy-and-the-sacraments-2,PROCESSIONAL CROSS,liturgy-and-the-sacraments-2-processional-cross,011-DSC02085-scaled.jpg,../tod-gallery-images/liturgy-and-the-sacraments-2/011-DSC02085-scaled.jpg,"PROCESSIONAL CROSS

Silver

Height: 248cm

National Shrine of Nuestra Señora Virgen de la Regla

Lapu-Lapu City, Cebu

Accession no. VDRP-RO-SV-010",,"Lapu-Lapu City, Cebu",Silver,Height: 248cm,,National Shrine of Nuestra Señora Virgen de la Regla,VDRP-RO-SV-010,5,parent_anchor_img+child_elementor_text_editor+attachment_metadata+label-and-pattern,,https://thekabilincenter.org/wp-content/uploads/2023/11/DSC02085-1-scaled.jpg,https://thekabilincenter.org/processional-cross/,PROCESSIONAL CROSS,,true,https://thekabilincenter.org/wp-content/uploads/2023/11/DSC02085-768x1369.jpg,https://thekabilincenter.org/processional-cross/,DSC02085-768x1369.jpg
liturgy-and-the-sacraments-2,CHALICE,liturgy-and-the-sacraments-2-chalice,012-DSC01421-scaled.jpg,../tod-gallery-images/liturgy-and-the-sacraments-2/012-DSC01421-scaled.jpg,"CHALICE

Archdiocesan Museum of Cebu

Cebu City",,Cebu City,,,Archdiocesan Museum of Cebu,,,6,parent_anchor_img+child_elementor_text_editor+attachment_metadata+label-and-pattern,,https://thekabilincenter.org/wp-content/uploads/2023/11/DSC01421-1-scaled.jpg,https://thekabilincenter.org/chalice/,CHALICE,,true,https://thekabilincenter.org/wp-content/uploads/2023/11/DSC01421-768x1369.jpg,https://thekabilincenter.org/chalice/,DSC01421-768x1369.jpg
liturgy-and-the-sacraments-2,CHALICE,liturgy-and-the-sacraments-2-chalice-2,013-DSC01401-scaled.jpg,../tod-gallery-images/liturgy-and-the-sacraments-2/013-DSC01401-scaled.jpg,"CHALICE

Archdiocesan Museum of Cebu

Cebu City",,Cebu City,,,Archdiocesan Museum of Cebu,,,7,parent_anchor_img+child_elementor_text_editor+attachment_metadata+label-and-pattern,,https://thekabilincenter.org/wp-content/uploads/2023/11/DSC01401-1-scaled.jpg,https://thekabilincenter.org/chalice-2/,CHALICE,,true,https://thekabilincenter.org/wp-content/uploads/2023/11/DSC01401-768x1369.jpg,https://thekabilincenter.org/chalice-2/,DSC01401-768x1369.jpg
liturgy-and-the-sacraments-2,CHALICE,liturgy-and-the-sacraments-2-chalice-3,014-DSC01469-scaled.jpg,../tod-gallery-images/liturgy-and-the-sacraments-2/014-DSC01469-scaled.jpg,"CHALICE

Archdiocesan Museum of Cebu

Cebu City",,Cebu City,,,Archdiocesan Museum of Cebu,,,8,parent_anchor_img+child_elementor_text_editor+attachment_metadata+label-and-pattern,,https://thekabilincenter.org/wp-content/uploads/2023/11/DSC01469-1-scaled.jpg,https://thekabilincenter.org/chalice-3/,CHALICE,,true,https://thekabilincenter.org/wp-content/uploads/2023/11/DSC01469-768x1369.jpg,https://thekabilincenter.org/chalice-3/,DSC01469-768x1369.jpg
liturgy-and-the-sacraments-2,CHALICE,liturgy-and-the-sacraments-2-chalice-4,020-DSC01498-scaled.jpg,../tod-gallery-images/liturgy-and-the-sacraments-2/020-DSC01498-scaled.jpg,"CHALICE

Archdiocesan Museum of Cebu

Cebu City",,Cebu City,,,Archdiocesan Museum of Cebu,,,9,parent_anchor_img+child_elementor_text_editor+attachment_metadata+label-and-pattern,,https://thekabilincenter.org/wp-content/uploads/2023/11/DSC01498-1-scaled.jpg,https://thekabilincenter.org/chalice-4/,CHALICE,,true,https://thekabilincenter.org/wp-content/uploads/2023/11/DSC01498-768x1369.jpg,https://thekabilincenter.org/chalice-4/,DSC01498-768x1369.jpg
liturgy-and-the-sacraments-2,CHALICE,liturgy-and-the-sacraments-2-chalice-5,021-1-scaled.jpg,../tod-gallery-images/liturgy-and-the-sacraments-2/021-1-scaled.jpg,"CHALICE

Archdiocesan Museum of Cebu

Cebu City",,Cebu City,,,Archdiocesan Museum of Cebu,,,10,parent_anchor_img+child_elementor_text_editor+label-and-pattern,,https://thekabilincenter.org/wp-content/uploads/2023/11/1-5-scaled.jpg,https://thekabilincenter.org/chalice-5/,CHALICE,,true,https://thekabilincenter.org/wp-content/uploads/2023/11/1-768x1369.jpg,https://thekabilincenter.org/chalice-5/,1-768x1369.jpg
liturgy-and-the-sacraments-2,CHALICE AND PATEN,liturgy-and-the-sacraments-2-chalice-and-paten,027-DSC01665-scaled.jpg,../tod-gallery-images/liturgy-and-the-sacraments-2/027-DSC01665-scaled.jpg,"CHALICE AND PATEN

Height: 6.8""

Archdiocesan Museum of Cebu

Cebu City

Accession no. AMC-RO-SV-012",,Cebu City,,"Height: 6.8""",Archdiocesan Museum of Cebu,,AMC-RO-SV-012,11,parent_anchor_img+child_elementor_text_editor+attachment_metadata+label-and-pattern,,https://thekabilincenter.org/wp-content/uploads/2023/11/DSC01672-scaled.jpg,https://thekabilincenter.org/chalice-and-paten/,CHALICE AND PATEN,,true,https://thekabilincenter.org/wp-content/uploads/2023/11/DSC01665-768x1369.jpg,https://thekabilincenter.org/chalice-and-paten/,DSC01665-768x1369.jpg
liturgy-and-the-sacraments-2,CHALICE AND PATEN,liturgy-and-the-sacraments-2-chalice-and-paten-2,028-DSC01771-scaled.jpg,../tod-gallery-images/liturgy-and-the-sacraments-2/028-DSC01771-scaled.jpg,"CHALICE AND PATEN

Gilded silver

Height: 9.6""

Archdiocesan Museum of Cebu

Cebu City

Accession no. AMC-RO-SV-010",,Cebu City,Gilded silver,"Height: 9.6""",Archdiocesan Museum of Cebu,,AMC-RO-SV-010,12,parent_anchor_img+child_elementor_text_editor+attachment_metadata+label-and-pattern,,https://thekabilincenter.org/wp-content/uploads/2023/11/DSC01771-1-scaled.jpg,https://thekabilincenter.org/chalice-and-paten-2/,CHALICE AND PATEN,,true,https://thekabilincenter.org/wp-content/uploads/2023/11/DSC01771-768x1369.jpg,https://thekabilincenter.org/chalice-and-paten-2/,DSC01771-768x1369.jpg
liturgy-and-the-sacraments-2,CHALICE,liturgy-and-the-sacraments-2-chalice-6,034-DSC01440-scaled.jpg,../tod-gallery-images/liturgy-and-the-sacraments-2/034-DSC01440-scaled.jpg,"CHALICE

Archdiocesan Museum of Cebu

Cebu City",,Cebu City,,,Archdiocesan Museum of Cebu,,,13,parent_anchor_img+child_elementor_text_editor+attachment_metadata+label-and-pattern,,https://thekabilincenter.org/wp-content/uploads/2023/11/DSC01440-1-scaled.jpg,https://thekabilincenter.org/chalice-6/,CHALICE,,true,https://thekabilincenter.org/wp-content/uploads/2023/11/DSC01440-768x1369.jpg,https://thekabilincenter.org/chalice-6/,DSC01440-768x1369.jpg
liturgy-and-the-sacraments-2,CIBORIUM,liturgy-and-the-sacraments-2-ciborium,035-DSC01569-scaled.jpg,../tod-gallery-images/liturgy-and-the-sacraments-2/035-DSC01569-scaled.jpg,"CIBORIUM

Archdiocesan Museum of Cebu

Cebu City",,Cebu City,,,Archdiocesan Museum of Cebu,,,14,parent_anchor_img+child_elementor_text_editor+attachment_metadata+label-and-pattern,,https://thekabilincenter.org/wp-content/uploads/2023/11/DSC01569-1-scaled.jpg,https://thekabilincenter.org/ciborium/,CIBORIUM,,true,https://thekabilincenter.org/wp-content/uploads/2023/11/DSC01569-768x1369.jpg,https://thekabilincenter.org/ciborium/,DSC01569-768x1369.jpg
liturgy-and-the-sacraments-2,CIBORIUM,liturgy-and-the-sacraments-2-ciborium-2,041-DSC01612-scaled.jpg,../tod-gallery-images/liturgy-and-the-sacraments-2/041-DSC01612-scaled.jpg,"CIBORIUM

Archdiocesan Museum of Cebu

Cebu City",,Cebu City,,,Archdiocesan Museum of Cebu,,,15,parent_anchor_img+child_elementor_text_editor+attachment_metadata+label-and-pattern,,https://thekabilincenter.org/wp-content/uploads/2023/11/DSC01644-scaled.jpg,https://thekabilincenter.org/ciborium-2/,CIBORIUM,,true,https://thekabilincenter.org/wp-content/uploads/2023/11/DSC01612-768x1369.jpg,https://thekabilincenter.org/ciborium-2/,DSC01612-768x1369.jpg
liturgy-and-the-sacraments-2,GLASS CHALICE,liturgy-and-the-sacraments-2-glass-chalice,042-DSC02428-scaled.jpg,../tod-gallery-images/liturgy-and-the-sacraments-2/042-DSC02428-scaled.jpg,"GLASS CHALICE

Height: 16cm

Saint Michael the Archangel Parish Church

Samboan, Cebu

Accession no. SMPS-RO-SV-025",,"Samboan, Cebu",,Height: 16cm,,Saint Michael the Archangel Parish Church,SMPS-RO-SV-025,16,parent_anchor_img+child_elementor_text_editor+attachment_metadata+label-and-pattern,,https://thekabilincenter.org/wp-content/uploads/2023/11/DSC02428-1-scaled.jpg,https://thekabilincenter.org/glass-chalice/,GLASS CHALICE,,true,https://thekabilincenter.org/wp-content/uploads/2023/11/DSC02428-768x1369.jpg,https://thekabilincenter.org/glass-chalice/,DSC02428-768x1369.jpg
liturgy-and-the-sacraments-2,CIBORIUM,liturgy-and-the-sacraments-2-ciborium-3,043-DSC00012-2-scaled.jpg,../tod-gallery-images/liturgy-and-the-sacraments-2/043-DSC00012-2-scaled.jpg,"CIBORIUM

Gold plated brass

Archdiocesan Shrine of San Miguel Arcangel

Argao, Cebu

Accession no. APM-RO-SV-001",,"Argao, Cebu",Gold plated brass,,,Archdiocesan Shrine of San Miguel Arcangel,APM-RO-SV-001,17,parent_anchor_img+child_elementor_text_editor+attachment_metadata+label-and-pattern,,https://thekabilincenter.org/wp-content/uploads/2023/11/DSC00150-scaled.jpg,https://thekabilincenter.org/ciborium-3/,CIBORIUM,,true,https://thekabilincenter.org/wp-content/uploads/2023/11/DSC00012-2-768x1369.jpg,https://thekabilincenter.org/ciborium-3/,DSC00012-2-768x1369.jpg
liturgy-and-the-sacraments-2,CHALICE AND PATEN,liturgy-and-the-sacraments-2-chalice-and-paten-3,044-DSC00041-scaled.jpg,../tod-gallery-images/liturgy-and-the-sacraments-2/044-DSC00041-scaled.jpg,"CHALICE AND PATEN

Height : 23cm

Nuestra Señora del Patrocinio de Maria Parish Church

Boljoon , Cebu

Accession no. BPM-RO-SV-004",,"Boljoon , Cebu",,Height : 23cm,,Nuestra Señora del Patrocinio de Maria Parish Church,BPM-RO-SV-004,18,parent_anchor_img+child_elementor_text_editor+attachment_metadata+label-and-pattern,,https://thekabilincenter.org/wp-content/uploads/2023/11/DSC00045-scaled.jpg,https://thekabilincenter.org/chalice-and-paten-3/,CHALICE AND PATEN,,true,https://thekabilincenter.org/wp-content/uploads/2023/11/DSC00041-768x1369.jpg,https://thekabilincenter.org/chalice-and-paten-3/,DSC00041-768x1369.jpg
liturgy-and-the-sacraments-2,CIBORIUM,liturgy-and-the-sacraments-2-ciborium-3-2,045-DSC00147-scaled.jpg,../tod-gallery-images/liturgy-and-the-sacraments-2/045-DSC00147-scaled.jpg,"CIBORIUM

Gold plated brass

Archdiocesan Shrine of San Miguel Arcangel

Argao, Cebu

Accession no. APM-RO-SV-001",,"Argao, Cebu",Gold plated brass,,,Archdiocesan Shrine of San Miguel Arcangel,APM-RO-SV-001,19,parent_anchor_img+child_elementor_text_editor+attachment_metadata+label-and-pattern,,https://thekabilincenter.org/wp-content/uploads/2023/11/DSC00150-scaled.jpg,https://thekabilincenter.org/ciborium-3/,CIBORIUM,,true,https://thekabilincenter.org/wp-content/uploads/2023/11/DSC00147-768x1369.jpg,https://thekabilincenter.org/ciborium-3/,DSC00147-768x1369.jpg
liturgy-and-the-sacraments-2,CHALICE AND PATEN,liturgy-and-the-sacraments-2-chalice-and-paten-4,046-DSC00098-scaled.jpg,../tod-gallery-images/liturgy-and-the-sacraments-2/046-DSC00098-scaled.jpg,"CHALICE AND PATEN

Gold plated brass

Height: 23cm

Archdiocesan Shrine of San Miguel Arcangel

Argao, Cebu

Accession no. APM-RO-SV-002",,"Argao, Cebu",Gold plated brass,Height: 23cm,,Archdiocesan Shrine of San Miguel Arcangel,APM-RO-SV-002,20,parent_anchor_img+child_elementor_text_editor+attachment_metadata+label-and-pattern,,https://thekabilincenter.org/wp-content/uploads/2023/11/DSC00100-scaled.jpg,https://thekabilincenter.org/chalice-and-paten-4/,CHALICE AND PATEN,,true,https://thekabilincenter.org/wp-content/uploads/2023/11/DSC00098-768x1369.jpg,https://thekabilincenter.org/chalice-and-paten-4/,DSC00098-768x1369.jpg
liturgy-and-the-sacraments-2,CHALICE,liturgy-and-the-sacraments-2-chalice-7,052-DSC00073-scaled.jpg,../tod-gallery-images/liturgy-and-the-sacraments-2/052-DSC00073-scaled.jpg,"CHALICE

Gold-plated brass

Height: 23cm

Archdiocesan Shrine of San Miguel Arcangel

Argao, Cebu

Accession no. APM-RO-SV-004",,"Argao, Cebu",Gold-plated brass,Height: 23cm,,Archdiocesan Shrine of San Miguel Arcangel,APM-RO-SV-004,21,parent_anchor_img+child_elementor_text_editor+attachment_metadata+label-and-pattern,,https://thekabilincenter.org/wp-content/uploads/2023/11/DSC00080-scaled.jpg,https://thekabilincenter.org/chalice-7/,CHALICE,,true,https://thekabilincenter.org/wp-content/uploads/2023/11/DSC00073-768x1369.jpg,https://thekabilincenter.org/chalice-7/,DSC00073-768x1369.jpg
liturgy-and-the-sacraments-2,CHALICE,liturgy-and-the-sacraments-2-chalice-8,053-DSC02967-scaled.jpg,../tod-gallery-images/liturgy-and-the-sacraments-2/053-DSC02967-scaled.jpg,"CHALICE

Gold with hammering nails

Height: 24.5cm

Saint Augustine de Hippo Parish Church

Alcantara, Cebu

Accession no. ALP-RO-SV-002",,"Alcantara, Cebu",Gold with hammering nails,Height: 24.5cm,,Saint Augustine de Hippo Parish Church,ALP-RO-SV-002,22,parent_anchor_img+child_elementor_text_editor+attachment_metadata+label-and-pattern,,https://thekabilincenter.org/wp-content/uploads/2023/11/DSC02972-scaled.jpg,https://thekabilincenter.org/chalice-8/,CHALICE,,true,https://thekabilincenter.org/wp-content/uploads/2023/11/DSC02967-768x1369.jpg,https://thekabilincenter.org/chalice-8/,DSC02967-768x1369.jpg
liturgy-and-the-sacraments-2,MONSTRANCE,liturgy-and-the-sacraments-2-monstrance-3,054-DSC00622-2-scaled.jpg,../tod-gallery-images/liturgy-and-the-sacraments-2/054-DSC00622-2-scaled.jpg,"MONSTRANCE

Height: 50cm

Santo Tomas de Villanueva Parish Church

Danao City, Cebu

Accession no. STVP-RO-SV-010",,"Danao City, Cebu",,Height: 50cm,,Santo Tomas de Villanueva Parish Church,STVP-RO-SV-010,23,parent_anchor_img+child_elementor_text_editor+attachment_metadata+label-and-pattern,,https://thekabilincenter.org/wp-content/uploads/2023/11/DSC00622-2-1-scaled.jpg,https://thekabilincenter.org/monstrance-3/,MONSTRANCE,,true,https://thekabilincenter.org/wp-content/uploads/2023/11/DSC00622-2-768x1369.jpg,https://thekabilincenter.org/monstrance-3/,DSC00622-2-768x1369.jpg
liturgy-and-the-sacraments-2,MONSTRANCE,liturgy-and-the-sacraments-2-monstrance-2,060-DSC00136-scaled.jpg,../tod-gallery-images/liturgy-and-the-sacraments-2/060-DSC00136-scaled.jpg,"MONSTRANCE

Gold plated brass

Height: 50cm

Archdiocesan Shrine of San Miguel Arcangel

Argao, Cebu

Accession no. APM-RO-SV-007",,"Argao, Cebu",Gold plated brass,Height: 50cm,,Archdiocesan Shrine of San Miguel Arcangel,APM-RO-SV-007,24,parent_anchor_img+child_elementor_text_editor+attachment_metadata+label-and-pattern,,https://thekabilincenter.org/wp-content/uploads/2023/11/DSC00136-2-scaled.jpg,https://thekabilincenter.org/monstrance-2/,MONSTRANCE,,true,https://thekabilincenter.org/wp-content/uploads/2023/11/DSC00136-768x1369.jpg,https://thekabilincenter.org/monstrance-2/,DSC00136-768x1369.jpg
liturgy-and-the-sacraments-2,MONSTRANCE,liturgy-and-the-sacraments-2-monstrance,061-DSC01863-scaled.jpg,../tod-gallery-images/liturgy-and-the-sacraments-2/061-DSC01863-scaled.jpg,"MONSTRANCE

Height:54cm

Archdiocesan Shrine of Our Lady of Guadalupe de Cebu

Cebu City

Accession no. GP-RO-SV- 014",,Cebu City,,Height:54cm,,Archdiocesan Shrine of Our Lady of Guadalupe de Cebu,GP-RO-SV- 014,25,parent_anchor_img+child_elementor_text_editor+attachment_metadata+label-and-pattern,,https://thekabilincenter.org/wp-content/uploads/2023/11/DSC01863-1-scaled.jpg,https://thekabilincenter.org/monstrance/,MONSTRANCE,,true,https://thekabilincenter.org/wp-content/uploads/2023/11/DSC01863-768x1369.jpg,https://thekabilincenter.org/monstrance/,DSC01863-768x1369.jpg
liturgy-and-the-sacraments-2,MONSTRANCE,liturgy-and-the-sacraments-2-monstrance-4,062-DSC01991-2-scaled.jpg,../tod-gallery-images/liturgy-and-the-sacraments-2/062-DSC01991-2-scaled.jpg,"MONSTRANCE

Silver, gold plated

Height: 60cm

National Shrine of Nuestra Señora Virgen de la Regla

Lapu-Lapu City, Cebu

Accession no. VDRP-RO-SV-005",,"Lapu-Lapu City, Cebu","Silver, gold plated",Height: 60cm,,National Shrine of Nuestra Señora Virgen de la Regla,VDRP-RO-SV-005,26,parent_anchor_img+child_elementor_text_editor+attachment_metadata+label-and-pattern,,https://thekabilincenter.org/wp-content/uploads/2023/11/DSC01993-2-scaled.jpg,https://thekabilincenter.org/monstrance-4/,MONSTRANCE,,true,https://thekabilincenter.org/wp-content/uploads/2023/11/DSC01991-2-768x1369.jpg,https://thekabilincenter.org/monstrance-4/,DSC01991-2-768x1369.jpg
liturgy-and-the-sacraments-2,MONSTRANCE,liturgy-and-the-sacraments-2-monstrance-5,063-DSC00445-scaled.jpg,../tod-gallery-images/liturgy-and-the-sacraments-2/063-DSC00445-scaled.jpg,"MONSTRANCE

Height: 63cm

Church of Santa Rosa de Lima

Daanbantayan, Cebu

Accession no. SRL-RO-SV- 008",,"Daanbantayan, Cebu",,Height: 63cm,,Church of Santa Rosa de Lima,SRL-RO-SV- 008,27,parent_anchor_img+child_elementor_text_editor+attachment_metadata+label-and-pattern,,https://thekabilincenter.org/wp-content/uploads/2023/11/DSC00445-1-scaled.jpg,https://thekabilincenter.org/monstrance-5/,MONSTRANCE,,true,https://thekabilincenter.org/wp-content/uploads/2023/11/DSC00445-768x1369.jpg,https://thekabilincenter.org/monstrance-5/,DSC00445-768x1369.jpg
liturgy-and-the-sacraments-2,SET OF CRUETS,liturgy-and-the-sacraments-2-set-of-cruets,069-DSC01750-scaled.jpg,../tod-gallery-images/liturgy-and-the-sacraments-2/069-DSC01750-scaled.jpg,"SET OF CRUETS

Archdiocesan Museum of Cebu

Cebu City

Accession no. AMC-RO-SV-014",,Cebu City,,,Archdiocesan Museum of Cebu,,AMC-RO-SV-014,28,parent_anchor_img+child_elementor_text_editor+attachment_metadata+label-and-pattern,,https://thekabilincenter.org/wp-content/uploads/2023/11/DSC01737-1-scaled.jpg,https://thekabilincenter.org/set-of-cruets/,SET OF CRUETS,,true,https://thekabilincenter.org/wp-content/uploads/2023/11/DSC01750-768x1369.jpg,https://thekabilincenter.org/set-of-cruets/,DSC01750-768x1369.jpg
liturgy-and-the-sacraments-2,OIL CONTAINERS,liturgy-and-the-sacraments-2-oil-containers,075-DSC01954-scaled.jpg,../tod-gallery-images/liturgy-and-the-sacraments-2/075-DSC01954-scaled.jpg,"OIL CONTAINERS

Archdiocesan Museum of Cebu

Cebu City

Accession no. AMC-RO-SV-014",,Cebu City,,,Archdiocesan Museum of Cebu,,AMC-RO-SV-014,29,parent_anchor_img+child_elementor_text_editor+attachment_metadata+label-and-pattern,,https://thekabilincenter.org/wp-content/uploads/2023/11/DSC01954-1-scaled.jpg,https://thekabilincenter.org/oil-containers/,OIL CONTAINERS,,true,https://thekabilincenter.org/wp-content/uploads/2023/11/DSC01954-768x1369.jpg,https://thekabilincenter.org/oil-containers/,DSC01954-768x1369.jpg
liturgy-and-the-sacraments-2,PORTAPAZ,liturgy-and-the-sacraments-2-portapaz,076-DSC02041-scaled.jpg,../tod-gallery-images/liturgy-and-the-sacraments-2/076-DSC02041-scaled.jpg,"PORTAPAZ

Silver with inlaid brass

from the Archdiocesan Shrine of San Miguel Arcangel, Argao, Cebu

Height: 2.5""

Archdiocesan Museum of Cebu

Cebu City

Accession no. AMC-RO-SV-026",,Cebu City,Silver with inlaid brass,"Height: 2.5""",Archdiocesan Museum of Cebu,"from the Archdiocesan Shrine of San Miguel Arcangel, Argao, Cebu",AMC-RO-SV-026,30,parent_anchor_img+child_elementor_text_editor+attachment_metadata+label-and-pattern,,https://thekabilincenter.org/wp-content/uploads/2023/11/DSC02041-1-scaled.jpg,https://thekabilincenter.org/portapaz/,PORTAPAZ,,true,https://thekabilincenter.org/wp-content/uploads/2023/11/DSC02041-768x1369.jpg,https://thekabilincenter.org/portapaz/,DSC02041-768x1369.jpg
liturgy-and-the-sacraments-2,ARRAS,liturgy-and-the-sacraments-2-arras,077-DSC03505-2-scaled.jpg,../tod-gallery-images/liturgy-and-the-sacraments-2/077-DSC03505-2-scaled.jpg,"ARRAS

Silver and jade ring

Dimension: 5 x 7.5cm

St. Gregory the Great Parish Church

Ginatilan, Cebu

Accession no. SGTG-RO-SV-020",,"Ginatilan, Cebu",Silver and jade ring,Dimension: 5 x 7.5cm,,St. Gregory the Great Parish Church,SGTG-RO-SV-020,31,parent_anchor_img+child_elementor_text_editor+attachment_metadata+label-and-pattern,,https://thekabilincenter.org/wp-content/uploads/2023/11/DSC03507-2-scaled.jpg,https://thekabilincenter.org/arras/,ARRAS,,true,https://thekabilincenter.org/wp-content/uploads/2023/11/DSC03505-2-768x431.jpg,https://thekabilincenter.org/arras/,DSC03505-2-768x431.jpg
liturgy-and-the-sacraments-2,OBJECTS FOR LITURGICAL CELEBRATION,liturgy-and-the-sacraments-2-objects-for-liturgical-celebration,078-IMMACULATE-HEART-2-scaled.jpg,../tod-gallery-images/liturgy-and-the-sacraments-2/078-IMMACULATE-HEART-2-scaled.jpg,"OBJECTS FOR LITURGICAL CELEBRATION

St. Gregory the Great Parish Church

Ginatilan, Cebu

IMMACULATE HEART

Relic

Metal & wood

Heart H: 13cm

Sword H: 20cm

Heart W: 7cm

Sword W: 6cm

Accession no. SGTG-RO-SV-014

BAPTISMAL SHELL

Dimension: 13 x 12cm

Wax H: 6cm

Accession no. SGTG-RO-SV-019

ARRAS

Silver and jade ring

Dimension: 5 x 7.5cm

Accession no. SGTG-RO-SV-020",,"Ginatilan, Cebu","Relic

Metal & wood

Silver and jade ring","Heart H: 13cm

Sword H: 20cm

Heart W: 7cm

Sword W: 6cm

Dimension: 13 x 12cm

Wax H: 6cm

Dimension: 5 x 7.5cm",,St. Gregory the Great Parish Church,"SGTG-RO-SV-014

SGTG-RO-SV-019

SGTG-RO-SV-020",32,parent_anchor_img+child_elementor_text_editor+attachment_metadata+label-and-pattern,Unresolved description block(s): IMMACULATE HEART | BAPTISMAL SHELL | ARRAS Multiple accession numbers were preserved.,https://thekabilincenter.org/wp-content/uploads/2023/11/IMMACULATE-HEART-2-scaled.jpg,https://thekabilincenter.org/objects-for-liturgical-celebration/,OBJECTS FOR LITURGICAL CELEBRATION,,true,https://thekabilincenter.org/wp-content/uploads/2023/11/IMMACULATE-HEART-2-768x1369.jpg,https://thekabilincenter.org/objects-for-liturgical-celebration/,IMMACULATE-HEART-2-768x1369.jpg
liturgy-and-the-sacraments-2,WOODEN BOX FOR HOLY OIL,liturgy-and-the-sacraments-2-wooden-box-for-holy-oil,079-DSC00465-scaled.jpg,../tod-gallery-images/liturgy-and-the-sacraments-2/079-DSC00465-scaled.jpg,"WOODEN BOX FOR HOLY OIL

Height: 18cm

Church of Santa Rosa de Lima

Daanbantayan , Cebu

Accession no. SRL-RO-SV-009",,"Daanbantayan , Cebu",,Height: 18cm,,Church of Santa Rosa de Lima,SRL-RO-SV-009,33,parent_anchor_img+child_elementor_text_editor+attachment_metadata+label-and-pattern,,https://thekabilincenter.org/wp-content/uploads/2023/11/DSC00465-1-scaled.jpg,https://thekabilincenter.org/wooden-box-for-holy-oil/,WOODEN BOX FOR HOLY OIL,,true,https://thekabilincenter.org/wp-content/uploads/2023/11/DSC00465-768x431.jpg,https://thekabilincenter.org/wooden-box-for-holy-oil/,DSC00465-768x431.jpg
liturgy-and-the-sacraments-2,BAPTISMAL SHELL,liturgy-and-the-sacraments-2-baptismal-shell,080-DSC00056-scaled.jpg,../tod-gallery-images/liturgy-and-the-sacraments-2/080-DSC00056-scaled.jpg,"BAPTISMAL SHELL

Boljoon Parish Museum

Nuestra Señora del Patrocinio de Maria Parish Church

Boljoon , Cebu

Accession no. BPM-RO-SV-006",,"Boljoon , Cebu",,,Boljoon Parish Museum,Nuestra Señora del Patrocinio de Maria Parish Church,BPM-RO-SV-006,34,parent_anchor_img+child_elementor_text_editor+attachment_metadata+label-and-pattern,,https://thekabilincenter.org/wp-content/uploads/2023/11/DSC00056-1-scaled.jpg,https://thekabilincenter.org/baptismal-shell/,BAPTISMAL SHELL,,true,https://thekabilincenter.org/wp-content/uploads/2023/11/DSC00056-768x1369.jpg,https://thekabilincenter.org/baptismal-shell/,DSC00056-768x1369.jpg
liturgy-and-the-sacraments-2,VIMAYERAS,liturgy-and-the-sacraments-2-vimayeras,081-DSC00081-scaled.jpg,../tod-gallery-images/liturgy-and-the-sacraments-2/081-DSC00081-scaled.jpg,"VIMAYERAS

Silver-plated vials and holders, glass containers

Height : 13.3cm

Nuestra Señora del Patrocinio de Maria Parish Church

Boljoon, Cebu

Accession no. BPM-RO-SV-002",,"Boljoon, Cebu","Silver-plated vials and holders, glass containers",Height : 13.3cm,,Nuestra Señora del Patrocinio de Maria Parish Church,BPM-RO-SV-002,35,parent_anchor_img+child_elementor_text_editor+attachment_metadata+label-and-pattern,,https://thekabilincenter.org/wp-content/uploads/2023/11/DSC00076-scaled.jpg,https://thekabilincenter.org/vimayeras/,VIMAYERAS,,true,https://thekabilincenter.org/wp-content/uploads/2023/11/DSC00081-768x1369.jpg,https://thekabilincenter.org/vimayeras/,DSC00081-768x1369.jpg
liturgy-and-the-sacraments-2,CIBORIUM,liturgy-and-the-sacraments-2-ciborium-4,082-DSC01820-scaled.jpg,../tod-gallery-images/liturgy-and-the-sacraments-2/082-DSC01820-scaled.jpg,"CIBORIUM

Silverware

From Santa Rosa de Lima Parish, Alcoy, Cebu

Height: 4.5""

Archdiocesan Museum of Cebu

Cebu City

Accession no. AMC-RO-SV-028",,Cebu City,,"Height: 4.5""",Archdiocesan Museum of Cebu,"From Santa Rosa de Lima Parish, Alcoy, Cebu",AMC-RO-SV-028,36,parent_anchor_img+child_elementor_text_editor+attachment_metadata+label-and-pattern,Unresolved description block(s): Silverware,https://thekabilincenter.org/wp-content/uploads/2023/11/DSC01818-1-scaled.jpg,https://thekabilincenter.org/ciborium-4/,CIBORIUM,,true,https://thekabilincenter.org/wp-content/uploads/2023/11/DSC01820-768x431.jpg,https://thekabilincenter.org/ciborium-4/,DSC01820-768x431.jpg
liturgy-and-the-sacraments-2,SMALL CAULDRONS,liturgy-and-the-sacraments-2-small-cauldrons,083-DSC01203-scaled.jpg,../tod-gallery-images/liturgy-and-the-sacraments-2/083-DSC01203-scaled.jpg,"SMALL CAULDRONS

Brass

Height: 10cm

Archdiocesan Shrine of San Miguel Arcangel

Argao, Cebu

Accession no. APM-RO-SV-067",,"Argao, Cebu",Brass,Height: 10cm,,Archdiocesan Shrine of San Miguel Arcangel,APM-RO-SV-067,37,parent_anchor_img+child_elementor_text_editor+attachment_metadata+label-and-pattern,,https://thekabilincenter.org/wp-content/uploads/2023/11/DSC01204-scaled.jpg,https://thekabilincenter.org/small-cauldrons/,SMALL CAULDRONS,,true,https://thekabilincenter.org/wp-content/uploads/2023/11/DSC01203-768x431.jpg,https://thekabilincenter.org/small-cauldrons/,DSC01203-768x431.jpg
liturgy-and-the-sacraments-2,SILVER-PLATED BRASS INCENSE BURNER,liturgy-and-the-sacraments-2-silver-plated-brass-incense-burner,084-DSC01209-scaled.jpg,../tod-gallery-images/liturgy-and-the-sacraments-2/084-DSC01209-scaled.jpg,"SILVER-PLATED BRASS INCENSE BURNER

silver-plated brass

Height: 20cm

Archdiocesan Shrine of San Miguel Arcangel

Argao, Cebu

Accession no. APM-RO-SV-068",,"Argao, Cebu",silver-plated brass,Height: 20cm,,Archdiocesan Shrine of San Miguel Arcangel,APM-RO-SV-068,38,parent_anchor_img+child_elementor_text_editor+attachment_metadata+label-and-pattern,,https://thekabilincenter.org/wp-content/uploads/2023/11/DSC01213-scaled.jpg,https://thekabilincenter.org/silver-plated-brass-incense-burner/,SILVER-PLATED BRASS INCENSE BURNER,,true,https://thekabilincenter.org/wp-content/uploads/2023/11/DSC01209-768x431.jpg,https://thekabilincenter.org/silver-plated-brass-incense-burner/,DSC01209-768x431.jpg
liturgy-and-the-sacraments-2,HOSTIANO (HOST MAKER),liturgy-and-the-sacraments-2-hostiano-host-maker,090-DSC00040-scaled.jpg,../tod-gallery-images/liturgy-and-the-sacraments-2/090-DSC00040-scaled.jpg,"HOSTIANO (HOST MAKER)

Steel

Height: 69cm

Archdiocesan Shrine of Santa Ana

Barili , Cebu

Accession no. BAPM-RO-SV-006",,"Barili , Cebu",,Height: 69cm,,Archdiocesan Shrine of Santa Ana,BAPM-RO-SV-006,39,parent_anchor_img+child_elementor_text_editor+attachment_metadata+label-and-pattern,Unresolved description block(s): Steel,https://thekabilincenter.org/wp-content/uploads/2023/11/DSC00040-1-scaled.jpg,https://thekabilincenter.org/hostiano-host-maker/,HOSTIANO (HOST MAKER),,true,https://thekabilincenter.org/wp-content/uploads/2023/11/DSC00040-768x1369.jpg,https://thekabilincenter.org/hostiano-host-maker/,DSC00040-768x1369.jpg
liturgy-and-the-sacraments-2,CANDLE HOLDER,liturgy-and-the-sacraments-2-candle-holder,021-1-scaled.jpg,../tod-gallery-images/liturgy-and-the-sacraments-2/021-1-scaled.jpg,"CANDLE HOLDER

Archdiocesan Museum of Cebu

Cebu City",,Cebu City,,,Archdiocesan Museum of Cebu,,,40,parent_anchor_img+child_elementor_text_editor+attachment_metadata+label-and-pattern,,https://thekabilincenter.org/wp-content/uploads/2023/11/1-6.jpg,https://thekabilincenter.org/candle-holder/,CANDLE HOLDER,,true,https://thekabilincenter.org/wp-content/uploads/2023/11/1-1-768x714.jpg,https://thekabilincenter.org/candle-holder/,1-1-768x714.jpg
liturgy-and-the-sacraments-2,CANDLE HOLDER,liturgy-and-the-sacraments-2-candle-holder-2,096-DSC00136-1-scaled.jpg,../tod-gallery-images/liturgy-and-the-sacraments-2/096-DSC00136-1-scaled.jpg,"CANDLE HOLDER

Archdiocesan Museum of Cebu

Cebu City",,Cebu City,,,Archdiocesan Museum of Cebu,,,41,parent_anchor_img+child_elementor_text_editor+attachment_metadata+label-and-pattern,,https://thekabilincenter.org/wp-content/uploads/2023/11/DSC00136-3-scaled.jpg,https://thekabilincenter.org/candle-holder-2/,CANDLE HOLDER,,true,https://thekabilincenter.org/wp-content/uploads/2023/11/DSC00136-1-768x1369.jpg,https://thekabilincenter.org/candle-holder-2/,DSC00136-1-768x1369.jpg
liturgy-and-the-sacraments-2,CANDLE HOLDER,liturgy-and-the-sacraments-2-candle-holder-3,102-1-2-scaled.jpg,../tod-gallery-images/liturgy-and-the-sacraments-2/102-1-2-scaled.jpg,"CANDLE HOLDER

Archdiocesan Museum of Cebu

Cebu City",,Cebu City,,,Archdiocesan Museum of Cebu,,,42,parent_anchor_img+child_elementor_text_editor+attachment_metadata+label-and-pattern,,https://thekabilincenter.org/wp-content/uploads/2023/11/DSC00476-1-scaled.jpg,https://thekabilincenter.org/candle-holder-3/,CANDLE HOLDER,,true,https://thekabilincenter.org/wp-content/uploads/2023/11/1-2-768x1369.jpg,https://thekabilincenter.org/candle-holder-3/,1-2-768x1369.jpg
liturgy-and-the-sacraments-2,CANDLE HOLDER,liturgy-and-the-sacraments-2-candle-holder-4,108-DSC00027-2-scaled.jpg,../tod-gallery-images/liturgy-and-the-sacraments-2/108-DSC00027-2-scaled.jpg,"CANDLE HOLDER

Nuestra Señora del Patrocinio de Maria Parish Church

Boljoon , Cebu",,"Boljoon , Cebu",,,,Nuestra Señora del Patrocinio de Maria Parish Church,,43,parent_anchor_img+child_elementor_text_editor+attachment_metadata+label-and-pattern,,https://thekabilincenter.org/wp-content/uploads/2023/11/DSC00239-scaled.jpg,https://thekabilincenter.org/candle-holder-4/,CANDLE HOLDER,,true,https://thekabilincenter.org/wp-content/uploads/2023/11/DSC00027-2-768x1369.jpg,https://thekabilincenter.org/candle-holder-4/,DSC00027-2-768x1369.jpg
liturgy-and-the-sacraments-2,CANDLE HOLDER,liturgy-and-the-sacraments-2-candle-holder-4-2,109-DSC00233-scaled.jpg,../tod-gallery-images/liturgy-and-the-sacraments-2/109-DSC00233-scaled.jpg,"CANDLE HOLDER

Nuestra Señora del Patrocinio de Maria Parish Church

Boljoon , Cebu",,"Boljoon , Cebu",,,,Nuestra Señora del Patrocinio de Maria Parish Church,,44,parent_anchor_img+child_elementor_text_editor+attachment_metadata+label-and-pattern,,https://thekabilincenter.org/wp-content/uploads/2023/11/DSC00239-scaled.jpg,https://thekabilincenter.org/candle-holder-4/,CANDLE HOLDER,,true,https://thekabilincenter.org/wp-content/uploads/2023/11/DSC00233-768x1369.jpg,https://thekabilincenter.org/candle-holder-4/,DSC00233-768x1369.jpg
liturgy-and-the-sacraments-2,CANDLE HOLDER,liturgy-and-the-sacraments-2-candle-holder-5,110-DSC01133-2-scaled.jpg,../tod-gallery-images/liturgy-and-the-sacraments-2/110-DSC01133-2-scaled.jpg,"CANDLE HOLDER

Height: 26cm

Santo Tomas de Villanueva Parish Church

Danao City, Cebu

Accession no. STVP-RO-SV-001",,"Danao City, Cebu",,Height: 26cm,,Santo Tomas de Villanueva Parish Church,STVP-RO-SV-001,45,parent_anchor_img+child_elementor_text_editor+attachment_metadata+label-and-pattern,,https://thekabilincenter.org/wp-content/uploads/2023/11/DSC01139-2-scaled.jpg,https://thekabilincenter.org/candle-holder-5/,CANDLE HOLDER,,true,https://thekabilincenter.org/wp-content/uploads/2023/11/DSC01133-2-768x1696.jpg,https://thekabilincenter.org/candle-holder-5/,DSC01133-2-768x1696.jpg
liturgy-and-the-sacraments-2,LITURGICAL OBJECTS,liturgy-and-the-sacraments-2-liturgical-objects,111-DSC00147-1-scaled.jpg,../tod-gallery-images/liturgy-and-the-sacraments-2/111-DSC00147-1-scaled.jpg,"LITURGICAL OBJECTS

Archdiocesan Museum of Cebu

Cebu City",,Cebu City,,,Archdiocesan Museum of Cebu,,,46,parent_anchor_img+child_elementor_text_editor+attachment_metadata+label-and-pattern,,https://thekabilincenter.org/wp-content/uploads/2023/11/DSC00147-2-scaled.jpg,https://thekabilincenter.org/liturgical-objects/,LITURGICAL OBJECTS,,true,https://thekabilincenter.org/wp-content/uploads/2023/11/DSC00147-1-768x1369.jpg,https://thekabilincenter.org/liturgical-objects/,DSC00147-1-768x1369.jpg
liturgy-and-the-sacraments-2,TABERNACOLO,liturgy-and-the-sacraments-2-tabernacolo,112-DSC02021-1-scaled.jpg,../tod-gallery-images/liturgy-and-the-sacraments-2/112-DSC02021-1-scaled.jpg,"TABERNACOLO

Silverware

Height: 6""

Archdiocesan Museum of Cebu

Cebu City

Accession no. AMC-RO-SV-027",,Cebu City,,"Height: 6""",Archdiocesan Museum of Cebu,,AMC-RO-SV-027,47,parent_anchor_img+child_elementor_text_editor+attachment_metadata+label-and-pattern,Unresolved description block(s): Silverware,https://thekabilincenter.org/wp-content/uploads/2023/11/DSC02021-2-scaled.jpg,https://thekabilincenter.org/tabernacolo/,TABERNACOLO,,true,https://thekabilincenter.org/wp-content/uploads/2023/11/DSC02021-1-768x1369.jpg,https://thekabilincenter.org/tabernacolo/,DSC02021-1-768x1369.jpg
liturgy-and-the-sacraments-2,LITURGICAL OBJECTS,liturgy-and-the-sacraments-2-liturgical-objects-2,113-DSC00177-scaled.jpg,../tod-gallery-images/liturgy-and-the-sacraments-2/113-DSC00177-scaled.jpg,"LITURGICAL OBJECTS

Archdiocesan Museum of Cebu

Cebu City",,Cebu City,,,Archdiocesan Museum of Cebu,,,48,parent_anchor_img+child_elementor_text_editor+attachment_metadata+label-and-pattern,,https://thekabilincenter.org/wp-content/uploads/2023/11/DSC00177-1-scaled.jpg,https://thekabilincenter.org/liturgical-objects-2/,LITURGICAL OBJECTS,,true,https://thekabilincenter.org/wp-content/uploads/2023/11/DSC00177-768x1369.jpg,https://thekabilincenter.org/liturgical-objects-2/,DSC00177-768x1369.jpg
liturgy-and-the-sacraments-2,TABERNACLE,liturgy-and-the-sacraments-2-tabernacle,114-DSC01959-scaled.jpg,../tod-gallery-images/liturgy-and-the-sacraments-2/114-DSC01959-scaled.jpg,"TABERNACLE

Height: 54cm

National Shrine of Nuestra Señora Virgen de la Regla

Lapu-Lapu City, Cebu

Accession no. VDRP-RO-SV-021",,"Lapu-Lapu City, Cebu",,Height: 54cm,,National Shrine of Nuestra Señora Virgen de la Regla,VDRP-RO-SV-021,49,parent_anchor_img+child_elementor_text_editor+attachment_metadata+label-and-pattern,,https://thekabilincenter.org/wp-content/uploads/2023/11/DSC01968-2-scaled.jpg,https://thekabilincenter.org/tabernacle/,TABERNACLE,,true,https://thekabilincenter.org/wp-content/uploads/2023/11/DSC01959-768x1369.jpg,https://thekabilincenter.org/tabernacle/,DSC01959-768x1369.jpg
liturgy-and-the-sacraments-2,PORTAPAZ,liturgy-and-the-sacraments-2-portapaz-2,115-DSC00005-2-scaled.jpg,../tod-gallery-images/liturgy-and-the-sacraments-2/115-DSC00005-2-scaled.jpg,"PORTAPAZ

96% silver 96%

Height : 8.5cm

Boljoon Parish Museum

Nuestra Señora del Patrocinio de Maria Parish Church

Boljoon, Cebu

Accession no. BPM-RO-SV-001",,"Boljoon, Cebu",96% silver 96%,Height : 8.5cm,Boljoon Parish Museum,Nuestra Señora del Patrocinio de Maria Parish Church,BPM-RO-SV-001,50,parent_anchor_img+child_elementor_text_editor+attachment_metadata+label-and-pattern,,https://thekabilincenter.org/wp-content/uploads/2023/11/DSC00006-2-scaled.jpg,https://thekabilincenter.org/portapaz-2/,PORTAPAZ,,true,https://thekabilincenter.org/wp-content/uploads/2023/11/DSC00005-2-768x1369.jpg,https://thekabilincenter.org/portapaz-2/,DSC00005-2-768x1369.jpg
liturgy-and-the-sacraments-2,LITURGICAL OBJECTS,liturgy-and-the-sacraments-2-liturgical-objects-3,116-DSC00295-scaled.jpg,../tod-gallery-images/liturgy-and-the-sacraments-2/116-DSC00295-scaled.jpg,"LITURGICAL OBJECTS

Nuestra Señora del Patrocinio de Maria Parish Church

Boljoon , Cebu",,"Boljoon , Cebu",,,,Nuestra Señora del Patrocinio de Maria Parish Church,,51,parent_anchor_img+child_elementor_text_editor+attachment_metadata+label-and-pattern,,https://thekabilincenter.org/wp-content/uploads/2023/11/DSC00295-1-scaled.jpg,https://thekabilincenter.org/liturgical-objects-3/,LITURGICAL OBJECTS,,true,https://thekabilincenter.org/wp-content/uploads/2023/11/DSC00295-768x431.jpg,https://thekabilincenter.org/liturgical-objects-3/,DSC00295-768x431.jpg
liturgy-and-the-sacraments-2,RUEDAS,liturgy-and-the-sacraments-2-ruedas,117-DSC00499-scaled.jpg,../tod-gallery-images/liturgy-and-the-sacraments-2/117-DSC00499-scaled.jpg,"RUEDAS

Height: 34""

Archdiocesan Museum of Cebu

Cebu City

Accession no. AMC-RO-SV-042",,Cebu City,,"Height: 34""",Archdiocesan Museum of Cebu,,AMC-RO-SV-042,52,parent_anchor_img+child_elementor_text_editor+attachment_metadata+label-and-pattern,,https://thekabilincenter.org/wp-content/uploads/2023/11/DSC00499-1-scaled.jpg,https://thekabilincenter.org/ruedas/,RUEDAS,,true,https://thekabilincenter.org/wp-content/uploads/2023/11/DSC00499-768x1482.jpg,https://thekabilincenter.org/ruedas/,DSC00499-768x1482.jpg
liturgy-and-the-sacraments-2,RUEDAS,liturgy-and-the-sacraments-2-ruedas-2,118-DSC00267-scaled.jpg,../tod-gallery-images/liturgy-and-the-sacraments-2/118-DSC00267-scaled.jpg,"RUEDAS

Nuestra Señora del Patrocinio de Maria Parish Church

Boljoon , Cebu",,"Boljoon , Cebu",,,,Nuestra Señora del Patrocinio de Maria Parish Church,,53,parent_anchor_img+child_elementor_text_editor+attachment_metadata+label-and-pattern,,https://thekabilincenter.org/wp-content/uploads/2023/11/DSC00267-1-scaled.jpg,https://thekabilincenter.org/ruedas-2/,RUEDAS,,true,https://thekabilincenter.org/wp-content/uploads/2023/11/DSC00267-768x1369.jpg,https://thekabilincenter.org/ruedas-2/,DSC00267-768x1369.jpg
liturgy-and-the-sacraments-2,CHURCH BELL,liturgy-and-the-sacraments-2-church-bell,119-DSC01330-2-scaled.jpg,../tod-gallery-images/liturgy-and-the-sacraments-2/119-DSC01330-2-scaled.jpg,"CHURCH BELL

Brass

Height : 17.5cm

Archdiocesan Shrine of San Nicolas de Tolentino Parish

Cebu City

Accession no. SNP-RO-SV- 007",,Cebu City,Brass,Height : 17.5cm,,Archdiocesan Shrine of San Nicolas de Tolentino Parish,SNP-RO-SV- 007,54,parent_anchor_img+child_elementor_text_editor+attachment_metadata+label-and-pattern,,https://thekabilincenter.org/wp-content/uploads/2023/11/DSC01330-2-1-scaled.jpg,https://thekabilincenter.org/church-bell/,CHURCH BELL,,true,https://thekabilincenter.org/wp-content/uploads/2023/11/DSC01330-2-768x1369.jpg,https://thekabilincenter.org/church-bell/,DSC01330-2-768x1369.jpg
liturgy-and-the-sacraments-2,BELLS,liturgy-and-the-sacraments-2-bells,125-DSC03305.jpg,../tod-gallery-images/liturgy-and-the-sacraments-2/125-DSC03305.jpg,"BELLS

Wooden base

Saints Peter and Paul Parish Church

Santa Fe, Bantayan Island, Cebu

Accession no. BIPM-RO-SV-005",,"Santa Fe, Bantayan Island, Cebu",Wooden base,,,Saints Peter and Paul Parish Church,BIPM-RO-SV-005,55,parent_anchor_img+child_elementor_text_editor+attachment_metadata+label-and-pattern,,https://thekabilincenter.org/wp-content/uploads/2023/11/DSC03305-1.jpg,https://thekabilincenter.org/bells/,BELLS,,true,https://thekabilincenter.org/wp-content/uploads/2023/11/DSC03305-768x1124.jpg,https://thekabilincenter.org/bells/,DSC03305-768x1124.jpg
liturgy-and-the-sacraments-2,MATRACA,liturgy-and-the-sacraments-2-matraca,131-1-3-scaled.jpg,../tod-gallery-images/liturgy-and-the-sacraments-2/131-1-3-scaled.jpg,"MATRACA

Height: 41cm

Archdiocesan Shrine of San Miguel Arcangel

Argao, Cebu

Accession no. APM-RO-SV-077",,"Argao, Cebu",,Height: 41cm,,Archdiocesan Shrine of San Miguel Arcangel,APM-RO-SV-077,56,parent_anchor_img+child_elementor_text_editor+attachment_metadata+label-and-pattern,,https://thekabilincenter.org/wp-content/uploads/2023/11/1-8-scaled.jpg,https://thekabilincenter.org/matraca/,MATRACA,,true,https://thekabilincenter.org/wp-content/uploads/2023/11/1-3-768x1369.jpg,https://thekabilincenter.org/matraca/,1-3-768x1369.jpg
liturgy-and-the-sacraments-2,MATRACA,liturgy-and-the-sacraments-2-matraca-2,132-DSC00448-scaled.jpg,../tod-gallery-images/liturgy-and-the-sacraments-2/132-DSC00448-scaled.jpg,"MATRACA

Height: 16.5""

Archdiocesan Museum of Cebu

Cebu City

Accession no. AMC-RO-SV-041",,Cebu City,,"Height: 16.5""",Archdiocesan Museum of Cebu,,AMC-RO-SV-041,57,parent_anchor_img+child_elementor_text_editor+attachment_metadata+label-and-pattern,,https://thekabilincenter.org/wp-content/uploads/2023/11/DSC00448-1-scaled.jpg,https://thekabilincenter.org/matraca-2/,MATRACA,,true,https://thekabilincenter.org/wp-content/uploads/2023/11/DSC00448-768x431.jpg,https://thekabilincenter.org/matraca-2/,DSC00448-768x431.jpg
liturgy-and-the-sacraments-2,LITURGICAL OBJECTS,liturgy-and-the-sacraments-2-liturgical-objects-4,133-DSC00629-2-scaled.jpg,../tod-gallery-images/liturgy-and-the-sacraments-2/133-DSC00629-2-scaled.jpg,"LITURGICAL OBJECTS

Dimensions: 45.5 x 18cm

Santo Tomas de Villanueva Parish Church

Danao City, Cebu

Accession no. STVP-RO-SV-019",,"Danao City, Cebu",,Dimensions: 45.5 x 18cm,,Santo Tomas de Villanueva Parish Church,STVP-RO-SV-019,58,parent_anchor_img+child_elementor_text_editor+attachment_metadata+label-and-pattern,,https://thekabilincenter.org/wp-content/uploads/2023/11/DSC00632-2-scaled.jpg,https://thekabilincenter.org/liturgical-objects-4/,LITURGICAL OBJECTS,,true,https://thekabilincenter.org/wp-content/uploads/2023/11/DSC00629-2-768x1369.jpg,https://thekabilincenter.org/liturgical-objects-4/,DSC00629-2-768x1369.jpg
liturgy-and-the-sacraments-2,LITURGICAL OBJECTS,liturgy-and-the-sacraments-2-liturgical-objects-5,134-DSC01157-2-scaled.jpg,../tod-gallery-images/liturgy-and-the-sacraments-2/134-DSC01157-2-scaled.jpg,"LITURGICAL OBJECTS

Height: 230cm

Santo Tomas de Villanueva Parish Church

Danao City, Cebu

Accession no. STVP-RO-SV-031",,"Danao City, Cebu",,Height: 230cm,,Santo Tomas de Villanueva Parish Church,STVP-RO-SV-031,59,parent_anchor_img+child_elementor_text_editor+attachment_metadata+label-and-pattern,,https://thekabilincenter.org/wp-content/uploads/2023/11/DSC01157-2-1-scaled.jpg,https://thekabilincenter.org/liturgical-objects-5/,LITURGICAL OBJECTS,,true,https://thekabilincenter.org/wp-content/uploads/2023/11/DSC01157-2-768x1369.jpg,https://thekabilincenter.org/liturgical-objects-5/,DSC01157-2-768x1369.jpg
liturgy-and-the-sacraments-2,SILVER GUIDON,liturgy-and-the-sacraments-2-silver-guidon,140-1-4-scaled.jpg,../tod-gallery-images/liturgy-and-the-sacraments-2/140-1-4-scaled.jpg,"SILVER GUIDON

Flag dimensions: 40cm x 41.5cm

Saints Peter and Paul Parish Church

Santa Fe, Bantayan Island, Cebu

Accession no. BIPM-RO-SV-012",,"Santa Fe, Bantayan Island, Cebu",,Flag dimensions: 40cm x 41.5cm,,Saints Peter and Paul Parish Church,BIPM-RO-SV-012,60,parent_anchor_img+child_elementor_text_editor+attachment_metadata+label-and-pattern,,https://thekabilincenter.org/wp-content/uploads/2023/11/DSC00014-2-scaled.jpg,https://thekabilincenter.org/silver-guidon/,SILVER GUIDON,,true,https://thekabilincenter.org/wp-content/uploads/2023/11/1-4-768x1369.jpg,https://thekabilincenter.org/silver-guidon/,1-4-768x1369.jpg
liturgy-and-the-sacraments-2,ORIMON,liturgy-and-the-sacraments-2-orimon,141-DSC00234-2-scaled.jpg,../tod-gallery-images/liturgy-and-the-sacraments-2/141-DSC00234-2-scaled.jpg,"ORIMON

Saints Peter and Paul Parish Church

Santa Fe, Bantayan Island, Cebu

Accession no. BIPM-RO-SV-015",,"Santa Fe, Bantayan Island, Cebu",,,,Saints Peter and Paul Parish Church,BIPM-RO-SV-015,61,parent_anchor_img+child_elementor_text_editor+attachment_metadata+label-and-pattern,,https://thekabilincenter.org/wp-content/uploads/2023/11/DSC00286-2-scaled.jpg,https://thekabilincenter.org/orimon/,ORIMON,,true,https://thekabilincenter.org/wp-content/uploads/2023/11/DSC00234-2-768x1525.jpg,https://thekabilincenter.org/orimon/,DSC00234-2-768x1525.jpg
liturgy-and-the-sacraments-2,BOOK HOLDER,liturgy-and-the-sacraments-2-book-holder,142-DSC00553-2-scaled.jpg,../tod-gallery-images/liturgy-and-the-sacraments-2/142-DSC00553-2-scaled.jpg,"BOOK HOLDER

Height: 23.5cm

Santo Tomas de Villanueva Parish Church

Danao City, Cebu

Accession no. STVP-RO-SV-006",,"Danao City, Cebu",,Height: 23.5cm,,Santo Tomas de Villanueva Parish Church,STVP-RO-SV-006,62,parent_anchor_img+child_elementor_text_editor+attachment_metadata+label-and-pattern,,https://thekabilincenter.org/wp-content/uploads/2023/11/DSC00560-2-scaled.jpg,https://thekabilincenter.org/book-holder/,BOOK HOLDER,,true,https://thekabilincenter.org/wp-content/uploads/2023/11/DSC00553-2-768x431.jpg,https://thekabilincenter.org/book-holder/,DSC00553-2-768x431.jpg
painting-the-sacred,RELIEF CARVING OF THE CRUCIFIXION,painting-the-sacred-relief-carving-of-the-crucifixion,002-DSC00558-2-scaled.jpg,../tod-gallery-images/painting-the-sacred/002-DSC00558-2-scaled.jpg,"RELIEF CARVING OF THE CRUCIFIXION

wood

Height: 70""

Archdiocesan Museum of Cebu

Cebu City

Accession no. AMC-RO- A-014",,Cebu City,wood,"Height: 70""",Archdiocesan Museum of Cebu,,AMC-RO- A-014,1,parent_anchor_img+child_elementor_text_editor+attachment_metadata+label-and-pattern,,https://thekabilincenter.org/wp-content/uploads/2023/10/DSC00565-2-scaled.jpg,https://thekabilincenter.org/relief-carving-of-the-crucifixion/,RELIEF CARVING OF THE CRUCIFIXION,,true,https://thekabilincenter.org/wp-content/uploads/2023/10/DSC00558-2-768x1369.jpg,https://thekabilincenter.org/relief-carving-of-the-crucifixion/,DSC00558-2-768x1369.jpg
painting-the-sacred,THE BAPTISM OF JESUS,painting-the-sacred-the-baptism-of-jesus,008-DSC00448-2-scaled.jpg,../tod-gallery-images/painting-the-sacred/008-DSC00448-2-scaled.jpg,"THE BAPTISM OF JESUS

Painted by Ricardo V. Avila

Dated Dec. 1937 at San Nicolas, Cebu

Archival Holdings

Catmon, Cebu

Accession no. SGP-RO-SV-007",,"Dated Dec. 1937 at San Nicolas, Cebu

Catmon, Cebu",Painted by Ricardo V. Avila,,,,SGP-RO-SV-007,2,parent_anchor_img+child_elementor_text_editor+attachment_metadata+label-and-pattern,Unresolved description block(s): Archival Holdings,https://thekabilincenter.org/wp-content/uploads/2023/10/DSC00448-2-scaled.jpg,https://thekabilincenter.org/the-baptism-of-jesus/,THE BAPTISM OF JESUS,,true,https://thekabilincenter.org/wp-content/uploads/2023/10/DSC00448-2-768x1369.jpg,https://thekabilincenter.org/the-baptism-of-jesus/,DSC00448-2-768x1369.jpg
painting-the-sacred,SACRED HEART OF JESUS,painting-the-sacred-sacred-heart-of-jesus-8,009-DSC01770-2-scaled.jpg,../tod-gallery-images/painting-the-sacred/009-DSC01770-2-scaled.jpg,"SACRED HEART OF JESUS

painting by P.C. Pino (1991)

oil on canvas

Dimensions: 87cm x 59.9cm

:

National Shrine of Nuestra Señora Virgen de la Regla

Lapu-Lapu City, Cebu

Accession no. VDRP-A-SV-001",,"Lapu-Lapu City, Cebu",oil on canvas,Dimensions: 87cm x 59.9cm,,National Shrine of Nuestra Señora Virgen de la Regla,VDRP-A-SV-001,3,parent_anchor_img+child_elementor_text_editor+attachment_metadata+label-and-pattern,Unresolved description block(s): painting by P.C. Pino (1991) | :,https://thekabilincenter.org/wp-content/uploads/2023/10/DSC01778-2-scaled.jpg,https://thekabilincenter.org/sacred-heart-of-jesus-8/,SACRED HEART OF JESUS,,true,https://thekabilincenter.org/wp-content/uploads/2023/10/DSC01770-2-768x1369.jpg,https://thekabilincenter.org/sacred-heart-of-jesus-8/,DSC01770-2-768x1369.jpg
painting-the-sacred,OUR LADY OF THE SACRED HEART,painting-the-sacred-our-lady-of-the-sacred-heart-2,010-DSC01797-2-scaled.jpg,../tod-gallery-images/painting-the-sacred/010-DSC01797-2-scaled.jpg,"OUR LADY OF THE SACRED HEART

C. Pino, year 1991

oil on canvas

Dimensions: 87cm x 59.9cm

National Shrine of Nuestra Señora Virgen de la Regla

Lapu-Lapu City, Cebu

Accession no. VDRP-A-SV-002",,"Lapu-Lapu City, Cebu",oil on canvas,Dimensions: 87cm x 59.9cm,,National Shrine of Nuestra Señora Virgen de la Regla,VDRP-A-SV-002,4,parent_anchor_img+child_elementor_text_editor+attachment_metadata+label-and-pattern,"Unresolved description block(s): C. Pino, year 1991",https://thekabilincenter.org/wp-content/uploads/2023/10/DSC01814-scaled.jpg,https://thekabilincenter.org/our-lady-of-the-sacred-heart-2/,OUR LADY OF THE SACRED HEART,,true,https://thekabilincenter.org/wp-content/uploads/2023/10/DSC01797-2-768x1369.jpg,https://thekabilincenter.org/our-lady-of-the-sacred-heart-2/,DSC01797-2-768x1369.jpg
painting-the-sacred,the-crossing-of-the-dead-sea-with-moses,painting-the-sacred-the-crossing-of-the-dead-sea-with-moses,011-DSC01832-scaled.jpg,../tod-gallery-images/painting-the-sacred/011-DSC01832-scaled.jpg,,,,,,,,,5,parent_anchor_img+missing_child_post+attachment_metadata+missing,Destination child post was not found in the XML. No photo description was found. No photo description was found.,https://thekabilincenter.org/wp-content/uploads/2023/10/DSC01832-768x431.jpg,https://thekabilincenter.org/the-crossing-of-the-dead-sea-with-moses/,the-crossing-of-the-dead-sea-with-moses,,true,https://thekabilincenter.org/wp-content/uploads/2023/10/DSC01832-768x431.jpg,https://thekabilincenter.org/the-crossing-of-the-dead-sea-with-moses/,DSC01832-768x431.jpg
painting-the-sacred,BIRHEN SA REGLA,painting-the-sacred-birhen-sa-regla-4,012-DSC01854-scaled.jpg,../tod-gallery-images/painting-the-sacred/012-DSC01854-scaled.jpg,"BIRHEN SA REGLA

oil on canvas with gold paint

Dimensions: 59.5cm x 39cm

National Shrine of Nuestra Señora Virgen de la Regla

Lapu-Lapu City, Cebu

Accession no. VDRP-A-SV-010",,"Lapu-Lapu City, Cebu",oil on canvas with gold paint,Dimensions: 59.5cm x 39cm,,National Shrine of Nuestra Señora Virgen de la Regla,VDRP-A-SV-010,6,parent_anchor_img+child_elementor_text_editor+attachment_metadata+label-and-pattern,,https://thekabilincenter.org/wp-content/uploads/2023/10/DSC01854-1-scaled.jpg,https://thekabilincenter.org/birhen-sa-regla-4/,BIRHEN SA REGLA,,true,https://thekabilincenter.org/wp-content/uploads/2023/10/DSC01854-768x1369.jpg,https://thekabilincenter.org/birhen-sa-regla-4/,DSC01854-768x1369.jpg
painting-the-sacred,PORTRAIT OF JOHN PAUL II,painting-the-sacred-portrait-of-john-paul-ii,018-DSC01869-scaled.jpg,../tod-gallery-images/painting-the-sacred/018-DSC01869-scaled.jpg,"PORTRAIT OF JOHN PAUL II

by P.C. Pino (1979)

oil on canvas

Dimensions: 64cm x 48cm

National Shrine of Nuestra Señora Virgen de la Regla

Lapu-Lapu City, Cebu

Accession no. VDRP-A-SV-008",,"Lapu-Lapu City, Cebu",oil on canvas,Dimensions: 64cm x 48cm,,National Shrine of Nuestra Señora Virgen de la Regla,VDRP-A-SV-008,7,parent_anchor_img+child_elementor_text_editor+attachment_metadata+label-and-pattern,Unresolved description block(s): by P.C. Pino (1979),https://thekabilincenter.org/wp-content/uploads/2023/10/DSC01865-2-scaled.jpg,https://thekabilincenter.org/portrait-of-john-paul-ii/,PORTRAIT OF JOHN PAUL II,,true,https://thekabilincenter.org/wp-content/uploads/2023/10/DSC01869-768x1369.jpg,https://thekabilincenter.org/portrait-of-john-paul-ii/,DSC01869-768x1369.jpg
painting-the-sacred,PORTAIT OF JOHN XXIII,painting-the-sacred-portait-of-john-xxiii,019-DSC01885-scaled.jpg,../tod-gallery-images/painting-the-sacred/019-DSC01885-scaled.jpg,"PORTAIT OF JOHN XXIII

by P.C. Pino (7/23/1956)

oil on lawanit

Dimensions: 65.5cm x 46.5cm

National Shrine of Nuestra Señora Virgen de la Regla

Lapu-Lapu City, Cebu

Accession no. VDRP-A-SV-007",,"Lapu-Lapu City, Cebu",oil on lawanit,Dimensions: 65.5cm x 46.5cm,,National Shrine of Nuestra Señora Virgen de la Regla,VDRP-A-SV-007,8,parent_anchor_img+child_elementor_text_editor+attachment_metadata+label-and-pattern,Unresolved description block(s): by P.C. Pino (7/23/1956),https://thekabilincenter.org/wp-content/uploads/2023/10/DSC01883-scaled.jpg,https://thekabilincenter.org/portait-of-john-xxiii/,PORTAIT OF JOHN XXIII,,true,https://thekabilincenter.org/wp-content/uploads/2023/10/DSC01885-768x1369.jpg,https://thekabilincenter.org/portait-of-john-xxiii/,DSC01885-768x1369.jpg
painting-the-sacred,PORTRAIT OF BENEDICT XVI,painting-the-sacred-portrait-of-benedict-xvi,020-DSC01897-scaled.jpg,../tod-gallery-images/painting-the-sacred/020-DSC01897-scaled.jpg,"PORTRAIT OF BENEDICT XVI

by P.C. Pino (2009)

oil on canvas

Dimensions: 64.5cm x 49cm

National Shrine of Nuestra Señora Virgen de la Regla

Lapu-Lapu City, Cebu

Accession no. VDRP-A-SV-009",,"Lapu-Lapu City, Cebu",oil on canvas,Dimensions: 64.5cm x 49cm,,National Shrine of Nuestra Señora Virgen de la Regla,VDRP-A-SV-009,9,parent_anchor_img+child_elementor_text_editor+attachment_metadata+label-and-pattern,Unresolved description block(s): by P.C. Pino (2009),https://thekabilincenter.org/wp-content/uploads/2023/10/DSC01894-2-scaled.jpg,https://thekabilincenter.org/portrait-of-benedict-xvi/,PORTRAIT OF BENEDICT XVI,,true,https://thekabilincenter.org/wp-content/uploads/2023/10/DSC01897-768x1369.jpg,https://thekabilincenter.org/portrait-of-benedict-xvi/,DSC01897-768x1369.jpg
painting-the-sacred,PORTRAIT OF Pope Pius X,painting-the-sacred-portrait-of-pope-pius-x,021-DSC01915-scaled.jpg,../tod-gallery-images/painting-the-sacred/021-DSC01915-scaled.jpg,"PORTRAIT OF Pope Pius X

by P.C. Pino (5/14/1956)

oil on canvas

Dimensions: 65cm x 50cm

National Shrine of Nuestra Señora Virgen de la Regla

Lapu-Lapu City, Cebu

Accession no. VDRP-A-SV-006",,"Lapu-Lapu City, Cebu",oil on canvas,Dimensions: 65cm x 50cm,,National Shrine of Nuestra Señora Virgen de la Regla,VDRP-A-SV-006,10,parent_anchor_img+child_elementor_text_editor+attachment_metadata+label-and-pattern,Unresolved description block(s): by P.C. Pino (5/14/1956),https://thekabilincenter.org/wp-content/uploads/2023/10/DSC01910-2-scaled.jpg,https://thekabilincenter.org/portrait-of-pope-pius-x/,PORTRAIT OF Pope Pius X,,true,https://thekabilincenter.org/wp-content/uploads/2023/10/DSC01915-768x1369.jpg,https://thekabilincenter.org/portrait-of-pope-pius-x/,DSC01915-768x1369.jpg
painting-the-sacred,BIRHEN SA REGLA,painting-the-sacred-birhen-sa-regla-5,022-DSC01930-scaled.jpg,../tod-gallery-images/painting-the-sacred/022-DSC01930-scaled.jpg,"BIRHEN SA REGLA

by P.C. Pino (1986)

oil on canvas

H: 90cm

W: 60cm

National Shrine of Nuestra Señora Virgen de la Regla

Lapu-Lapu City, Cebu

Accession no. VDRP-A-SV-011",,"Lapu-Lapu City, Cebu",oil on canvas,"H: 90cm

W: 60cm",,National Shrine of Nuestra Señora Virgen de la Regla,VDRP-A-SV-011,11,parent_anchor_img+child_elementor_text_editor+attachment_metadata+label-and-pattern,Unresolved description block(s): by P.C. Pino (1986),https://thekabilincenter.org/wp-content/uploads/2023/10/DSC01927-scaled.jpg,https://thekabilincenter.org/birhen-sa-regla-5/,BIRHEN SA REGLA,,true,https://thekabilincenter.org/wp-content/uploads/2023/10/DSC01930-768x1369.jpg,https://thekabilincenter.org/birhen-sa-regla-5/,DSC01930-768x1369.jpg
painting-the-sacred,BIRHEN SA REGLA,painting-the-sacred-birhen-sa-regla-6,023-DSC02151-2-scaled.jpg,../tod-gallery-images/painting-the-sacred/023-DSC02151-2-scaled.jpg,"BIRHEN SA REGLA

by P.C. Pino (1986)

oil on canvas

Dimensions: 90cm x 60cm

National Shrine of Nuestra Señora Virgen de la Regla

Lapu-Lapu City, Cebu

Accession no. VDRP-A-SV-011",,"Lapu-Lapu City, Cebu",oil on canvas,Dimensions: 90cm x 60cm,,National Shrine of Nuestra Señora Virgen de la Regla,VDRP-A-SV-011,12,parent_anchor_img+child_elementor_text_editor+attachment_metadata+label-and-pattern,Unresolved description block(s): by P.C. Pino (1986),https://thekabilincenter.org/wp-content/uploads/2023/10/DSC02173-2-scaled.jpg,https://thekabilincenter.org/birhen-sa-regla-6/,BIRHEN SA REGLA,,true,https://thekabilincenter.org/wp-content/uploads/2023/10/DSC02151-2-768x1219.jpg,https://thekabilincenter.org/birhen-sa-regla-6/,DSC02151-2-768x1219.jpg
painting-the-sacred,PAINTING OF MARY,painting-the-sacred-painting-of-mary,024-DSC00023-scaled.jpg,../tod-gallery-images/painting-the-sacred/024-DSC00023-scaled.jpg,"PAINTING OF MARY

Nuestra Señora del Patrocinio de Maria Parish Church

Boljoon, Cebu",,"Boljoon, Cebu",,,,Nuestra Señora del Patrocinio de Maria Parish Church,,13,parent_anchor_img+child_elementor_text_editor+attachment_metadata+label-and-pattern,,https://thekabilincenter.org/wp-content/uploads/2023/10/DSC00024-scaled.jpg,https://thekabilincenter.org/painting-of-mary/,PAINTING OF MARY,,true,https://thekabilincenter.org/wp-content/uploads/2023/10/DSC00023-768x1369.jpg,https://thekabilincenter.org/painting-of-mary/,DSC00023-768x1369.jpg
painting-the-sacred,SORROWFUL MYSTERY (ON LAWANIT),painting-the-sacred-sorrowful-mystery-on-lawanit,030-1-6-scaled.jpg,../tod-gallery-images/painting-the-sacred/030-1-6-scaled.jpg,"SORROWFUL MYSTERY (ON LAWANIT)

Dimensions: 81cm x 76cm

Saints Peter and Paul Parish Church

Santa Fe, Bantayan Island, Cebu

Accession no. BIPM-A-SV-001",,"Santa Fe, Bantayan Island, Cebu",,Dimensions: 81cm x 76cm,,Saints Peter and Paul Parish Church,BIPM-A-SV-001,14,parent_anchor_img+child_elementor_text_editor+attachment_metadata+label-and-pattern,,https://thekabilincenter.org/wp-content/uploads/2023/10/1-4-scaled.jpg,https://thekabilincenter.org/sorrowful-mystery-on-lawanit/,SORROWFUL MYSTERY (ON LAWANIT),,true,https://thekabilincenter.org/wp-content/uploads/2023/10/1-6-768x1369.jpg,https://thekabilincenter.org/sorrowful-mystery-on-lawanit/,1-6-768x1369.jpg
painting-the-sacred,5 JOYFUL MYSTERIES (ON LAWANIT),painting-the-sacred-5-joyful-mysteries-on-lawanit,034-1-1.jpg,../tod-gallery-images/painting-the-sacred/034-1-1.jpg,"5 JOYFUL MYSTERIES (ON LAWANIT)

Dimensions: 81cm x 76cm

Saints Peter and Paul Parish Church

Santa Fe, Bantayan Island, Cebu

Accession no. BIPM-A-SV-002",,"Santa Fe, Bantayan Island, Cebu",,Dimensions: 81cm x 76cm,,Saints Peter and Paul Parish Church,BIPM-A-SV-002,15,parent_anchor_img+child_elementor_text_editor+attachment_metadata+label-and-pattern,,https://thekabilincenter.org/wp-content/uploads/2023/10/1-3-2-scaled.jpg,https://thekabilincenter.org/5-joyful-mysteries-on-lawanit/,5 JOYFUL MYSTERIES (ON LAWANIT),,true,https://thekabilincenter.org/wp-content/uploads/2023/10/1-1-768x776.jpg,https://thekabilincenter.org/5-joyful-mysteries-on-lawanit/,1-1-768x776.jpg
painting-the-sacred,5 JOYFUL MYSTERIES,painting-the-sacred-5-joyful-mysteries,040-1-3-scaled.jpg,../tod-gallery-images/painting-the-sacred/040-1-3-scaled.jpg,"5 JOYFUL MYSTERIES

OIL ON CANVAS

Various dimensions

Saints Peter and Paul Parish Church

Santa Fe, Bantayan Island, Cebu

Accession no. BIPM-A-SV-003",,"Santa Fe, Bantayan Island, Cebu",OIL ON CANVAS,Various dimensions,,Saints Peter and Paul Parish Church,BIPM-A-SV-003,16,parent_anchor_img+child_elementor_text_editor+attachment_metadata+label-and-pattern,,https://thekabilincenter.org/wp-content/uploads/2023/10/3-3-2-scaled.jpg,https://thekabilincenter.org/5-joyful-mysteries/,5 JOYFUL MYSTERIES,,true,https://thekabilincenter.org/wp-content/uploads/2023/10/1-3-768x1369.jpg,https://thekabilincenter.org/5-joyful-mysteries/,1-3-768x1369.jpg
painting-the-sacred,JOYFUL MYSTERIES OF THE ROSARY,painting-the-sacred-joyful-mysteries-of-the-rosary,046-DSC00034-scaled.jpg,../tod-gallery-images/painting-the-sacred/046-DSC00034-scaled.jpg,"JOYFUL MYSTERIES OF THE ROSARY

BY MARY AVILA

Dated 5.14.36

Height: 31.5cm

San Guillermo de Aquitania Parish Church

Dalaguete, Cebu

Various accession nos.",,"Dalaguete, Cebu",,Height: 31.5cm,,San Guillermo de Aquitania Parish Church,,17,parent_anchor_img+child_elementor_text_editor+attachment_metadata+label-and-pattern,Unresolved description block(s): BY MARY AVILA | Dated 5.14.36 | Various accession nos.,https://thekabilincenter.org/wp-content/uploads/2023/10/DSC00057-scaled.jpg,https://thekabilincenter.org/joyful-mysteries-of-the-rosary/,JOYFUL MYSTERIES OF THE ROSARY,,true,https://thekabilincenter.org/wp-content/uploads/2023/10/DSC00034-768x1369.jpg,https://thekabilincenter.org/joyful-mysteries-of-the-rosary/,DSC00034-768x1369.jpg
painting-the-sacred,SORROWFUL MYSTERIES OF THE ROSARY,painting-the-sacred-sorrowful-mysteries-of-the-rosary,052-DSC00100-scaled.jpg,../tod-gallery-images/painting-the-sacred/052-DSC00100-scaled.jpg,"SORROWFUL MYSTERIES OF THE ROSARY

BY MARY AVILA

Dated 5.14.36

Height: 31.5cm

San Guillermo de Aquitania Parish Church

Dalaguete, Cebu

Various Accession nos.",,"Dalaguete, Cebu",,Height: 31.5cm,,San Guillermo de Aquitania Parish Church,,18,parent_anchor_img+child_elementor_text_editor+attachment_metadata+label-and-pattern,Unresolved description block(s): BY MARY AVILA | Dated 5.14.36 | Various Accession nos.,https://thekabilincenter.org/wp-content/uploads/2023/10/DSC00100-1-scaled.jpg,https://thekabilincenter.org/sorrowful-mysteries-of-the-rosary/,SORROWFUL MYSTERIES OF THE ROSARY,,true,https://thekabilincenter.org/wp-content/uploads/2023/10/DSC00100-768x1369.jpg,https://thekabilincenter.org/sorrowful-mysteries-of-the-rosary/,DSC00100-768x1369.jpg
painting-the-sacred,PORTRAIT OF BISHOP SALVADOR,painting-the-sacred-portrait-of-bishop-salvador,053-DSC00764.jpg,../tod-gallery-images/painting-the-sacred/053-DSC00764.jpg,"PORTRAIT OF BISHOP SALVADOR

San Guillermo de Aquitania Parish Church

Dalaguete, Cebu",,"Dalaguete, Cebu",,,,San Guillermo de Aquitania Parish Church,,19,parent_anchor_img+child_elementor_text_editor+attachment_metadata+label-and-pattern,,https://thekabilincenter.org/wp-content/uploads/2023/10/DSC00755.jpg,https://thekabilincenter.org/portrait-of-bishop-salvador/,PORTRAIT OF BISHOP SALVADOR,,true,https://thekabilincenter.org/wp-content/uploads/2023/10/DSC00764-768x1047.jpg,https://thekabilincenter.org/portrait-of-bishop-salvador/,DSC00764-768x1047.jpg
painting-the-sacred,PORTRAIT OF SALVADOR BROTHERS,painting-the-sacred-portrait-of-salvador-brothers,054-DSC00801.jpg,../tod-gallery-images/painting-the-sacred/054-DSC00801.jpg,"PORTRAIT OF SALVADOR BROTHERS

San Guillermo de Aquitania Parish Church

Dalaguete, Cebu",,"Dalaguete, Cebu",,,,San Guillermo de Aquitania Parish Church,,20,parent_anchor_img+child_elementor_text_editor+attachment_metadata+label-and-pattern,,https://thekabilincenter.org/wp-content/uploads/2023/10/DSC00798-3-scaled.jpg,https://thekabilincenter.org/portrait-of-salvador-brothers/,PORTRAIT OF SALVADOR BROTHERS,,true,https://thekabilincenter.org/wp-content/uploads/2023/10/DSC00801-768x569.jpg,https://thekabilincenter.org/portrait-of-salvador-brothers/,DSC00801-768x569.jpg
sacred-furnishings,CHAIRS IN THE LITURGY,sacred-furnishings-chairs-in-the-liturgy,003-DSC00080-3-scaled.jpg,../tod-gallery-images/sacred-furnishings/003-DSC00080-3-scaled.jpg,"CHAIRS IN THE LITURGY

Archdiocesan Museum of Cebu

Cebu City",,Cebu City,,,Archdiocesan Museum of Cebu,,,1,parent_anchor_img+child_elementor_text_editor+attachment_metadata+label-and-pattern,,https://thekabilincenter.org/wp-content/uploads/2023/11/DSC00080-4-scaled.jpg,https://thekabilincenter.org/chairs-in-the-liturgy/,CHAIRS IN THE LITURGY,,true,https://thekabilincenter.org/wp-content/uploads/2023/11/DSC00080-3-768x1369.jpg,https://thekabilincenter.org/chairs-in-the-liturgy/,DSC00080-3-768x1369.jpg
sacred-furnishings,CHAIRS IN THE LITURGY,sacred-furnishings-chairs-in-the-liturgy-2,004-DSC00684-scaled.jpg,../tod-gallery-images/sacred-furnishings/004-DSC00684-scaled.jpg,"CHAIRS IN THE LITURGY

Nuestra Señora del Patrocinio de Maria Parish Church

Boljoon, Cebu

Accession no. BPM-A-SV-001 or BPM-A-SV-002",,"Boljoon, Cebu",,,,Nuestra Señora del Patrocinio de Maria Parish Church,BPM-A-SV-001 or BPM-A-SV-002,2,parent_anchor_img+child_elementor_text_editor+attachment_metadata+label-and-pattern,,https://thekabilincenter.org/wp-content/uploads/2023/11/DSC00684-1-scaled.jpg,https://thekabilincenter.org/chairs-in-the-liturgy-2/,CHAIRS IN THE LITURGY,,true,https://thekabilincenter.org/wp-content/uploads/2023/11/DSC00684-768x431.jpg,https://thekabilincenter.org/chairs-in-the-liturgy-2/,DSC00684-768x431.jpg
sacred-furnishings,CHAIRS IN THE LITURGY,sacred-furnishings-chairs-in-the-liturgy-3,005-DSC00423-1-scaled.jpg,../tod-gallery-images/sacred-furnishings/005-DSC00423-1-scaled.jpg,"CHAIRS IN THE LITURGY

Nuestra Señora del Patrocinio de Maria Parish Church

Boljoon, Cebu",,"Boljoon, Cebu",,,,Nuestra Señora del Patrocinio de Maria Parish Church,,3,parent_anchor_img+child_elementor_text_editor+attachment_metadata+label-and-pattern,,https://thekabilincenter.org/wp-content/uploads/2023/11/DSC00426-scaled.jpg,https://thekabilincenter.org/chairs-in-the-liturgy-3/,CHAIRS IN THE LITURGY,,true,https://thekabilincenter.org/wp-content/uploads/2023/11/DSC00423-1-768x1369.jpg,https://thekabilincenter.org/chairs-in-the-liturgy-3/,DSC00423-1-768x1369.jpg
sacred-furnishings,CHAIRS IN THE LITURGY,sacred-furnishings-chairs-in-the-liturgy-4,006-DSC00403-scaled.jpg,../tod-gallery-images/sacred-furnishings/006-DSC00403-scaled.jpg,"CHAIRS IN THE LITURGY

Height : 120cm

Boljoon Parish Museum

Nuestra Señora del Patrocinio de Maria Parish Church

Boljoon, Cebu

Accession no. BPM-RO-SV-016",,"Boljoon, Cebu",,Height : 120cm,Boljoon Parish Museum,Nuestra Señora del Patrocinio de Maria Parish Church,BPM-RO-SV-016,4,parent_anchor_img+child_elementor_text_editor+attachment_metadata+label-and-pattern,,https://thekabilincenter.org/wp-content/uploads/2023/11/DSC00403-1-scaled.jpg,https://thekabilincenter.org/chairs-in-the-liturgy-4/,CHAIRS IN THE LITURGY,,true,https://thekabilincenter.org/wp-content/uploads/2023/11/DSC00403-768x1369.jpg,https://thekabilincenter.org/chairs-in-the-liturgy-4/,DSC00403-768x1369.jpg
sacred-furnishings,CHAIRS IN THE LITURGY,sacred-furnishings-chairs-in-the-liturgy-5,007-DSC00388-scaled.jpg,../tod-gallery-images/sacred-furnishings/007-DSC00388-scaled.jpg,"CHAIRS IN THE LITURGY

Height : 111cm

Boljoon Parish Museum

Nuestra Señora del Patrocinio de Maria Parish Church

Boljoon, Cebu

Accession no. BPM-RO-SV-017",,"Boljoon, Cebu",,Height : 111cm,Boljoon Parish Museum,Nuestra Señora del Patrocinio de Maria Parish Church,BPM-RO-SV-017,5,parent_anchor_img+child_elementor_text_editor+attachment_metadata+label-and-pattern,,https://thekabilincenter.org/wp-content/uploads/2023/11/DSC00388-1-scaled.jpg,https://thekabilincenter.org/chairs-in-the-liturgy-5/,CHAIRS IN THE LITURGY,,true,https://thekabilincenter.org/wp-content/uploads/2023/11/DSC00388-768x1369.jpg,https://thekabilincenter.org/chairs-in-the-liturgy-5/,DSC00388-768x1369.jpg
sacred-furnishings,CONFESSIONAL BOX,sacred-furnishings-confessional-box,008-DSC01709.jpg,../tod-gallery-images/sacred-furnishings/008-DSC01709.jpg,"CONFESSIONAL BOX

Height : 208cm

Archival Holdings

Archdiocesan Shrine of Saint James the Apostle

Compostela, Cebu

Accession no. SDC-RO-SV- 008",,"Compostela, Cebu",,Height : 208cm,,Archdiocesan Shrine of Saint James the Apostle,SDC-RO-SV- 008,6,parent_anchor_img+child_elementor_text_editor+attachment_metadata+label-and-pattern,Unresolved description block(s): Archival Holdings,https://thekabilincenter.org/wp-content/uploads/2023/11/DSC01719-scaled.jpg,https://thekabilincenter.org/confessional-box/,CONFESSIONAL BOX,,true,https://thekabilincenter.org/wp-content/uploads/2023/11/DSC01709-768x1117.jpg,https://thekabilincenter.org/confessional-box/,DSC01709-768x1117.jpg
sacred-furnishings,CHAIRS IN THE LITURGY,sacred-furnishings-chairs-in-the-liturgy-6,009-DSC00543-scaled.jpg,../tod-gallery-images/sacred-furnishings/009-DSC00543-scaled.jpg,"CHAIRS IN THE LITURGY

Archdiocesan Museum of Cebu

Cebu City",,Cebu City,,,Archdiocesan Museum of Cebu,,,7,parent_anchor_img+child_elementor_text_editor+attachment_metadata+label-and-pattern,,https://thekabilincenter.org/wp-content/uploads/2023/11/DSC00543-1-scaled.jpg,https://thekabilincenter.org/chairs-in-the-liturgy-6/,CHAIRS IN THE LITURGY,,true,https://thekabilincenter.org/wp-content/uploads/2023/11/DSC00543-768x1369.jpg,https://thekabilincenter.org/chairs-in-the-liturgy-6/,DSC00543-768x1369.jpg
sacred-furnishings,LUDHANAN (KNEELER),sacred-furnishings-ludhanan-kneeler,010-DSC00118-3-scaled.jpg,../tod-gallery-images/sacred-furnishings/010-DSC00118-3-scaled.jpg,"LUDHANAN (KNEELER)

Height: 90cm

Our Lady of the Immaculate Conception Parish Church

Oslob , Cebu

Accession no. ICP-O-RO-SV-016",,"Oslob , Cebu",,Height: 90cm,,Our Lady of the Immaculate Conception Parish Church,ICP-O-RO-SV-016,8,parent_anchor_img+child_elementor_text_editor+attachment_metadata+label-and-pattern,,https://thekabilincenter.org/wp-content/uploads/2023/11/DSC00118-3-1-scaled.jpg,https://thekabilincenter.org/ludhanan-kneeler/,LUDHANAN (KNEELER),,true,https://thekabilincenter.org/wp-content/uploads/2023/11/DSC00118-3-768x1369.jpg,https://thekabilincenter.org/ludhanan-kneeler/,DSC00118-3-768x1369.jpg
sacred-furnishings,CHAIRS IN THE LITURGY,sacred-furnishings-chairs-in-the-liturgy-7,011-1-DSC00323-scaled.jpg,../tod-gallery-images/sacred-furnishings/011-1-DSC00323-scaled.jpg,"CHAIRS IN THE LITURGY

Height: 110cm

San Guillermo de Aquitania Parish Church

Dalaguete, Cebu

Accession no. DPM-RO-SV- 036",,"Dalaguete, Cebu",,Height: 110cm,,San Guillermo de Aquitania Parish Church,DPM-RO-SV- 036,9,parent_anchor_img+child_elementor_text_editor+attachment_metadata+label-and-pattern,,https://thekabilincenter.org/wp-content/uploads/2023/11/DSC00335-scaled.jpg,https://thekabilincenter.org/chairs-in-the-liturgy-7/,CHAIRS IN THE LITURGY,,true,https://thekabilincenter.org/wp-content/uploads/2023/11/1-DSC00323-768x1369.jpg,https://thekabilincenter.org/chairs-in-the-liturgy-7/,1-DSC00323-768x1369.jpg
sacred-furnishings,EPISCOPAL CHAIR,sacred-furnishings-episcopal-chair,012-DSC01193-scaled.jpg,../tod-gallery-images/sacred-furnishings/012-DSC01193-scaled.jpg,"EPISCOPAL CHAIR

Polychromed wood

Height: 98cm

Archdiocesan Shrine of San Miguel Arcangel

Argao , Cebu

Accession no. APM-RO-SV-078",,"Argao , Cebu",Polychromed wood,Height: 98cm,,Archdiocesan Shrine of San Miguel Arcangel,APM-RO-SV-078,10,parent_anchor_img+child_elementor_text_editor+attachment_metadata+label-and-pattern,,https://thekabilincenter.org/wp-content/uploads/2023/11/DSC01197-scaled.jpg,https://thekabilincenter.org/episcopal-chair/,EPISCOPAL CHAIR,,true,https://thekabilincenter.org/wp-content/uploads/2023/11/DSC01193-768x1369.jpg,https://thekabilincenter.org/episcopal-chair/,DSC01193-768x1369.jpg
sacred-furnishings,CHAIRS IN THE LITURGY,sacred-furnishings-chairs-in-the-liturgy-8,013-DSC03387.jpg,../tod-gallery-images/sacred-furnishings/013-DSC03387.jpg,"CHAIRS IN THE LITURGY

Height: 102cm

Saints Peter and Paul Parish Church

Santa Fe, Bantayan Island, Cebu

Accession no. BIPM-RO-SV-007",,"Santa Fe, Bantayan Island, Cebu",,Height: 102cm,,Saints Peter and Paul Parish Church,BIPM-RO-SV-007,11,parent_anchor_img+child_elementor_text_editor+attachment_metadata+label-and-pattern,,https://thekabilincenter.org/wp-content/uploads/2023/11/DSC03387-1.jpg,https://thekabilincenter.org/chairs-in-the-liturgy-8/,CHAIRS IN THE LITURGY,,true,https://thekabilincenter.org/wp-content/uploads/2023/11/DSC03387-768x970.jpg,https://thekabilincenter.org/chairs-in-the-liturgy-8/,DSC03387-768x970.jpg
sacred-furnishings,CHAIRS IN THE LITURGY,sacred-furnishings-chairs-in-the-liturgy-9,014-DSC03362-1-scaled.jpg,../tod-gallery-images/sacred-furnishings/014-DSC03362-1-scaled.jpg,"CHAIRS IN THE LITURGY

Height: 82.5cm

Saints Peter and Paul Parish Church

Santa Fe, Bantayan Island, Cebu

Accession no. BIPM-RO-SV-006",,"Santa Fe, Bantayan Island, Cebu",,Height: 82.5cm,,Saints Peter and Paul Parish Church,BIPM-RO-SV-006,12,parent_anchor_img+child_elementor_text_editor+attachment_metadata+label-and-pattern,,https://thekabilincenter.org/wp-content/uploads/2023/11/DSC03362-2-scaled.jpg,https://thekabilincenter.org/chairs-in-the-liturgy-9/,CHAIRS IN THE LITURGY,,true,https://thekabilincenter.org/wp-content/uploads/2023/11/DSC03362-1-768x1369.jpg,https://thekabilincenter.org/chairs-in-the-liturgy-9/,DSC03362-1-768x1369.jpg
sacred-furnishings,SILLA EPISCOPAL,sacred-furnishings-silla-episcopal,015-DSC03444-scaled.jpg,../tod-gallery-images/sacred-furnishings/015-DSC03444-scaled.jpg,"SILLA EPISCOPAL

Height: 114cm

Saints Peter and Paul Parish Church

Santa Fe, Bantayan Island, Cebu

Accession no. BIPM-RO-SV-009",,"Santa Fe, Bantayan Island, Cebu",,Height: 114cm,,Saints Peter and Paul Parish Church,BIPM-RO-SV-009,13,parent_anchor_img+child_elementor_text_editor+attachment_metadata+label-and-pattern,,https://thekabilincenter.org/wp-content/uploads/2023/11/DSC03444-1-scaled.jpg,https://thekabilincenter.org/silla-episcopal/,SILLA EPISCOPAL,,true,https://thekabilincenter.org/wp-content/uploads/2023/11/DSC03444-768x1369.jpg,https://thekabilincenter.org/silla-episcopal/,DSC03444-768x1369.jpg
sacred-furnishings,CHAIRS IN THE LITURGY,sacred-furnishings-chairs-in-the-liturgy-10,016-DSC00374-scaled.jpg,../tod-gallery-images/sacred-furnishings/016-DSC00374-scaled.jpg,"CHAIRS IN THE LITURGY

Height : 100cm

Boljoon Parish Museum

Nuestra Señora del Patrocinio de Maria Parish Church

Boljoon, Cebu

Accession no. BPM-RO-SV-018",,"Boljoon, Cebu",,Height : 100cm,Boljoon Parish Museum,Nuestra Señora del Patrocinio de Maria Parish Church,BPM-RO-SV-018,14,parent_anchor_img+child_elementor_text_editor+attachment_metadata+label-and-pattern,,https://thekabilincenter.org/wp-content/uploads/2023/11/DSC00374-1-scaled.jpg,https://thekabilincenter.org/chairs-in-the-liturgy-10/,CHAIRS IN THE LITURGY,,true,https://thekabilincenter.org/wp-content/uploads/2023/11/DSC00374-768x1369.jpg,https://thekabilincenter.org/chairs-in-the-liturgy-10/,DSC00374-768x1369.jpg
sacred-furnishings,ALTAR,sacred-furnishings-altar-2,082-DSC00586-scaled.jpg,../tod-gallery-images/sacred-furnishings/082-DSC00586-scaled.jpg,"ALTAR

Archdiocesan Museum of Cebu

Cebu City",,Cebu City,,,Archdiocesan Museum of Cebu,,,15,parent_anchor_img+child_elementor_text_editor+attachment_metadata+label-and-pattern,,https://thekabilincenter.org/wp-content/uploads/2023/11/DSC00586-1-scaled.jpg,https://thekabilincenter.org/altar-2/,ALTAR,,true,https://thekabilincenter.org/wp-content/uploads/2023/11/DSC00586-768x431.jpg,https://thekabilincenter.org/altar-2/,DSC00586-768x431.jpg
sacred-furnishings,ORNA,sacred-furnishings-orna,027-DSC00415-scaled.jpg,../tod-gallery-images/sacred-furnishings/027-DSC00415-scaled.jpg,"ORNA

Height: 110cm

San Nicolas de Tolentino Parish Church

Malabuyoc, Cebu

Accession no. SNDTP-M-RO-SV-009",,"Malabuyoc, Cebu",,Height: 110cm,,San Nicolas de Tolentino Parish Church,SNDTP-M-RO-SV-009,16,parent_anchor_img+child_elementor_text_editor+attachment_metadata+label-and-pattern,,https://thekabilincenter.org/wp-content/uploads/2023/11/DSC00451-3-scaled.jpg,https://thekabilincenter.org/orna/,ORNA,,true,https://thekabilincenter.org/wp-content/uploads/2023/11/DSC00415-768x1369.jpg,https://thekabilincenter.org/orna/,DSC00415-768x1369.jpg
sacred-furnishings,TABERNACLE,sacred-furnishings-tabernacle-2,028-DSC00605-scaled.jpg,../tod-gallery-images/sacred-furnishings/028-DSC00605-scaled.jpg,"TABERNACLE

Height: 50""

Archdiocesan Museum of Cebu

Cebu City

Accession no. AMC-RO-SV-060",,Cebu City,,"Height: 50""",Archdiocesan Museum of Cebu,,AMC-RO-SV-060,17,parent_anchor_img+child_elementor_text_editor+attachment_metadata+label-and-pattern,,https://thekabilincenter.org/wp-content/uploads/2023/11/DSC00605-1-scaled.jpg,https://thekabilincenter.org/tabernacle-2/,TABERNACLE,,true,https://thekabilincenter.org/wp-content/uploads/2023/11/DSC00605-768x1369.jpg,https://thekabilincenter.org/tabernacle-2/,DSC00605-768x1369.jpg
sacred-furnishings,AMBO,sacred-furnishings-ambo,029-DSC02653-scaled.jpg,../tod-gallery-images/sacred-furnishings/029-DSC02653-scaled.jpg,"AMBO

Height: 125cm

Saint Michael the Archangel Parish Church

Samboan, Cebu

Accession no. SJP-RO-SV-033",,"Samboan, Cebu",,Height: 125cm,,Saint Michael the Archangel Parish Church,SJP-RO-SV-033,18,parent_anchor_img+child_elementor_text_editor+attachment_metadata+label-and-pattern,,https://thekabilincenter.org/wp-content/uploads/2023/11/DSC02653-1-scaled.jpg,https://thekabilincenter.org/ambo/,AMBO,,true,https://thekabilincenter.org/wp-content/uploads/2023/11/DSC02653-768x1369.jpg,https://thekabilincenter.org/ambo/,DSC02653-768x1369.jpg
sacred-furnishings,URNA 1,sacred-furnishings-urna-1,030-DSC00093-3.jpg,../tod-gallery-images/sacred-furnishings/030-DSC00093-3.jpg,"URNA 1

Height: 108cm

Our Lady of the Immaculate Conception Parish Church

Oslob, Cebu

Accession no. ICP-RO-SV-012",,"Oslob, Cebu",,Height: 108cm,,Our Lady of the Immaculate Conception Parish Church,ICP-RO-SV-012,19,parent_anchor_img+child_elementor_text_editor+attachment_metadata+label-and-pattern,,https://thekabilincenter.org/wp-content/uploads/2023/11/DSC00093-3-1.jpg,https://thekabilincenter.org/urna-1/,URNA 1,,true,https://thekabilincenter.org/wp-content/uploads/2023/11/DSC00093-3-768x1152.jpg,https://thekabilincenter.org/urna-1/,DSC00093-3-768x1152.jpg
sacred-furnishings,METALLIC CANDLE HOLDER (DAGKOTANAN),sacred-furnishings-metallic-candle-holder-dagkotanan,083-DSC02527-2-scaled.jpg,../tod-gallery-images/sacred-furnishings/083-DSC02527-2-scaled.jpg,"METALLIC CANDLE HOLDER (DAGKOTANAN)

Height: 22cm

Saint Michael the Archangel Parish Church

Samboan, Cebu

Accession no. SJP-RO-SV-021",,"Samboan, Cebu",,Height: 22cm,,Saint Michael the Archangel Parish Church,SJP-RO-SV-021,20,parent_anchor_img+child_elementor_text_editor+attachment_metadata+label-and-pattern,,https://thekabilincenter.org/wp-content/uploads/2023/11/DSC02527-2-1-scaled.jpg,https://thekabilincenter.org/metallic-candle-holder-dagkotanan/,METALLIC CANDLE HOLDER (DAGKOTANAN),,true,https://thekabilincenter.org/wp-content/uploads/2023/11/DSC02527-2-768x415.jpg,https://thekabilincenter.org/metallic-candle-holder-dagkotanan/,DSC02527-2-768x415.jpg
sacred-furnishings,CREDUZA (MINI ALTAR),sacred-furnishings-creduza-mini-altar,036-DSC01142-scaled.jpg,../tod-gallery-images/sacred-furnishings/036-DSC01142-scaled.jpg,"CREDUZA (MINI ALTAR)

Wood

Height: 71cm

Archdiocesan Shrine of San Miguel Arcangel

Argao, Cebu

Accession no. APM-RO-SV-058",,"Argao, Cebu",Wood,Height: 71cm,,Archdiocesan Shrine of San Miguel Arcangel,APM-RO-SV-058,21,parent_anchor_img+child_elementor_text_editor+attachment_metadata+label-and-pattern,,https://thekabilincenter.org/wp-content/uploads/2023/11/DSC01142-1-scaled.jpg,https://thekabilincenter.org/creduza-mini-altar/,CREDUZA (MINI ALTAR),,true,https://thekabilincenter.org/wp-content/uploads/2023/11/DSC01142-768x1369.jpg,https://thekabilincenter.org/creduza-mini-altar/,DSC01142-768x1369.jpg
sacred-furnishings,TABERNACLE,sacred-furnishings-tabernacle-3,037-DSC00721-2-scaled.jpg,../tod-gallery-images/sacred-furnishings/037-DSC00721-2-scaled.jpg,"TABERNACLE

Height: 60cm

Santo Tomas de Villanueva Parish Church

Danao City, Cebu

Accession no. STVP-RO-SV-018",,"Danao City, Cebu",,Height: 60cm,,Santo Tomas de Villanueva Parish Church,STVP-RO-SV-018,22,parent_anchor_img+child_elementor_text_editor+attachment_metadata+label-and-pattern,,https://thekabilincenter.org/wp-content/uploads/2023/11/DSC00726-2-scaled.jpg,https://thekabilincenter.org/tabernacle-3/,TABERNACLE,,true,https://thekabilincenter.org/wp-content/uploads/2023/11/DSC00721-2-768x1369.jpg,https://thekabilincenter.org/tabernacle-3/,DSC00721-2-768x1369.jpg
sacred-furnishings,ALTAR,sacred-furnishings-altar-3,038-DSC00238-1-scaled.jpg,../tod-gallery-images/sacred-furnishings/038-DSC00238-1-scaled.jpg,"ALTAR

San Guillermo de Aquitania Parish Church

Dalaguete, Cebu

Accession no. DPM-RO-SV-018",,"Dalaguete, Cebu",,,,San Guillermo de Aquitania Parish Church,DPM-RO-SV-018,23,parent_anchor_img+child_elementor_text_editor+attachment_metadata+label-and-pattern,,https://thekabilincenter.org/wp-content/uploads/2023/11/DSC00238-2-scaled.jpg,https://thekabilincenter.org/altar-3/,ALTAR,,true,https://thekabilincenter.org/wp-content/uploads/2023/11/DSC00238-1-768x1225.jpg,https://thekabilincenter.org/altar-3/,DSC00238-1-768x1225.jpg
sacred-furnishings,RAMILLETE,sacred-furnishings-ramillete,039-1-DSC00256-scaled.jpg,../tod-gallery-images/sacred-furnishings/039-1-DSC00256-scaled.jpg,"RAMILLETE

Archdiocesan Museum of Cebu

Cebu City",,Cebu City,,,Archdiocesan Museum of Cebu,,,24,parent_anchor_img+child_elementor_text_editor+attachment_metadata+label-and-pattern,,https://thekabilincenter.org/wp-content/uploads/2023/11/1-DSC00256-1-scaled.jpg,https://thekabilincenter.org/ramillete/,RAMILLETE,,true,https://thekabilincenter.org/wp-content/uploads/2023/11/1-DSC00256-768x1369.jpg,https://thekabilincenter.org/ramillete/,1-DSC00256-768x1369.jpg
sacred-furnishings,RAMILLETE,sacred-furnishings-ramillete-2,045-DSC00302-scaled.jpg,../tod-gallery-images/sacred-furnishings/045-DSC00302-scaled.jpg,"RAMILLETE

Archdiocesan Museum of Cebu

Cebu City",,Cebu City,,,Archdiocesan Museum of Cebu,,,25,parent_anchor_img+child_elementor_text_editor+attachment_metadata+label-and-pattern,,https://thekabilincenter.org/wp-content/uploads/2023/11/DSC00302-1-scaled.jpg,https://thekabilincenter.org/ramillete-2/,RAMILLETE,,true,https://thekabilincenter.org/wp-content/uploads/2023/11/DSC00302-768x1369.jpg,https://thekabilincenter.org/ramillete-2/,DSC00302-768x1369.jpg
sacred-furnishings,DECORATIVE FURNISHING,sacred-furnishings-decorative-furnishing,046-DSC00668-scaled.jpg,../tod-gallery-images/sacred-furnishings/046-DSC00668-scaled.jpg,"DECORATIVE FURNISHING

Archdiocesan Museum of Cebu

Cebu City",,Cebu City,,,Archdiocesan Museum of Cebu,,,26,parent_anchor_img+child_elementor_text_editor+attachment_metadata+label-and-pattern,,https://thekabilincenter.org/wp-content/uploads/2023/11/DSC00665-scaled.jpg,https://thekabilincenter.org/decorative-furnishing/,DECORATIVE FURNISHING,,true,https://thekabilincenter.org/wp-content/uploads/2023/11/DSC00668-768x1369.jpg,https://thekabilincenter.org/decorative-furnishing/,DSC00668-768x1369.jpg
sacred-furnishings,ALTAR FRONTAL RELIEF CARVING,sacred-furnishings-altar-frontal-relief-carving,047-DSC00730-1-scaled.jpg,../tod-gallery-images/sacred-furnishings/047-DSC00730-1-scaled.jpg,"ALTAR FRONTAL RELIEF CARVING

Height: 40""

Archdiocesan Museum of Cebu

Cebu City

Accession no. AMC-RO-SV-067",,Cebu City,,"Height: 40""",Archdiocesan Museum of Cebu,,AMC-RO-SV-067,27,parent_anchor_img+child_elementor_text_editor+attachment_metadata+label-and-pattern,,https://thekabilincenter.org/wp-content/uploads/2023/11/DSC00730-2-scaled.jpg,https://thekabilincenter.org/altar-frontal-relief-carving/,ALTAR FRONTAL RELIEF CARVING,,true,https://thekabilincenter.org/wp-content/uploads/2023/11/DSC00730-1-768x431.jpg,https://thekabilincenter.org/altar-frontal-relief-carving/,DSC00730-1-768x431.jpg
sacred-furnishings,RAMILIETA,sacred-furnishings-ramilieta,048-DSC01953-scaled.jpg,../tod-gallery-images/sacred-furnishings/048-DSC01953-scaled.jpg,"RAMILIETA

Height: 63cm

St. Francis of Assisi Parish Church

Dumanjug , Cebu

Accession no. DUP-RO-SV-001",,"Dumanjug , Cebu",,Height: 63cm,,St. Francis of Assisi Parish Church,DUP-RO-SV-001,28,parent_anchor_img+child_elementor_text_editor+attachment_metadata+label-and-pattern,,https://thekabilincenter.org/wp-content/uploads/2023/11/DSC01949.jpg,https://thekabilincenter.org/ramilieta/,RAMILIETA,,true,https://thekabilincenter.org/wp-content/uploads/2023/11/DSC01953-768x1369.jpg,https://thekabilincenter.org/ramilieta/,DSC01953-768x1369.jpg
sacred-furnishings,WALL DECO PAIR,sacred-furnishings-wall-deco-pair,049-DSC02552-scaled.jpg,../tod-gallery-images/sacred-furnishings/049-DSC02552-scaled.jpg,"WALL DECO PAIR

Wood

Various dimensions

Saint Michael the Archangel Parish Church

Samboan, Cebu

Accession no. SMPS-RO-SV-023",,"Samboan, Cebu",Wood,Various dimensions,,Saint Michael the Archangel Parish Church,SMPS-RO-SV-023,29,parent_anchor_img+child_elementor_text_editor+attachment_metadata+label-and-pattern,,https://thekabilincenter.org/wp-content/uploads/2023/11/DSC02552-1-scaled.jpg,https://thekabilincenter.org/wall-deco-pair/,WALL DECO PAIR,,true,https://thekabilincenter.org/wp-content/uploads/2023/11/DSC02552-768x488.jpg,https://thekabilincenter.org/wall-deco-pair/,DSC02552-768x488.jpg
sacred-furnishings,DECO RELIEF ON WOOD,sacred-furnishings-deco-relief-on-wood,050-DSC02560-scaled.jpg,../tod-gallery-images/sacred-furnishings/050-DSC02560-scaled.jpg,"DECO RELIEF ON WOOD

Wood

Height: 92cm

Saint Michael the Archangel Parish Church

Samboan, Cebu

Accession no. SJP-RO-SV-020",,"Samboan, Cebu",Wood,Height: 92cm,,Saint Michael the Archangel Parish Church,SJP-RO-SV-020,30,parent_anchor_img+child_elementor_text_editor+attachment_metadata+label-and-pattern,,https://thekabilincenter.org/wp-content/uploads/2023/11/DSC02560-1-scaled.jpg,https://thekabilincenter.org/deco-relief-on-wood/,DECO RELIEF ON WOOD,,true,https://thekabilincenter.org/wp-content/uploads/2023/11/DSC02560-768x1247.jpg,https://thekabilincenter.org/deco-relief-on-wood/,DSC02560-768x1247.jpg
sacred-furnishings,DECORATIVE SET,sacred-furnishings-decorative-set,051-DSC02569-2-scaled.jpg,../tod-gallery-images/sacred-furnishings/051-DSC02569-2-scaled.jpg,"DECORATIVE SET

Wood

Various dimensions

Saint Michael the Archangel Parish Church

Samboan , Cebu

Accession no. SMPS-RO-SV-018",,"Samboan , Cebu",Wood,Various dimensions,,Saint Michael the Archangel Parish Church,SMPS-RO-SV-018,31,parent_anchor_img+child_elementor_text_editor+attachment_metadata+label-and-pattern,,https://thekabilincenter.org/wp-content/uploads/2023/11/DSC02578-2-scaled.jpg,https://thekabilincenter.org/decorative-set/,DECORATIVE SET,,true,https://thekabilincenter.org/wp-content/uploads/2023/11/DSC02569-2-768x1369.jpg,https://thekabilincenter.org/decorative-set/,DSC02569-2-768x1369.jpg
sacred-furnishings,DECORATIVE SET,sacred-furnishings-decorative-set-2,052-DSC02609-scaled.jpg,../tod-gallery-images/sacred-furnishings/052-DSC02609-scaled.jpg,"DECORATIVE SET

Wood

Height: 160cm

Saint Michael the Archangel Parish Church

Samboan, Cebu

Accession no. SJP-RO-SV-015",,"Samboan, Cebu",Wood,Height: 160cm,,Saint Michael the Archangel Parish Church,SJP-RO-SV-015,32,parent_anchor_img+child_elementor_text_editor+attachment_metadata+label-and-pattern,,https://thekabilincenter.org/wp-content/uploads/2023/11/DSC02650-2-scaled.jpg,https://thekabilincenter.org/decorative-set-2/,DECORATIVE SET,,true,https://thekabilincenter.org/wp-content/uploads/2023/11/DSC02609-768x1369.jpg,https://thekabilincenter.org/decorative-set-2/,DSC02609-768x1369.jpg
sacred-furnishings,POLE STAND,sacred-furnishings-pole-stand,053-1-DSC00063-3-scaled.jpg,../tod-gallery-images/sacred-furnishings/053-1-DSC00063-3-scaled.jpg,"POLE STAND

wood

Height: 43.5cm

Our Lady of the Immaculate Conception Parish Church

Oslob, Cebu

Accession no. ICP-RO-SV-011",,"Oslob, Cebu",wood,Height: 43.5cm,,Our Lady of the Immaculate Conception Parish Church,ICP-RO-SV-011,33,parent_anchor_img+child_elementor_text_editor+attachment_metadata+label-and-pattern,,https://thekabilincenter.org/wp-content/uploads/2023/11/1-DSC00063-3-1-scaled.jpg,https://thekabilincenter.org/pole-stand/,POLE STAND,,true,https://thekabilincenter.org/wp-content/uploads/2023/11/1-DSC00063-3-768x1369.jpg,https://thekabilincenter.org/pole-stand/,1-DSC00063-3-768x1369.jpg
sacred-furnishings,CARTOUCHE (SET),sacred-furnishings-cartouche-set,054-DSC00168-3-scaled.jpg,../tod-gallery-images/sacred-furnishings/054-DSC00168-3-scaled.jpg,"CARTOUCHE (SET)

Wood

Various dimensions

Our Lady of the Immaculate Conception Parish Church

Oslob, Cebu

Accession no. ICP-O-RO-SV-008",,"Oslob, Cebu",Wood,Various dimensions,,Our Lady of the Immaculate Conception Parish Church,ICP-O-RO-SV-008,34,parent_anchor_img+child_elementor_text_editor+attachment_metadata+label-and-pattern,,https://thekabilincenter.org/wp-content/uploads/2023/11/DSC00152-3-1-scaled.jpg,https://thekabilincenter.org/cartouche-set/,CARTOUCHE (SET),,true,https://thekabilincenter.org/wp-content/uploads/2023/11/DSC00168-3-768x1369.jpg,https://thekabilincenter.org/cartouche-set/,DSC00168-3-768x1369.jpg
sacred-furnishings,CROSS STAND,sacred-furnishings-cross-stand,055-DSC00515-scaled.jpg,../tod-gallery-images/sacred-furnishings/055-DSC00515-scaled.jpg,"CROSS STAND

Wood

Height: 45cm

Our Lady of the Immaculate Conception Parish Church

Oslob, Cebu

Accession no. ICP-RO-SV-029",,"Oslob, Cebu",Wood,Height: 45cm,,Our Lady of the Immaculate Conception Parish Church,ICP-RO-SV-029,35,parent_anchor_img+child_elementor_text_editor+attachment_metadata+label-and-pattern,,https://thekabilincenter.org/wp-content/uploads/2023/11/DSC00515-1-scaled.jpg,https://thekabilincenter.org/cross-stand/,CROSS STAND,,true,https://thekabilincenter.org/wp-content/uploads/2023/11/DSC00515-768x431.jpg,https://thekabilincenter.org/cross-stand/,DSC00515-768x431.jpg
sacred-furnishings,RAMILLETE,sacred-furnishings-ramillete-3,056-DSC00164-scaled.jpg,../tod-gallery-images/sacred-furnishings/056-DSC00164-scaled.jpg,"RAMILLETE

Wood

Height : 43cm

Boljoon Parish Museum

Nuestra Señora del Patrocinio de Maria Parish Church

Boljoon, Cebu

Accession no. BPM-RO-SV-012",,"Boljoon, Cebu",Wood,Height : 43cm,Boljoon Parish Museum,Nuestra Señora del Patrocinio de Maria Parish Church,BPM-RO-SV-012,36,parent_anchor_img+child_elementor_text_editor+attachment_metadata+label-and-pattern,,https://thekabilincenter.org/wp-content/uploads/2023/11/DSC00164-1-scaled.jpg,https://thekabilincenter.org/ramillete-3/,RAMILLETE,,true,https://thekabilincenter.org/wp-content/uploads/2023/11/DSC00164-768x1369.jpg,https://thekabilincenter.org/ramillete-3/,DSC00164-768x1369.jpg
sacred-furnishings,RAMILLETE,sacred-furnishings-ramillete-4,057-DSC00174-scaled.jpg,../tod-gallery-images/sacred-furnishings/057-DSC00174-scaled.jpg,"RAMILLETE

Wood

Height : 44.5cm

Boljoon Parish Museum

Nuestra Señora del Patrocinio de Maria Parish Church

Boljoon, Cebu

Accession no. BPM-RO-SV-013",,"Boljoon, Cebu",Wood,Height : 44.5cm,Boljoon Parish Museum,Nuestra Señora del Patrocinio de Maria Parish Church,BPM-RO-SV-013,37,parent_anchor_img+child_elementor_text_editor+attachment_metadata+label-and-pattern,,https://thekabilincenter.org/wp-content/uploads/2023/11/DSC00174-1-scaled.jpg,https://thekabilincenter.org/ramillete-4/,RAMILLETE,,true,https://thekabilincenter.org/wp-content/uploads/2023/11/DSC00174-768x1369.jpg,https://thekabilincenter.org/ramillete-4/,DSC00174-768x1369.jpg
sacred-furnishings,RAMILLETE,sacred-furnishings-ramillete-5,058-DSC00185-scaled.jpg,../tod-gallery-images/sacred-furnishings/058-DSC00185-scaled.jpg,"RAMILLETE

Wood

Height : 65.5cm

Nuestra Señora del Patrocinio de Maria Parish Church

Boljoon, Cebu

Accession no. BPM-RO-SV-014",,"Boljoon, Cebu",Wood,Height : 65.5cm,,Nuestra Señora del Patrocinio de Maria Parish Church,BPM-RO-SV-014,38,parent_anchor_img+child_elementor_text_editor+attachment_metadata+label-and-pattern,,https://thekabilincenter.org/wp-content/uploads/2023/11/DSC00185-1-scaled.jpg,https://thekabilincenter.org/ramillete-5/,RAMILLETE,,true,https://thekabilincenter.org/wp-content/uploads/2023/11/DSC00185-768x1369.jpg,https://thekabilincenter.org/ramillete-5/,DSC00185-768x1369.jpg
sacred-furnishings,RAMILLETE #2,sacred-furnishings-ramillete-6,059-DSC03274-scaled.jpg,../tod-gallery-images/sacred-furnishings/059-DSC03274-scaled.jpg,"RAMILLETE #2

Height: 40.5cm

Saints Peter and Paul Parish Church

Santa Fe, Bantayan Island, Cebu

Accession no. BIPM-RO-SV-004",,"Santa Fe, Bantayan Island, Cebu",,Height: 40.5cm,,Saints Peter and Paul Parish Church,BIPM-RO-SV-004,39,parent_anchor_img+child_elementor_text_editor+attachment_metadata+label-and-pattern,,https://thekabilincenter.org/wp-content/uploads/2023/11/DSC03274-1-scaled.jpg,https://thekabilincenter.org/ramillete-6/,RAMILLETE #2,,true,https://thekabilincenter.org/wp-content/uploads/2023/11/DSC03274-768x1369.jpg,https://thekabilincenter.org/ramillete-6/,DSC03274-768x1369.jpg
sacred-furnishings,DECORATIVE STAND,sacred-furnishings-decorative-stand,065-DSC00271.jpg,../tod-gallery-images/sacred-furnishings/065-DSC00271.jpg,"DECORATIVE STAND

Nuestra Señora del Patrocinio de Maria Parish Church

Boljoon, Cebu",,"Boljoon, Cebu",,,,Nuestra Señora del Patrocinio de Maria Parish Church,,40,parent_anchor_img+child_elementor_text_editor+attachment_metadata+label-and-pattern,,https://thekabilincenter.org/wp-content/uploads/2023/11/DSC00271-1.jpg,https://thekabilincenter.org/decorative-stand/,DECORATIVE STAND,,true,https://thekabilincenter.org/wp-content/uploads/2023/11/DSC00271-768x1098.jpg,https://thekabilincenter.org/decorative-stand/,DSC00271-768x1098.jpg
sacred-furnishings,CANDLE HOLDER,sacred-furnishings-pole-stand-2,066-DSC00282.jpg,../tod-gallery-images/sacred-furnishings/066-DSC00282.jpg,"CANDLE HOLDER

Nuestra Señora del Patrocinio de Maria Parish Church

Boljoon, Cebu",,"Boljoon, Cebu",,,,Nuestra Señora del Patrocinio de Maria Parish Church,,41,parent_anchor_img+child_elementor_text_editor+attachment_metadata+label-and-pattern,,https://thekabilincenter.org/wp-content/uploads/2023/11/DSC00282-1.jpg,https://thekabilincenter.org/pole-stand-2/,CANDLE HOLDER,,true,https://thekabilincenter.org/wp-content/uploads/2023/11/DSC00282-768x1155.jpg,https://thekabilincenter.org/pole-stand-2/,DSC00282-768x1155.jpg
sacred-furnishings,CANDLE HOLDER,sacred-furnishings-candle-holder-6,072-DSC00482-scaled.jpg,../tod-gallery-images/sacred-furnishings/072-DSC00482-scaled.jpg,"CANDLE HOLDER

Nuestra Señora del Patrocinio de Maria Parish Church

Boljoon, Cebu",,"Boljoon, Cebu",,,,Nuestra Señora del Patrocinio de Maria Parish Church,,42,parent_anchor_img+child_elementor_text_editor+attachment_metadata+label-and-pattern,,https://thekabilincenter.org/wp-content/uploads/2023/11/DSC00491-scaled.jpg,https://thekabilincenter.org/candle-holder-6/,CANDLE HOLDER,,true,https://thekabilincenter.org/wp-content/uploads/2023/11/DSC00482-768x1369.jpg,https://thekabilincenter.org/candle-holder-6/,DSC00482-768x1369.jpg
sacred-furnishings,LAST SUPPER (BRASS RELIEF),sacred-furnishings-last-supper-brass-relief,073-DSC00859-scaled.jpg,../tod-gallery-images/sacred-furnishings/073-DSC00859-scaled.jpg,"LAST SUPPER (BRASS RELIEF)

San Guillermo de Aquitania Parish Church

Dalaguete, Cebu",,"Dalaguete, Cebu",,,,San Guillermo de Aquitania Parish Church,,43,parent_anchor_img+child_elementor_text_editor+attachment_metadata+label-and-pattern,,https://thekabilincenter.org/wp-content/uploads/2023/11/DSC00859-1-scaled.jpg,https://thekabilincenter.org/last-supper-brass-relief/,LAST SUPPER (BRASS RELIEF),,true,https://thekabilincenter.org/wp-content/uploads/2023/11/DSC00859-768x393.jpg,https://thekabilincenter.org/last-supper-brass-relief/,DSC00859-768x393.jpg
sacred-furnishings,FRAMED SACRA (PAIRS),sacred-furnishings-framed-sacra-pairs,074-DSC00454-1-scaled.jpg,../tod-gallery-images/sacred-furnishings/074-DSC00454-1-scaled.jpg,"FRAMED SACRA (PAIRS)

Brass framed parchment paper

Height: 55cm

Archdiocesan Shrine of San Miguel Arcangel

Argao, Cebu

Accession no. APM-RO-SV-026",,"Argao, Cebu",Brass framed parchment paper,Height: 55cm,,Archdiocesan Shrine of San Miguel Arcangel,APM-RO-SV-026,44,parent_anchor_img+child_elementor_text_editor+attachment_metadata+label-and-pattern,,https://thekabilincenter.org/wp-content/uploads/2023/11/DSC00454-2-scaled.jpg,https://thekabilincenter.org/framed-sacra-pairs/,FRAMED SACRA (PAIRS),,true,https://thekabilincenter.org/wp-content/uploads/2023/11/DSC00454-1-768x1369.jpg,https://thekabilincenter.org/framed-sacra-pairs/,DSC00454-1-768x1369.jpg
sacred-furnishings,CANDELABRA,sacred-furnishings-candelabra,075-DSC00217-scaled.jpg,../tod-gallery-images/sacred-furnishings/075-DSC00217-scaled.jpg,"CANDELABRA

Polychromed wood

Height: 41cm

Archdiocesan Shrine of San Miguel Arcangel

Argao, Cebu

Accession no. APM-RO-SV-013",,"Argao, Cebu",Polychromed wood,Height: 41cm,,Archdiocesan Shrine of San Miguel Arcangel,APM-RO-SV-013,45,parent_anchor_img+child_elementor_text_editor+attachment_metadata+label-and-pattern,,https://thekabilincenter.org/wp-content/uploads/2023/11/DSC00205-scaled.jpg,https://thekabilincenter.org/candelabra/,CANDELABRA,,true,https://thekabilincenter.org/wp-content/uploads/2023/11/DSC00217-768x1369.jpg,https://thekabilincenter.org/candelabra/,DSC00217-768x1369.jpg
sacred-furnishings,LAGANG SCULPTURAL PIECE,sacred-furnishings-lagang-sculptural-piece,076-DSC00321-1-scaled.jpg,../tod-gallery-images/sacred-furnishings/076-DSC00321-1-scaled.jpg,"LAGANG SCULPTURAL PIECE

Shells, wood base, glass dome

Height : 34cm

Nuestra Señora del Patrocinio de Maria Parish Church

Boljoon, Cebu

Accession no. BPM-RO-SV-045",,"Boljoon, Cebu","Shells, wood base, glass dome",Height : 34cm,,Nuestra Señora del Patrocinio de Maria Parish Church,BPM-RO-SV-045,46,parent_anchor_img+child_elementor_text_editor+attachment_metadata+label-and-pattern,,https://thekabilincenter.org/wp-content/uploads/2023/11/DSC00321-2-scaled.jpg,https://thekabilincenter.org/lagang-sculptural-piece/,LAGANG SCULPTURAL PIECE,,true,https://thekabilincenter.org/wp-content/uploads/2023/11/DSC00321-1-768x1369.jpg,https://thekabilincenter.org/lagang-sculptural-piece/,DSC00321-1-768x1369.jpg
sacred-furnishings,LAGANG RAMILLETE,sacred-furnishings-lagang-ramillete,077-DSC00354-scaled.jpg,../tod-gallery-images/sacred-furnishings/077-DSC00354-scaled.jpg,"LAGANG RAMILLETE

Height : 108cm

Boljoon Parish Museum

Nuestra Señora del Patrocinio de Maria Parish Church

Boljoon, Cebu

Accession no. BPM-RO-SV-015",,"Boljoon, Cebu",,Height : 108cm,Boljoon Parish Museum,Nuestra Señora del Patrocinio de Maria Parish Church,BPM-RO-SV-015,47,parent_anchor_img+child_elementor_text_editor+attachment_metadata+label-and-pattern,,https://thekabilincenter.org/wp-content/uploads/2023/11/DSC00354-1-scaled.jpg,https://thekabilincenter.org/lagang-ramillete/,LAGANG RAMILLETE,,true,https://thekabilincenter.org/wp-content/uploads/2023/11/DSC00354-768x1369.jpg,https://thekabilincenter.org/lagang-ramillete/,DSC00354-768x1369.jpg
sacred-furnishings,LAGANG,sacred-furnishings-lagang,078-DSC00852-1-scaled.jpg,../tod-gallery-images/sacred-furnishings/078-DSC00852-1-scaled.jpg,"LAGANG

Height: 64cm

Archdiocesan Shrine of San Miguel Arcangel

Argao , Cebu

Accession no. APM-RO-SV-030",,"Argao , Cebu",,Height: 64cm,,Archdiocesan Shrine of San Miguel Arcangel,APM-RO-SV-030,48,parent_anchor_img+child_elementor_text_editor+attachment_metadata+label-and-pattern,,https://thekabilincenter.org/wp-content/uploads/2023/11/DSC00852-2-scaled.jpg,https://thekabilincenter.org/lagang/,LAGANG,,true,https://thekabilincenter.org/wp-content/uploads/2023/11/DSC00852-1-768x1369.jpg,https://thekabilincenter.org/lagang/,DSC00852-1-768x1369.jpg
sacred-furnishings,LAGANG ON A VASE,sacred-furnishings-lagang-on-a-vase,079-DSC00680-scaled.jpg,../tod-gallery-images/sacred-furnishings/079-DSC00680-scaled.jpg,"LAGANG ON A VASE

Shells attached to wooden sticks

Height: 62cm

Archdiocesan Shrine of San Miguel Arcangel

Argao , Cebu

Accession no. APM-RO-SV-031",,"Argao , Cebu",Shells attached to wooden sticks,Height: 62cm,,Archdiocesan Shrine of San Miguel Arcangel,APM-RO-SV-031,49,parent_anchor_img+child_elementor_text_editor+attachment_metadata+label-and-pattern,,https://thekabilincenter.org/wp-content/uploads/2023/11/DSC00680-1-scaled.jpg,https://thekabilincenter.org/lagang-on-a-vase/,LAGANG ON A VASE,,true,https://thekabilincenter.org/wp-content/uploads/2023/11/DSC00680-768x1369.jpg,https://thekabilincenter.org/lagang-on-a-vase/,DSC00680-768x1369.jpg
the-holy-family,SAGRADA FAMILIA,the-holy-family-sagrada-familia,002-1thumbnail-scaled.jpg,../tod-gallery-images/the-holy-family/002-1thumbnail-scaled.jpg,"SAGRADA FAMILIA

19th century

Badian, Cebu

De tallado, polychromed wood

Donated by Fausto Faeldan

Solicited by J. Macaraya

STC Folklife Museum

Saint Theresa’s College, Cebu City

Accession number: STC-167",19th century,"Badian, Cebu","De tallado, polychromed wood",,STC Folklife Museum,"Donated by Fausto Faeldan

Solicited by J. Macaraya

Saint Theresa’s College, Cebu City",STC-167,1,parent_anchor_img+child_elementor_text_editor+attachment_metadata+label-and-pattern,Multiple institution or owner values were preserved.,https://thekabilincenter.org/wp-content/uploads/2023/01/DSC03238-2-copy-scaled.jpg,https://thekabilincenter.org/sagrada-familia/,SAGRADA FAMILIA,,true,https://thekabilincenter.org/wp-content/uploads/2023/01/1thumbnail-768x1369.jpg,https://thekabilincenter.org/sagrada-familia/,1thumbnail-768x1369.jpg
the-holy-family,SAGRADA FAMILIA,the-holy-family-sagrada-familia-2,003-1thumbnail-1-scaled.jpg,../tod-gallery-images/the-holy-family/003-1thumbnail-1-scaled.jpg,"SAGRADA FAMILIA

19th century

Cordova, Cebu

De tallado, polychromed wood

Donated by Evangeline Pacaldo

STC Folklife Museum

Saint Theresa’s College, Cebu City

Accession number: STC-168",19th century,"Cordova, Cebu","De tallado, polychromed wood",,STC Folklife Museum,"Donated by Evangeline Pacaldo

Saint Theresa’s College, Cebu City",STC-168,2,parent_anchor_img+child_elementor_text_editor+attachment_metadata+label-and-pattern,Multiple institution or owner values were preserved.,https://thekabilincenter.org/wp-content/uploads/2023/01/1thumbnail-1-scaled.jpg,https://thekabilincenter.org/sagrada-familia-2,SAGRADA FAMILIA,,true,https://thekabilincenter.org/wp-content/uploads/2023/01/1thumbnail-1-768x471.jpg,https://thekabilincenter.org/sagrada-familia-2,1thumbnail-1-768x471.jpg
the-holy-family,BELEN SCENE,the-holy-family-belen-scene,004-1thumbnail-2-scaled.jpg,../tod-gallery-images/the-holy-family/004-1thumbnail-2-scaled.jpg,"BELEN SCENE

18th century

Cebu City

De vestir, polychromed wood, glass eyes

Donated by Sra. Celina de los Reyes

Solicited by Ms. Josefina de los Reyes

STC Folklife Museum

Saint Theresa’s College, Cebu City

Accession number: STC-904",18th century,Cebu City,"De vestir, polychromed wood, glass eyes",,STC Folklife Museum,"Donated by Sra. Celina de los Reyes

Solicited by Ms. Josefina de los Reyes

Saint Theresa’s College, Cebu City",STC-904,3,parent_anchor_img+child_elementor_text_editor+attachment_metadata+label-and-pattern,Multiple institution or owner values were preserved.,https://thekabilincenter.org/wp-content/uploads/2023/01/1thumbnail-2-scaled.jpg,https://thekabilincenter.org/belen-scene/,BELEN SCENE,,true,https://thekabilincenter.org/wp-content/uploads/2023/01/1thumbnail-2-768x1369.jpg,https://thekabilincenter.org/belen-scene/,1thumbnail-2-768x1369.jpg
the-holy-family,SAGRADA FAMILIA,the-holy-family-sagrada-familia-3,005-1thumbnail-3-scaled.jpg,../tod-gallery-images/the-holy-family/005-1thumbnail-3-scaled.jpg,"SAGRADA FAMILIA

19th century

Archdiocesan Shrine of San Miguel Arcangel

Argao, Cebu

De vestir, ivory heads and hands and glass eyes

Blessed Virgin Height: 60cm

Saint Joseph Height: 56cm

Accession number: APM-RO-SV-035 and APM-RO-SV-036",19th century,"Argao, Cebu","De vestir, ivory heads and hands and glass eyes","Blessed Virgin Height: 60cm

Saint Joseph Height: 56cm",,Archdiocesan Shrine of San Miguel Arcangel,APM-RO-SV-035 and APM-RO-SV-036,4,parent_anchor_img+child_elementor_text_editor+attachment_metadata+label-and-pattern,,https://thekabilincenter.org/wp-content/uploads/2023/01/DSC00540-scaled.jpg,https://thekabilincenter.org/sagrada-familia-3/,SAGRADA FAMILIA,,true,https://thekabilincenter.org/wp-content/uploads/2023/01/1thumbnail-3-768x1369.jpg,https://thekabilincenter.org/sagrada-familia-3/,1thumbnail-3-768x1369.jpg
the-holy-family,BELEN SCENE,the-holy-family-belen-scene-2,006-1thumbnail-4.jpg,../tod-gallery-images/the-holy-family/006-1thumbnail-4.jpg,"BELEN SCENE

19th century

Archdiocesan Shrine of San Miguel Arcangel

Argao, Cebu

De vestir, polychromed wood, glass

Saint Joseph Height : 57cm

Mary Height: 47cm

Accession number: APM-RO-SV-051",19th century,"Argao, Cebu","De vestir, polychromed wood, glass","Saint Joseph Height : 57cm

Mary Height: 47cm",,Archdiocesan Shrine of San Miguel Arcangel,APM-RO-SV-051,5,parent_anchor_img+child_elementor_text_editor+attachment_metadata+label-and-pattern,,https://thekabilincenter.org/wp-content/uploads/2023/01/1thumbnail-4.jpg,https://thekabilincenter.org/belen-scene-2/,BELEN SCENE,,true,https://thekabilincenter.org/wp-content/uploads/2023/01/1thumbnail-4-768x1156.jpg,https://thekabilincenter.org/belen-scene-2/,1thumbnail-4-768x1156.jpg
the-holy-family,SAN JOSE DE MANDAUE,the-holy-family-san-jose-de-mandaue,007-1thumbnail-5-scaled.jpg,../tod-gallery-images/the-holy-family/007-1thumbnail-5-scaled.jpg,"SAN JOSE DE MANDAUE

National Shrine and Parish of Saint Joseph

Mandaue City

De tallado, polychromed wood

Height:

Festejada image enshrined in the high altar of the sanctuary

Accession number: SJP-RO-SV-",,Mandaue City,"De tallado, polychromed wood",Height:,,National Shrine and Parish of Saint Joseph,SJP-RO-SV-,6,parent_anchor_img+child_elementor_text_editor+attachment_metadata+label-and-pattern,Unresolved description block(s): Festejada image enshrined in the high altar of the sanctuary,https://thekabilincenter.org/wp-content/uploads/2023/01/1thumbnail-5-scaled.jpg,https://thekabilincenter.org/san-jose-de-mandaue/,SAN JOSE DE MANDAUE,,true,https://thekabilincenter.org/wp-content/uploads/2023/01/1thumbnail-5-768x1314.jpg,https://thekabilincenter.org/san-jose-de-mandaue/,1thumbnail-5-768x1314.jpg
the-holy-family,SAN JOSE,the-holy-family-san-jose,008-1thumbnail-6-scaled.jpg,../tod-gallery-images/the-holy-family/008-1thumbnail-6-scaled.jpg,"SAN JOSE

National Shrine and Parish of Saint Joseph

Mandaue City

De tallado, polychromed pasta de madera

Height:

The processional image of the parish patron kept in the house of Luis Cabrera

Accession number: SJP-RO-SV-",,Mandaue City,"De tallado, polychromed pasta de madera",Height:,,"National Shrine and Parish of Saint Joseph

The processional image of the parish patron kept in the house of Luis Cabrera",SJP-RO-SV-,7,parent_anchor_img+child_elementor_text_editor+attachment_metadata+label-and-pattern,Multiple institution or owner values were preserved.,https://thekabilincenter.org/wp-content/uploads/2023/01/DSC00757-scaled.jpg,https://thekabilincenter.org/san-jose/,SAN JOSE,,true,https://thekabilincenter.org/wp-content/uploads/2023/01/1thumbnail-6-768x1369.jpg,https://thekabilincenter.org/san-jose/,1thumbnail-6-768x1369.jpg
the-holy-family,SAN JOSE,the-holy-family-san-jose-2,009-1thumbnail-7-scaled.jpg,../tod-gallery-images/the-holy-family/009-1thumbnail-7-scaled.jpg,"SAN JOSE

De tallado, ivory figures on a wooden peana

Height with the base: 40.64cm

Archdiocesan Museum of Cebu

Cebu City

Accession number: AMC-RO-S-013",,Cebu City,"De tallado, ivory figures on a wooden peana",Height with the base: 40.64cm,Archdiocesan Museum of Cebu,,AMC-RO-S-013,8,parent_anchor_img+child_elementor_text_editor+attachment_metadata+label-and-pattern,,https://thekabilincenter.org/wp-content/uploads/2023/01/DSC00805-scaled.jpg,https://thekabilincenter.org/san-jose-2/,SAN JOSE,,true,https://thekabilincenter.org/wp-content/uploads/2023/01/1thumbnail-7-768x1369.jpg,https://thekabilincenter.org/san-jose-2/,1thumbnail-7-768x1369.jpg
the-holy-family,SAN JOSE,the-holy-family-san-jose-3,010-1thumbnail-9-scaled.jpg,../tod-gallery-images/the-holy-family/010-1thumbnail-9-scaled.jpg,"SAN JOSE

19th century

San Guillermo Parish Church

Catmon, Cebu

De tallado, polychromed wood

Height: 164cm

The image of the San Jose is original while the child is a recent replacement after the later was stolen from the parish.

Accession number: SGP-RO-SV-006",19th century,"Catmon, Cebu","De tallado, polychromed wood",Height: 164cm,,"San Guillermo Parish Church

The image of the San Jose is original while the child is a recent replacement after the later was stolen from the parish.",SGP-RO-SV-006,9,parent_anchor_img+child_elementor_text_editor+attachment_metadata+label-and-pattern,Multiple institution or owner values were preserved.,https://thekabilincenter.org/wp-content/uploads/2023/01/DSC00007-scaled.jpg,https://thekabilincenter.org/san-jose-3/,SAN JOSE,,true,https://thekabilincenter.org/wp-content/uploads/2023/01/1thumbnail-9-768x1369.jpg,https://thekabilincenter.org/san-jose-3/,1thumbnail-9-768x1369.jpg
the-holy-family,SAN JOSE,the-holy-family-san-jose-4,011-1thumbnail-10-scaled.jpg,../tod-gallery-images/the-holy-family/011-1thumbnail-10-scaled.jpg,"SAN JOSE

20th century

Santo Tomas de Villanueva Parish

Danao, Cebu

De vestir, polychromed wood, glass eyes

Height: 143cm

Accession number: STVP-RO-SV-023",20th century,"Danao, Cebu","De vestir, polychromed wood, glass eyes",Height: 143cm,,Santo Tomas de Villanueva Parish,STVP-RO-SV-023,10,parent_anchor_img+child_elementor_text_editor+attachment_metadata+label-and-pattern,,https://thekabilincenter.org/wp-content/uploads/2023/01/DSC00959-2-scaled.jpg,https://thekabilincenter.org/san-jose-4/,SAN JOSE,,true,https://thekabilincenter.org/wp-content/uploads/2023/01/1thumbnail-10-768x1369.jpg,https://thekabilincenter.org/san-jose-4/,1thumbnail-10-768x1369.jpg
the-holy-family,SAN JOSE,the-holy-family-san-jose-5,012-1thumbnail-11-scaled.jpg,../tod-gallery-images/the-holy-family/012-1thumbnail-11-scaled.jpg,"SAN JOSE

20th century

San Fernando Rey Parish Church

Liloan, Cebu

De vestir, polychromed wood, glass eyes

Height: 122cm

Accession number: SFR-RO-SV-005",20th century,"Liloan, Cebu","De vestir, polychromed wood, glass eyes",Height: 122cm,,San Fernando Rey Parish Church,SFR-RO-SV-005,11,parent_anchor_img+child_elementor_text_editor+attachment_metadata+label-and-pattern,,https://thekabilincenter.org/wp-content/uploads/2023/01/DSC02207-scaled.jpg,https://thekabilincenter.org/san-jose-5/,SAN JOSE,,true,https://thekabilincenter.org/wp-content/uploads/2023/01/1thumbnail-11-768x1369.jpg,https://thekabilincenter.org/san-jose-5/,1thumbnail-11-768x1369.jpg
the-holy-family,SAN JOSE,the-holy-family-san-jose-6,013-1thumbnail-12-scaled.jpg,../tod-gallery-images/the-holy-family/013-1thumbnail-12-scaled.jpg,"SAN JOSE

20th century

San Nicolas de Tolentino Parish Church

Malabuyoc, Cebu

De vestir, polychromed wood, glass eyes

Height: 170cm

Accession number: SNDTP-M-RO-SV-0019",20th century,"Malabuyoc, Cebu","De vestir, polychromed wood, glass eyes",Height: 170cm,,San Nicolas de Tolentino Parish Church,SNDTP-M-RO-SV-0019,12,parent_anchor_img+child_elementor_text_editor+attachment_metadata+label-and-pattern,,https://thekabilincenter.org/wp-content/uploads/2023/01/DSC00843-3-scaled.jpg,https://thekabilincenter.org/san-jose-6/,SAN JOSE,,true,https://thekabilincenter.org/wp-content/uploads/2023/01/1thumbnail-12-768x1369.jpg,https://thekabilincenter.org/san-jose-6/,1thumbnail-12-768x1369.jpg
the-holy-family,SAN JOSE,the-holy-family-san-jose-7,014-1thumbnail-13-scaled.jpg,../tod-gallery-images/the-holy-family/014-1thumbnail-13-scaled.jpg,"SAN JOSE

18th century

Nuestra Señora del Patrocinio de Maria Parish Church

Boljoon, Cebu

De vestir, polychromed wood, glass eyes

Height without the base: 100cm

Accession number: BPM-RO-SV-030",18th century,"Boljoon, Cebu","De vestir, polychromed wood, glass eyes",Height without the base: 100cm,,Nuestra Señora del Patrocinio de Maria Parish Church,BPM-RO-SV-030,13,parent_anchor_img+child_elementor_text_editor+attachment_metadata+label-and-pattern,,https://thekabilincenter.org/wp-content/uploads/2023/01/DSC00631-scaled.jpg,https://thekabilincenter.org/san-jose-7/,SAN JOSE,,true,https://thekabilincenter.org/wp-content/uploads/2023/01/1thumbnail-13-768x1369.jpg,https://thekabilincenter.org/san-jose-7/,1thumbnail-13-768x1369.jpg
the-holy-family,SAN JOSE,the-holy-family-san-jose-8,015-1thumbnail-14-scaled.jpg,../tod-gallery-images/the-holy-family/015-1thumbnail-14-scaled.jpg,"SAN JOSE

19th century

Archdiocesan Shrine of San Miguel Arcangel

Argao, Cebu

De tallado of polychromed and gilded wood, ivory hands and glass eyes

Height: 106cm

Accession number: APM-RO-SV-033",19th century,"Argao, Cebu","De tallado of polychromed and gilded wood, ivory hands and glass eyes",Height: 106cm,,Archdiocesan Shrine of San Miguel Arcangel,APM-RO-SV-033,14,parent_anchor_img+child_elementor_text_editor+attachment_metadata+label-and-pattern,,https://thekabilincenter.org/wp-content/uploads/2023/01/DSC00498-scaled.jpg,https://thekabilincenter.org/san-jose-8/,SAN JOSE,,true,https://thekabilincenter.org/wp-content/uploads/2023/01/1thumbnail-14-768x1369.jpg,https://thekabilincenter.org/san-jose-8/,1thumbnail-14-768x1369.jpg
the-holy-family,SAN JOSE,the-holy-family-san-jose-9,016-1thumbnail-15-scaled.jpg,../tod-gallery-images/the-holy-family/016-1thumbnail-15-scaled.jpg,"SAN JOSE

18th century

Archdiocesan Shrine of San Miguel Arcangel

Argao, Cebu

De Bulto of polychromed and gilded wood

Height: 109cm

Accession number: APM-RO-SV-055",18th century,"Argao, Cebu",De Bulto of polychromed and gilded wood,Height: 109cm,,Archdiocesan Shrine of San Miguel Arcangel,APM-RO-SV-055,15,parent_anchor_img+child_elementor_text_editor+attachment_metadata+label-and-pattern,,https://thekabilincenter.org/wp-content/uploads/2023/01/DSC00910-scaled.jpg,https://thekabilincenter.org/san-jose-9/,SAN JOSE,,true,https://thekabilincenter.org/wp-content/uploads/2023/01/1thumbnail-15-768x1369.jpg,https://thekabilincenter.org/san-jose-9/,1thumbnail-15-768x1369.jpg
the-holy-family,SAN JOSE,the-holy-family-san-jose-10,017-1thumbnail-16-scaled.jpg,../tod-gallery-images/the-holy-family/017-1thumbnail-16-scaled.jpg,"SAN JOSE

18th century

Archdiocesan Shrine of San Miguel Arcangel

Argao, Cebu

De tallado, polychromed wood

Height: 120cm

Accession number: APM-RO-SV-037",18th century,"Argao, Cebu","De tallado, polychromed wood",Height: 120cm,,Archdiocesan Shrine of San Miguel Arcangel,APM-RO-SV-037,16,parent_anchor_img+child_elementor_text_editor+attachment_metadata+label-and-pattern,,https://thekabilincenter.org/wp-content/uploads/2023/01/DSC00453-2-scaled.jpg,https://thekabilincenter.org/san-jose-10/,SAN JOSE,,true,https://thekabilincenter.org/wp-content/uploads/2023/01/1thumbnail-16-768x1369.jpg,https://thekabilincenter.org/san-jose-10/,1thumbnail-16-768x1369.jpg
the-holy-family,SAN JOSE,the-holy-family-san-jose-11,018-1thumbnail-17-scaled.jpg,../tod-gallery-images/the-holy-family/018-1thumbnail-17-scaled.jpg,"SAN JOSE

Archdiocesan Shrine of Santa Ana

Barili, Cebu

Polychromed wood, glass eyes

Height: 120cm

Accession number: BAPM-RO-SV-036",,"Barili, Cebu","Polychromed wood, glass eyes",Height: 120cm,,Archdiocesan Shrine of Santa Ana,BAPM-RO-SV-036,17,parent_anchor_img+child_elementor_text_editor+attachment_metadata+label-and-pattern,,https://thekabilincenter.org/wp-content/uploads/2023/01/DSC00479-scaled.jpg,https://thekabilincenter.org/san-jose-11/,SAN JOSE,,true,https://thekabilincenter.org/wp-content/uploads/2023/01/1thumbnail-17-768x1369.jpg,https://thekabilincenter.org/san-jose-11/,1thumbnail-17-768x1369.jpg
the-holy-family,DEATH OF SAINT JOSEPH,the-holy-family-death-of-saint-joseph,024-DSC01593-scaled.jpg,../tod-gallery-images/the-holy-family/024-DSC01593-scaled.jpg,"DEATH OF SAINT JOSEPH

20th century

Santo Tomas de Villanueva Parish Church

Danao, Cebu

De vestir, polychromed wood, glass eyes

St. Joseph Height: 96cm

Jesus Height: 91cm

Angel Height: 28.5cm

Virgin Mary Height: 57cm

Accession number: STVP-RO-SV-037",20th century,"Danao, Cebu","De vestir, polychromed wood, glass eyes","St. Joseph Height: 96cm

Jesus Height: 91cm

Angel Height: 28.5cm

Virgin Mary Height: 57cm",,Santo Tomas de Villanueva Parish Church,STVP-RO-SV-037,18,parent_anchor_img+child_elementor_text_editor+attachment_metadata+label-and-pattern,,https://thekabilincenter.org/wp-content/uploads/2023/01/DSC01593-scaled.jpg,https://thekabilincenter.org/death-of-saint-joseph/,DEATH OF SAINT JOSEPH,,true,https://thekabilincenter.org/wp-content/uploads/2023/01/DSC01593-768x1265.jpg,https://thekabilincenter.org/death-of-saint-joseph/,DSC01593-768x1265.jpg
the-holy-family,DEATH OF SAINT JOSEPH,the-holy-family-death-of-saint-joseph-2,025-DSC01219-scaled.jpg,../tod-gallery-images/the-holy-family/025-DSC01219-scaled.jpg,"DEATH OF SAINT JOSEPH

20th century

De vestir, polychromed wood, glass eyes

Height:

Archdiocesan Shrine of Our Lady of Guadalupe de Cebu

Cebu City

Accession number: GP-RO-SV-",20th century,Cebu City,"De vestir, polychromed wood, glass eyes",Height:,,Archdiocesan Shrine of Our Lady of Guadalupe de Cebu,GP-RO-SV-,19,parent_anchor_img+child_elementor_text_editor+attachment_metadata+label-and-pattern,,https://thekabilincenter.org/wp-content/uploads/2023/01/DSC01223-scaled.jpg,https://thekabilincenter.org/death-of-saint-joseph-2/,DEATH OF SAINT JOSEPH,,true,https://thekabilincenter.org/wp-content/uploads/2023/01/DSC01219-768x404.jpg,https://thekabilincenter.org/death-of-saint-joseph-2/,DSC01219-768x404.jpg
vestments-and-linens,VESTMENTS AND LINEN,vestments-and-linens-vestments-and-linen,007-DSC00110-scaled.jpg,../tod-gallery-images/vestments-and-linens/007-DSC00110-scaled.jpg,"VESTMENTS AND LINEN

Archdiocesan Museum of Cebu

Cebu City",,Cebu City,,,Archdiocesan Museum of Cebu,,,1,parent_anchor_img+child_elementor_text_editor+attachment_metadata+label-and-pattern,,https://thekabilincenter.org/wp-content/uploads/2023/11/DSC00110-1-scaled.jpg,https://thekabilincenter.org/vestments-and-linen/,VESTMENTS AND LINEN,,true,https://thekabilincenter.org/wp-content/uploads/2023/11/DSC00110-768x1369.jpg,https://thekabilincenter.org/vestments-and-linen/,DSC00110-768x1369.jpg
vestments-and-linens,VESTMENTS AND LINEN,vestments-and-linens-vestments-and-linen-2,008-DSC00440-scaled.jpg,../tod-gallery-images/vestments-and-linens/008-DSC00440-scaled.jpg,"VESTMENTS AND LINEN

Nuestra Señora del Patrocinio de Maria Parish Church

Boljoon , Cebu

Accession no. BPM-",,"Boljoon , Cebu",,,,Nuestra Señora del Patrocinio de Maria Parish Church,BPM-,2,parent_anchor_img+child_elementor_text_editor+attachment_metadata+label-and-pattern,,https://thekabilincenter.org/wp-content/uploads/2023/11/DSC00440-1-scaled.jpg,https://thekabilincenter.org/vestments-and-linen-2/,VESTMENTS AND LINEN,,true,https://thekabilincenter.org/wp-content/uploads/2023/11/DSC00440-768x1369.jpg,https://thekabilincenter.org/vestments-and-linen-2/,DSC00440-768x1369.jpg
vestments-and-linens,VESTMENTS AND LINEN,vestments-and-linens-vestments-and-linen-3,009-DSC00450-scaled.jpg,../tod-gallery-images/vestments-and-linens/009-DSC00450-scaled.jpg,"VESTMENTS AND LINEN

Nuestra Señora del Patrocinio de Maria Parish Church

Boljoon , Cebu

Accession no. BPM-",,"Boljoon , Cebu",,,,Nuestra Señora del Patrocinio de Maria Parish Church,BPM-,3,parent_anchor_img+child_elementor_text_editor+attachment_metadata+label-and-pattern,,https://thekabilincenter.org/wp-content/uploads/2023/11/DSC00450-1-scaled.jpg,https://thekabilincenter.org/vestments-and-linen-3/,VESTMENTS AND LINEN,,true,https://thekabilincenter.org/wp-content/uploads/2023/11/DSC00450-768x1369.jpg,https://thekabilincenter.org/vestments-and-linen-3/,DSC00450-768x1369.jpg
vestments-and-linens,VESTMENTS AND LINEN,vestments-and-linens-vestments-and-linen-4,010-DSC01185.jpg,../tod-gallery-images/vestments-and-linens/010-DSC01185.jpg,"VESTMENTS AND LINEN

Nuestra Señora del Patrocinio de Maria Parish Church

Boljoon , Cebu

Accession no. BPM-",,"Boljoon , Cebu",,,,Nuestra Señora del Patrocinio de Maria Parish Church,BPM-,4,parent_anchor_img+child_elementor_text_editor+attachment_metadata+label-and-pattern,,https://thekabilincenter.org/wp-content/uploads/2023/11/DSC01185-1.jpg,https://thekabilincenter.org/vestments-and-linen-4/,VESTMENTS AND LINEN,,true,https://thekabilincenter.org/wp-content/uploads/2023/11/DSC01185-768x781.jpg,https://thekabilincenter.org/vestments-and-linen-4/,DSC01185-768x781.jpg
vestments-and-linens,CHASUBLE,vestments-and-linens-chasuble,011-DSC01197-1.jpg,../tod-gallery-images/vestments-and-linens/011-DSC01197-1.jpg,"CHASUBLE

Nuestra Señora del Patrocinio de Maria Parish Church

Boljoon , Cebu

Accession no. BPM-",,"Boljoon , Cebu",,,,Nuestra Señora del Patrocinio de Maria Parish Church,BPM-,5,parent_anchor_img+child_elementor_text_editor+attachment_metadata+label-and-pattern,,https://thekabilincenter.org/wp-content/uploads/2023/11/DSC01197-2.jpg,https://thekabilincenter.org/chasuble/,CHASUBLE,,true,https://thekabilincenter.org/wp-content/uploads/2023/11/DSC01197-1-768x892.jpg,https://thekabilincenter.org/chasuble/,DSC01197-1-768x892.jpg
vestments-and-linens,CHASUBLE,vestments-and-linens-chasuble-2,012-DSC01212-1.jpg,../tod-gallery-images/vestments-and-linens/012-DSC01212-1.jpg,"CHASUBLE

Nuestra Señora del Patrocinio de Maria Parish Church

Boljoon , Cebu

Accession no. BPM-",,"Boljoon , Cebu",,,,Nuestra Señora del Patrocinio de Maria Parish Church,BPM-,6,parent_anchor_img+child_elementor_text_editor+attachment_metadata+label-and-pattern,,https://thekabilincenter.org/wp-content/uploads/2023/11/DSC01212-2.jpg,https://thekabilincenter.org/chasuble-2/,CHASUBLE,,true,https://thekabilincenter.org/wp-content/uploads/2023/11/DSC01212-1-768x996.jpg,https://thekabilincenter.org/chasuble-2/,DSC01212-1-768x996.jpg
vestments-and-linens,CHASUBLE WITH STOLE,vestments-and-linens-chasuble-with-stole,013-DSC01640.jpg,../tod-gallery-images/vestments-and-linens/013-DSC01640.jpg,"CHASUBLE WITH STOLE

Archdiocesan Shrine of San Miguel Arcangel

Argao, Cebu

Accession no. APM-RO-SV-095",,"Argao, Cebu",,,,Archdiocesan Shrine of San Miguel Arcangel,APM-RO-SV-095,7,parent_anchor_img+child_elementor_text_editor+attachment_metadata+label-and-pattern,,https://thekabilincenter.org/wp-content/uploads/2023/11/DSC01640-1.jpg,https://thekabilincenter.org/chasuble-with-stole/,CHASUBLE WITH STOLE,,true,https://thekabilincenter.org/wp-content/uploads/2023/11/DSC01640-768x1076.jpg,https://thekabilincenter.org/chasuble-with-stole/,DSC01640-768x1076.jpg
vestments-and-linens,CHASUBLE WITH STOLE,vestments-and-linens-chasuble-with-stole-2,014-DSC01635.jpg,../tod-gallery-images/vestments-and-linens/014-DSC01635.jpg,"CHASUBLE WITH STOLE

Archdiocesan Shrine of San Miguel Arcangel

Argao, Cebu

Accession no. APM-RO-SV-097",,"Argao, Cebu",,,,Archdiocesan Shrine of San Miguel Arcangel,APM-RO-SV-097,8,parent_anchor_img+child_elementor_text_editor+attachment_metadata+label-and-pattern,,https://thekabilincenter.org/wp-content/uploads/2023/11/DSC01635-1.jpg,https://thekabilincenter.org/chasuble-with-stole-2/,CHASUBLE WITH STOLE,,true,https://thekabilincenter.org/wp-content/uploads/2023/11/DSC01635-768x1045.jpg,https://thekabilincenter.org/chasuble-with-stole-2/,DSC01635-768x1045.jpg
vestments-and-linens,CHASUBLE WITH STOLE,vestments-and-linens-chasuble-with-stole-3,015-DSC01659.jpg,../tod-gallery-images/vestments-and-linens/015-DSC01659.jpg,"CHASUBLE WITH STOLE

Archdiocesan Shrine of San Miguel Arcangel

Argao, Cebu

Accession no. APM-RO-SV-098",,"Argao, Cebu",,,,Archdiocesan Shrine of San Miguel Arcangel,APM-RO-SV-098,9,parent_anchor_img+child_elementor_text_editor+attachment_metadata+label-and-pattern,,https://thekabilincenter.org/wp-content/uploads/2023/11/DSC01659-1.jpg,https://thekabilincenter.org/chasuble-with-stole-3/,CHASUBLE WITH STOLE,,true,https://thekabilincenter.org/wp-content/uploads/2023/11/DSC01659-768x1203.jpg,https://thekabilincenter.org/chasuble-with-stole-3/,DSC01659-768x1203.jpg
vestments-and-linens,CHASUBLE WITH STOLE,vestments-and-linens-chasuble-with-stole-4,016-DSC01649.jpg,../tod-gallery-images/vestments-and-linens/016-DSC01649.jpg,"CHASUBLE WITH STOLE

Archdiocesan Shrine of San Miguel Arcangel

Argao, Cebu

Accession no. APM-RO-SV-099",,"Argao, Cebu",,,,Archdiocesan Shrine of San Miguel Arcangel,APM-RO-SV-099,10,parent_anchor_img+child_elementor_text_editor+attachment_metadata+label-and-pattern,,https://thekabilincenter.org/wp-content/uploads/2023/11/DSC01644-1.jpg,https://thekabilincenter.org/chasuble-with-stole-4/,CHASUBLE WITH STOLE,,true,https://thekabilincenter.org/wp-content/uploads/2023/11/DSC01649-768x1187.jpg,https://thekabilincenter.org/chasuble-with-stole-4/,DSC01649-768x1187.jpg
vestments-and-linens,CHALICE VEILS AND BURSARS,vestments-and-linens-chalice-veils-and-bursars,017-DSC01674.jpg,../tod-gallery-images/vestments-and-linens/017-DSC01674.jpg,"CHALICE VEILS AND BURSARS

Various dimensions

Archdiocesan Shrine of San Miguel Arcangel

Argao, Cebu

Accession no. APM-RO-SV-100",,"Argao, Cebu",,Various dimensions,,Archdiocesan Shrine of San Miguel Arcangel,APM-RO-SV-100,11,parent_anchor_img+child_elementor_text_editor+attachment_metadata+label-and-pattern,,https://thekabilincenter.org/wp-content/uploads/2023/11/DSC01674-1.jpg,https://thekabilincenter.org/chalice-veils-and-bursars/,CHALICE VEILS AND BURSARS,,true,https://thekabilincenter.org/wp-content/uploads/2023/11/DSC01674-768x489.jpg,https://thekabilincenter.org/chalice-veils-and-bursars/,DSC01674-768x489.jpg
vestments-and-linens,CAPE,vestments-and-linens-cape,018-DSC00986-2-scaled.jpg,../tod-gallery-images/vestments-and-linens/018-DSC00986-2-scaled.jpg,"CAPE

Height: 126cm

Saints Peter and Paul Parish Church

Santa Fe, Bantayan Island, Cebu

Accession no. BIPM-RO-SV-023",,"Santa Fe, Bantayan Island, Cebu",,Height: 126cm,,Saints Peter and Paul Parish Church,BIPM-RO-SV-023,12,parent_anchor_img+child_elementor_text_editor+attachment_metadata+label-and-pattern,,https://thekabilincenter.org/wp-content/uploads/2023/11/DSC00986-2-1-scaled.jpg,https://thekabilincenter.org/cape/,CAPE,,true,https://thekabilincenter.org/wp-content/uploads/2023/11/DSC00986-2-768x431.jpg,https://thekabilincenter.org/cape/,DSC00986-2-768x431.jpg
vestments-and-linens,CHASUBLE,vestments-and-linens-chasuble-3,019-DSC01009-2-scaled.jpg,../tod-gallery-images/vestments-and-linens/019-DSC01009-2-scaled.jpg,"CHASUBLE

Saints Peter and Paul Parish Church

Santa Fe, Bantayan Island, Cebu

Accession no. BIPM-RO-SV-029",,"Santa Fe, Bantayan Island, Cebu",,,,Saints Peter and Paul Parish Church,BIPM-RO-SV-029,13,parent_anchor_img+child_elementor_text_editor+attachment_metadata+label-and-pattern,,https://thekabilincenter.org/wp-content/uploads/2023/11/DSC01009-2-1-scaled.jpg,https://thekabilincenter.org/chasuble-3/,CHASUBLE,,true,https://thekabilincenter.org/wp-content/uploads/2023/11/DSC01009-2-768x284.jpg,https://thekabilincenter.org/chasuble-3/,DSC01009-2-768x284.jpg
vestments-and-linens,DALMATIC (PAIR),vestments-and-linens-dalmatic-pair,020-DSC01021-2-scaled.jpg,../tod-gallery-images/vestments-and-linens/020-DSC01021-2-scaled.jpg,"DALMATIC (PAIR)

Height: 92cm

Saints Peter and Paul Parish Church

Santa Fe, Bantayan Island, Cebu

Accession no. BIPM-RO-SV-031",,"Santa Fe, Bantayan Island, Cebu",,Height: 92cm,,Saints Peter and Paul Parish Church,BIPM-RO-SV-031,14,parent_anchor_img+child_elementor_text_editor+attachment_metadata+label-and-pattern,,https://thekabilincenter.org/wp-content/uploads/2023/11/DSC01021-2-1-scaled.jpg,https://thekabilincenter.org/dalmatic-pair/,DALMATIC (PAIR),,true,https://thekabilincenter.org/wp-content/uploads/2023/11/DSC01021-2-768x457.jpg,https://thekabilincenter.org/dalmatic-pair/,DSC01021-2-768x457.jpg
vestments-and-linens,CHASUBLE,vestments-and-linens-chasuble-4,021-DSC01066-2-scaled.jpg,../tod-gallery-images/vestments-and-linens/021-DSC01066-2-scaled.jpg,"CHASUBLE

With abaca filler

Saints Peter and Paul Parish Church

Santa Fe, Bantayan Island, Cebu

Accession no. BIPM-RO-SV-030",,"Santa Fe, Bantayan Island, Cebu",,,,Saints Peter and Paul Parish Church,BIPM-RO-SV-030,15,parent_anchor_img+child_elementor_text_editor+attachment_metadata+label-and-pattern,Unresolved description block(s): With abaca filler,https://thekabilincenter.org/wp-content/uploads/2023/11/DSC01066-2-1-scaled.jpg,https://thekabilincenter.org/chasuble-4/,CHASUBLE,,true,https://thekabilincenter.org/wp-content/uploads/2023/11/DSC01066-2-768x287.jpg,https://thekabilincenter.org/chasuble-4/,DSC01066-2-768x287.jpg
vestments-and-linens,SHOES,vestments-and-linens-shoes,022-DSC00881-scaled.jpg,../tod-gallery-images/vestments-and-linens/022-DSC00881-scaled.jpg,"SHOES

San Guillermo de Aquitania Parish Church

Dalaguete, Cebu",,"Dalaguete, Cebu",,,,San Guillermo de Aquitania Parish Church,,16,parent_anchor_img+child_elementor_text_editor+attachment_metadata+label-and-pattern,,https://thekabilincenter.org/wp-content/uploads/2023/11/DSC00881-1-scaled.jpg,https://thekabilincenter.org/shoes/,SHOES,,true,https://thekabilincenter.org/wp-content/uploads/2023/11/DSC00881-768x502.jpg,https://thekabilincenter.org/shoes/,DSC00881-768x502.jpg
